{
    "Description": {
        "Cost": 8800000,
        "Rarity": 4,
        "Purchasable": true,
        "Manufacturer": "",
        "Model": "",
        "UIName": "Highlander",
        "Id": "chassisdef_highlander_HGN-733",
        "Name": "Highlander",
        "Details": "The Highlander 733 is one of the few jump-capable assault 'Mechs. A mixture of medium- and long-range weaponry ensures that while the Highlander excels at no particular role, it is decent at all of them.",
        "Icon": "uixTxrIcon_highlander"
    },
    "MovementCapDefID": "movedef_highlander_HGN-733",
    "PathingCapDefID": "pathingdef_assault",
    "HardpointDataDefID": "hardpointdatadef_highlander",
    "PrefabIdentifier": "chrPrfMech_highlanderBase-001",
    "PrefabBase": "highlander",
    "Tonnage": 90,
    "InitialTonnage": 29.5,
    "weightClass": "ASSAULT",
    "BattleValue": 9642000,
    "Heatsinks": 0,
    "TopSpeed": 105,
    "TurnRadius": 90,
    "MaxJumpjets": 3,
    "Stability": 100,
    "StabilityDefenses": [
        0,
        0,
        0,
        0,
        0,
        0
    ],
    "SpotterDistanceMultiplier": 1,
    "VisibilityMultiplier": 1,
    "SensorRangeMultiplier": 1,
    "Signature": 0,
    "Radius": 8,
    "PunchesWithLeftArm": false,
    "MeleeDamage": 115,
    "MeleeInstability": 90,
    "MeleeToHitModifier": 0,
    "DFADamage": 115,
    "DFAToHitModifier": 0,
    "DFASelfDamage": 115,
    "DFAInstability": 115,
    "Locations": [
        {
            "Location": "Head",
            "Hardpoints": [],
            "Tonnage": 0,
            "InventorySlots": 1,
            "MaxArmor": 45,
            "MaxRearArmor": -1,
            "InternalStructure": 16
        },
        {
            "Location": "LeftArm",
            "Hardpoints": [
                {
                    "WeaponMount": "Missile",
                    "Omni": false
                },
                {
                    "WeaponMount": "Missile",
                    "Omni": false
                }
            ],
            "Tonnage": 0,
            "InventorySlots": 8,
            "MaxArmor": 150,
            "MaxRearArmor": -1,
            "InternalStructure": 75
        },
        {
            "Location": "LeftTorso",
            "Hardpoints": [
                {
                    "WeaponMount": "Missile",
                    "Omni": false
                },
                {
                    "WeaponMount": "Missile",
                    "Omni": false
                }
            ],
            "Tonnage": 0,
            "InventorySlots": 10,
            "MaxArmor": 190,
            "MaxRearArmor": 95,
            "InternalStructure": 95
        },
        {
            "Location": "CenterTorso",
            "Hardpoints": [],
            "Tonnage": 0,
            "InventorySlots": 4,
            "MaxArmor": 290,
            "MaxRearArmor": 145,
            "InternalStructure": 145
        },
        {
            "Location": "RightTorso",
            "Hardpoints": [
                {
                    "WeaponMount": "Energy",
                    "Omni": false
                },
                {
                    "WeaponMount": "Energy",
                    "Omni": false
                },
                {
                    "WeaponMount": "AntiPersonnel",
                    "Omni": false
                }
            ],
            "Tonnage": 0,
            "InventorySlots": 10,
            "MaxArmor": 190,
            "MaxRearArmor": 95,
            "InternalStructure": 95
        },
        {
            "Location": "RightArm",
            "Hardpoints": [
                {
                    "WeaponMount": "Ballistic",
                    "Omni": false
                }
            ],
            "Tonnage": 0,
            "InventorySlots": 8,
            "MaxArmor": 150,
            "MaxRearArmor": -1,
            "InternalStructure": 75
        },
        {
            "Location": "LeftLeg",
            "Hardpoints": [],
            "Tonnage": 0,
            "InventorySlots": 4,
            "MaxArmor": 190,
            "MaxRearArmor": -1,
            "InternalStructure": 95
        },
        {
            "Location": "RightLeg",
            "Hardpoints": [],
            "Tonnage": 0,
            "InventorySlots": 4,
            "MaxArmor": 190,
            "MaxRearArmor": -1,
            "InternalStructure": 95
        }
    ],
    "LOSSourcePositions": [
        {
            "x": 0,
            "y": 17,
            "z": 0
        },
        {
            "x": 5,
            "y": 16,
            "z": -1
        },
        {
            "x": -5,
            "y": 16,
            "z": -1
        }
    ],
    "LOSTargetPositions": [
        {
            "x": 0,
            "y": 17,
            "z": 0
        },
        {
            "x": 5,
            "y": 16,
            "z": -1
        },
        {
            "x": -5,
            "y": 16,
            "z": -1
        },
        {
            "x": 3.5,
            "y": 5.5,
            "z": 1
        },
        {
            "x": -3.5,
            "y": 5.5,
            "z": 1
        }
    ],
    "VariantName": "HGN-733",
    "ChassisTags": {
        "items": [],
        "tagSetSourceFile": ""
    },
    "StockRole": "Juggernaut & Heavy Cavalry",
    "YangsThoughts": "The Highlander 733 is one of the few jump-capable assault 'Mechs. A mixture of medium- and long-range weaponry ensures that while the Highlander excels at no particular role, it is decent at all of them."
}