{
    "Description": {
        "Cost": 7800000,
        "Rarity": 5,
        "Purchasable": true,
        "Manufacturer": "",
        "Model": "",
        "UIName": "Black Knight",
        "Id": "chassisdef_blackknight_BL-6-KNT",
        "Name": "Black Knight",
        "Details": "The Black Knight 6-KNT is a dedicated Energy weapon platform. It can shell out hellish damage with its beams and shrug off a lot of damage\u2026 just gotta make sure to keep its heat in check.",
        "Icon": "uixTxrIcon_blackknight"
    },
    "MovementCapDefID": "movedef_blackknight_BL-6-KNT",
    "PathingCapDefID": "pathingdef_heavy",
    "HardpointDataDefID": "hardpointdatadef_blackknight",
    "PrefabIdentifier": "chrPrfMech_blackknightBase-001",
    "PrefabBase": "blackknight",
    "Tonnage": 75,
    "InitialTonnage": 32.5,
    "weightClass": "HEAVY",
    "BattleValue": 7124000,
    "Heatsinks": 0,
    "TopSpeed": 64,
    "TurnRadius": 90,
    "MaxJumpjets": 4,
    "Stability": 100,
    "StabilityDefenses": [
        0,
        0,
        0,
        0,
        0,
        0
    ],
    "SpotterDistanceMultiplier": 1,
    "VisibilityMultiplier": 1,
    "SensorRangeMultiplier": 1,
    "Signature": 0,
    "Radius": 8,
    "PunchesWithLeftArm": false,
    "MeleeDamage": 95,
    "MeleeInstability": 75,
    "MeleeToHitModifier": 0,
    "DFADamage": 95,
    "DFAToHitModifier": 0,
    "DFASelfDamage": 95,
    "DFAInstability": 95,
    "Locations": [
        {
            "Location": "Head",
            "Hardpoints": [
                {
                    "WeaponMount": "Energy",
                    "Omni": false
                },
                {
                    "WeaponMount": "AntiPersonnel",
                    "Omni": false
                }
            ],
            "Tonnage": 0,
            "InventorySlots": 1,
            "MaxArmor": 45,
            "MaxRearArmor": -1,
            "InternalStructure": 16
        },
        {
            "Location": "LeftArm",
            "Hardpoints": [
                {
                    "WeaponMount": "Energy",
                    "Omni": false
                }
            ],
            "Tonnage": 0,
            "InventorySlots": 8,
            "MaxArmor": 120,
            "MaxRearArmor": -1,
            "InternalStructure": 60
        },
        {
            "Location": "LeftTorso",
            "Hardpoints": [
                {
                    "WeaponMount": "Energy",
                    "Omni": false
                },
                {
                    "WeaponMount": "Energy",
                    "Omni": false
                },
                {
                    "WeaponMount": "AntiPersonnel",
                    "Omni": false
                }
            ],
            "Tonnage": 0,
            "InventorySlots": 10,
            "MaxArmor": 160,
            "MaxRearArmor": 80,
            "InternalStructure": 80
        },
        {
            "Location": "CenterTorso",
            "Hardpoints": [],
            "Tonnage": 0,
            "InventorySlots": 4,
            "MaxArmor": 230,
            "MaxRearArmor": 115,
            "InternalStructure": 115
        },
        {
            "Location": "RightTorso",
            "Hardpoints": [
                {
                    "WeaponMount": "Energy",
                    "Omni": false
                },
                {
                    "WeaponMount": "Energy",
                    "Omni": false
                },
                {
                    "WeaponMount": "AntiPersonnel",
                    "Omni": false
                }
            ],
            "Tonnage": 0,
            "InventorySlots": 10,
            "MaxArmor": 160,
            "MaxRearArmor": 80,
            "InternalStructure": 80
        },
        {
            "Location": "RightArm",
            "Hardpoints": [
                {
                    "WeaponMount": "Energy",
                    "Omni": false
                },
                {
                    "WeaponMount": "Energy",
                    "Omni": false
                }
            ],
            "Tonnage": 0,
            "InventorySlots": 8,
            "MaxArmor": 120,
            "MaxRearArmor": -1,
            "InternalStructure": 60
        },
        {
            "Location": "LeftLeg",
            "Hardpoints": [],
            "Tonnage": 0,
            "InventorySlots": 4,
            "MaxArmor": 160,
            "MaxRearArmor": -1,
            "InternalStructure": 80
        },
        {
            "Location": "RightLeg",
            "Hardpoints": [],
            "Tonnage": 0,
            "InventorySlots": 4,
            "MaxArmor": 160,
            "MaxRearArmor": -1,
            "InternalStructure": 80
        }
    ],
    "LOSSourcePositions": [
        {
            "x": 0,
            "y": 18,
            "z": 1
        },
        {
            "x": 4,
            "y": 16,
            "z": 0
        },
        {
            "x": -4,
            "y": 16,
            "z": 0
        }
    ],
    "LOSTargetPositions": [
        {
            "x": 0,
            "y": 18,
            "z": 1
        },
        {
            "x": 4,
            "y": 16,
            "z": 0
        },
        {
            "x": -4,
            "y": 16,
            "z": 0
        },
        {
            "x": 3,
            "y": 6,
            "z": 0
        },
        {
            "x": -3,
            "y": 6,
            "z": 0
        }
    ],
    "VariantName": "BL-6-KNT",
    "ChassisTags": {
        "items": [],
        "tagSetSourceFile": ""
    },
    "StockRole": "Brawler & Ranged Assault",
    "YangsThoughts": "The Black Knight 6-KNT is a dedicated Energy weapon platform. It can shell out hellish damage with its beams and shrug off a lot of damage\u2026 just gotta make sure to keep its heat in check."
}