{
    "Description": {
        "Cost": 3500000,
        "Rarity": 1,
        "Purchasable": true,
        "Manufacturer": "",
        "Model": "",
        "UIName": "Blackjack",
        "Id": "chassisdef_blackjack_BJ-1",
        "Name": "Blackjack",
        "Details": "Blackjack 1s are solid, well-rounded 'Mechs for their tonnage. They typically mount Jump Jets, which give them an extra edge by repositioning quickly to keep a direct line of fire for their Autocannons.",
        "Icon": "uixTxrIcon_blackjack"
    },
    "MovementCapDefID": "movedef_blackjack_BJ-1",
    "PathingCapDefID": "pathingdef_medium",
    "HardpointDataDefID": "hardpointdatadef_blackjack",
    "PrefabIdentifier": "chrPrfMech_blackjackBase-001",
    "PrefabBase": "blackjack",
    "Tonnage": 45,
    "InitialTonnage": 16.5,
    "weightClass": "MEDIUM",
    "BattleValue": 4067000,
    "Heatsinks": 0,
    "TopSpeed": 120,
    "TurnRadius": 90,
    "MaxJumpjets": 4,
    "Stability": 100,
    "StabilityDefenses": [
        0,
        0,
        0,
        0,
        0,
        0
    ],
    "SpotterDistanceMultiplier": 1,
    "VisibilityMultiplier": 1,
    "SensorRangeMultiplier": 1,
    "Signature": 0,
    "Radius": 5,
    "PunchesWithLeftArm": false,
    "MeleeDamage": 40,
    "MeleeInstability": 45,
    "MeleeToHitModifier": 0,
    "DFADamage": 55,
    "DFAToHitModifier": 0,
    "DFASelfDamage": 55,
    "DFAInstability": 55,
    "Locations": [
        {
            "Location": "Head",
            "Hardpoints": [],
            "Tonnage": 0,
            "InventorySlots": 1,
            "MaxArmor": 45,
            "MaxRearArmor": -1,
            "InternalStructure": 16
        },
        {
            "Location": "LeftArm",
            "Hardpoints": [
                {
                    "WeaponMount": "Energy",
                    "Omni": false
                },
                {
                    "WeaponMount": "Ballistic",
                    "Omni": false
                }
            ],
            "Tonnage": 0,
            "InventorySlots": 8,
            "MaxArmor": 70,
            "MaxRearArmor": -1,
            "InternalStructure": 35
        },
        {
            "Location": "LeftTorso",
            "Hardpoints": [
                {
                    "WeaponMount": "Energy",
                    "Omni": false
                },
                {
                    "WeaponMount": "AntiPersonnel",
                    "Omni": false
                }
            ],
            "Tonnage": 0,
            "InventorySlots": 10,
            "MaxArmor": 110,
            "MaxRearArmor": 55,
            "InternalStructure": 55
        },
        {
            "Location": "CenterTorso",
            "Hardpoints": [],
            "Tonnage": 0,
            "InventorySlots": 4,
            "MaxArmor": 140,
            "MaxRearArmor": 70,
            "InternalStructure": 70
        },
        {
            "Location": "RightTorso",
            "Hardpoints": [
                {
                    "WeaponMount": "Energy",
                    "Omni": false
                },
                {
                    "WeaponMount": "AntiPersonnel",
                    "Omni": false
                }
            ],
            "Tonnage": 0,
            "InventorySlots": 10,
            "MaxArmor": 110,
            "MaxRearArmor": 55,
            "InternalStructure": 55
        },
        {
            "Location": "RightArm",
            "Hardpoints": [
                {
                    "WeaponMount": "Energy",
                    "Omni": false
                },
                {
                    "WeaponMount": "Ballistic",
                    "Omni": false
                }
            ],
            "Tonnage": 0,
            "InventorySlots": 8,
            "MaxArmor": 70,
            "MaxRearArmor": -1,
            "InternalStructure": 35
        },
        {
            "Location": "LeftLeg",
            "Hardpoints": [],
            "Tonnage": 0,
            "InventorySlots": 4,
            "MaxArmor": 110,
            "MaxRearArmor": -1,
            "InternalStructure": 55
        },
        {
            "Location": "RightLeg",
            "Hardpoints": [],
            "Tonnage": 0,
            "InventorySlots": 4,
            "MaxArmor": 110,
            "MaxRearArmor": -1,
            "InternalStructure": 55
        }
    ],
    "LOSSourcePositions": [
        {
            "x": 0,
            "y": 14,
            "z": 0
        },
        {
            "x": 4,
            "y": 14,
            "z": 0
        },
        {
            "x": -4,
            "y": 14,
            "z": 0
        }
    ],
    "LOSTargetPositions": [
        {
            "x": 0,
            "y": 14,
            "z": 0
        },
        {
            "x": 4,
            "y": 14,
            "z": 0
        },
        {
            "x": -4,
            "y": 14,
            "z": 0
        },
        {
            "x": 2.5,
            "y": 6,
            "z": 2.5
        },
        {
            "x": -2.5,
            "y": 6,
            "z": 2.5
        }
    ],
    "VariantName": "BJ-1",
    "ChassisTags": {
        "items": [],
        "tagSetSourceFile": ""
    },
    "StockRole": "Fire Support & Skirmisher",
    "YangsThoughts": "Blackjack 1s are solid, well-rounded 'Mechs for their tonnage. They typically mount Jump Jets, which give them an extra edge by repositioning quickly to keep a direct line of fire for their Autocannons."
}