{
    "Description": {
        "Cost": 4600000,
        "Rarity": 2,
        "Purchasable": true,
        "Manufacturer": "",
        "Model": "",
        "UIName": "Trebuchet",
        "Id": "chassisdef_trebuchet_TBT-5N",
        "Name": "Trebuchet",
        "Details": "One of the lightest dedicated fire support 'Mechs to be found, the Trebuchet 5N can mount enough missiles to give even heavy units pause. However, 'Trenchbuckets' are known for running hot and don't have much in the way of protection.",
        "Icon": "uixTxrIcon_trebuchet"
    },
    "MovementCapDefID": "movedef_trebuchet_TBT-5N",
    "PathingCapDefID": "pathingdef_medium",
    "HardpointDataDefID": "hardpointdatadef_trebuchet",
    "PrefabIdentifier": "chrPrfMech_trebuchetBase-001",
    "PrefabBase": "trebuchet",
    "Tonnage": 50,
    "InitialTonnage": 23.5,
    "weightClass": "MEDIUM",
    "BattleValue": 4665000,
    "Heatsinks": 0,
    "TopSpeed": 80,
    "TurnRadius": 90,
    "MaxJumpjets": 5,
    "Stability": 100,
    "StabilityDefenses": [
        0,
        0,
        0,
        0,
        0,
        0
    ],
    "SpotterDistanceMultiplier": 1,
    "VisibilityMultiplier": 1,
    "SensorRangeMultiplier": 1,
    "Signature": 0,
    "Radius": 5,
    "PunchesWithLeftArm": true,
    "MeleeDamage": 65,
    "MeleeInstability": 50,
    "MeleeToHitModifier": 0,
    "DFADamage": 65,
    "DFAToHitModifier": 0,
    "DFASelfDamage": 65,
    "DFAInstability": 65,
    "Locations": [
        {
            "Location": "Head",
            "Hardpoints": [],
            "Tonnage": 0,
            "InventorySlots": 1,
            "MaxArmor": 45,
            "MaxRearArmor": -1,
            "InternalStructure": 16
        },
        {
            "Location": "LeftArm",
            "Hardpoints": [
                {
                    "WeaponMount": "Missile",
                    "Omni": false
                },
                {
                    "WeaponMount": "Energy",
                    "Omni": false
                }
            ],
            "Tonnage": 0,
            "InventorySlots": 8,
            "MaxArmor": 80,
            "MaxRearArmor": -1,
            "InternalStructure": 40
        },
        {
            "Location": "LeftTorso",
            "Hardpoints": [],
            "Tonnage": 0,
            "InventorySlots": 10,
            "MaxArmor": 120,
            "MaxRearArmor": 60,
            "InternalStructure": 60
        },
        {
            "Location": "CenterTorso",
            "Hardpoints": [],
            "Tonnage": 0,
            "InventorySlots": 4,
            "MaxArmor": 120,
            "MaxRearArmor": 80,
            "InternalStructure": 80
        },
        {
            "Location": "RightTorso",
            "Hardpoints": [
                {
                    "WeaponMount": "Missile",
                    "Omni": false
                }
            ],
            "Tonnage": 0,
            "InventorySlots": 10,
            "MaxArmor": 120,
            "MaxRearArmor": 60,
            "InternalStructure": 60
        },
        {
            "Location": "RightArm",
            "Hardpoints": [
                {
                    "WeaponMount": "Energy",
                    "Omni": false
                },
                {
                    "WeaponMount": "Energy",
                    "Omni": false
                },
                {
                    "WeaponMount": "Energy",
                    "Omni": false
                }
            ],
            "Tonnage": 0,
            "InventorySlots": 8,
            "MaxArmor": 80,
            "MaxRearArmor": -1,
            "InternalStructure": 40
        },
        {
            "Location": "LeftLeg",
            "Hardpoints": [],
            "Tonnage": 0,
            "InventorySlots": 4,
            "MaxArmor": 120,
            "MaxRearArmor": -1,
            "InternalStructure": 60
        },
        {
            "Location": "RightLeg",
            "Hardpoints": [],
            "Tonnage": 0,
            "InventorySlots": 4,
            "MaxArmor": 120,
            "MaxRearArmor": -1,
            "InternalStructure": 60
        }
    ],
    "LOSSourcePositions": [
        {
            "x": 0,
            "y": 15,
            "z": 0
        },
        {
            "x": 4,
            "y": 14,
            "z": 0
        },
        {
            "x": -4,
            "y": 14,
            "z": 0
        }
    ],
    "LOSTargetPositions": [
        {
            "x": 0,
            "y": 15,
            "z": 0
        },
        {
            "x": 4,
            "y": 14,
            "z": 0
        },
        {
            "x": -4,
            "y": 14,
            "z": 0
        },
        {
            "x": 2.5,
            "y": 6,
            "z": 2.5
        },
        {
            "x": -2.5,
            "y": 6,
            "z": 2.5
        }
    ],
    "VariantName": "TBT-5N",
    "ChassisTags": {
        "items": [],
        "tagSetSourceFile": ""
    },
    "StockRole": "Fire Support",
    "YangsThoughts": "One of the lightest dedicated fire support 'Mechs to be found, the Trebuchet 5N can mount enough missiles to give even heavy units pause. However, 'Trenchbuckets' are known for running hot and don't have much in the way of protection."
}