{
    "Description": {
        "Cost": 7800000,
        "Rarity": 4,
        "Purchasable": true,
        "Manufacturer": "",
        "Model": "",
        "UIName": "Awesome",
        "Id": "chassisdef_awesome_AWS-8Q",
        "Name": "Awesome",
        "Details": "A 'Mech that truly lives up to its name! The Awesome 8Q mounts a frightening trio of PPCs that can destroy, knock down, or debilitate any target in no time. It's ungainly, but it can shrug off huge amounts of incoming fire.",
        "Icon": "uixTxrIcon_awesome"
    },
    "MovementCapDefID": "movedef_awesome_AWS-8Q",
    "PathingCapDefID": "pathingdef_assault",
    "HardpointDataDefID": "hardpointdatadef_awesome",
    "PrefabIdentifier": "chrPrfMech_awesomeBase-001",
    "PrefabBase": "awesome",
    "Tonnage": 80,
    "InitialTonnage": 25.5,
    "weightClass": "ASSAULT",
    "BattleValue": 7718000,
    "Heatsinks": 0,
    "TopSpeed": 105,
    "TurnRadius": 90,
    "MaxJumpjets": 3,
    "Stability": 100,
    "StabilityDefenses": [
        0,
        0,
        0,
        0,
        0,
        0
    ],
    "SpotterDistanceMultiplier": 1,
    "VisibilityMultiplier": 1,
    "SensorRangeMultiplier": 1,
    "Signature": 0,
    "Radius": 8,
    "PunchesWithLeftArm": true,
    "MeleeDamage": 120,
    "MeleeInstability": 80,
    "MeleeToHitModifier": 0,
    "DFADamage": 100,
    "DFAToHitModifier": 0,
    "DFASelfDamage": 100,
    "DFAInstability": 100,
    "Locations": [
        {
            "Location": "Head",
            "Hardpoints": [
                {
                    "WeaponMount": "Energy",
                    "Omni": false
                },
                {
                    "WeaponMount": "AntiPersonnel",
                    "Omni": false
                }
            ],
            "Tonnage": 0,
            "InventorySlots": 1,
            "MaxArmor": 45,
            "MaxRearArmor": -1,
            "InternalStructure": 16
        },
        {
            "Location": "LeftArm",
            "Hardpoints": [],
            "Tonnage": 0,
            "InventorySlots": 8,
            "MaxArmor": 130,
            "MaxRearArmor": -1,
            "InternalStructure": 65
        },
        {
            "Location": "LeftTorso",
            "Hardpoints": [
                {
                    "WeaponMount": "Energy",
                    "Omni": false
                },
                {
                    "WeaponMount": "Energy",
                    "Omni": false
                }
            ],
            "Tonnage": 0,
            "InventorySlots": 10,
            "MaxArmor": 170,
            "MaxRearArmor": 85,
            "InternalStructure": 85
        },
        {
            "Location": "CenterTorso",
            "Hardpoints": [],
            "Tonnage": 0,
            "InventorySlots": 4,
            "MaxArmor": 250,
            "MaxRearArmor": 125,
            "InternalStructure": 125
        },
        {
            "Location": "RightTorso",
            "Hardpoints": [
                {
                    "WeaponMount": "Energy",
                    "Omni": false
                },
                {
                    "WeaponMount": "Energy",
                    "Omni": false
                }
            ],
            "Tonnage": 0,
            "InventorySlots": 10,
            "MaxArmor": 170,
            "MaxRearArmor": 85,
            "InternalStructure": 85
        },
        {
            "Location": "RightArm",
            "Hardpoints": [
                {
                    "WeaponMount": "Energy",
                    "Omni": false
                },
                {
                    "WeaponMount": "Energy",
                    "Omni": false
                }
            ],
            "Tonnage": 0,
            "InventorySlots": 8,
            "MaxArmor": 130,
            "MaxRearArmor": -1,
            "InternalStructure": 65
        },
        {
            "Location": "LeftLeg",
            "Hardpoints": [],
            "Tonnage": 0,
            "InventorySlots": 4,
            "MaxArmor": 170,
            "MaxRearArmor": -1,
            "InternalStructure": 85
        },
        {
            "Location": "RightLeg",
            "Hardpoints": [],
            "Tonnage": 0,
            "InventorySlots": 4,
            "MaxArmor": 170,
            "MaxRearArmor": -1,
            "InternalStructure": 85
        }
    ],
    "LOSSourcePositions": [
        {
            "x": 0,
            "y": 14,
            "z": 0
        },
        {
            "x": 4,
            "y": 15,
            "z": -1
        },
        {
            "x": -4,
            "y": 15,
            "z": -1
        }
    ],
    "LOSTargetPositions": [
        {
            "x": 0,
            "y": 14,
            "z": 0
        },
        {
            "x": 4,
            "y": 15,
            "z": -1
        },
        {
            "x": -4,
            "y": 15,
            "z": -1
        },
        {
            "x": 3.5,
            "y": 5.5,
            "z": 1
        },
        {
            "x": -3.5,
            "y": 5.5,
            "z": 1
        }
    ],
    "VariantName": "AWS-8Q",
    "ChassisTags": {
        "items": [],
        "tagSetSourceFile": ""
    },
    "StockRole": "Heavy Sniper & Defender",
    "YangsThoughts": "A 'Mech that truly lives up to its name! The Awesome 8Q mounts a frightening trio of PPCs that can destroy, knock down, or debilitate any target in no time. It's ungainly, but it can shrug off huge amounts of incoming fire."
}