{
    "Description": {
        "Id": "chassisdef_urbanmech_TARGETDUMMY",
        "Name": "Target Dummy",
        "Details": "The UrbanMech R60 was designed for exactly what the name implies: combat in dense urban areas. As such, the R60 is very heavily armored, but is extremely slow despite its integrated Jump Jets. Armed with a Small Laser and an AC/10, the R60 is a deadly opponent against similarly-sized 'Mechs - if it can get close enough to fight them.",
        "Icon": "chrPrfMech_urbanmechBase-001_portrait",
        "Cost": 1600000,
        "Rarity": 0,
        "Purchasable": false
    },
    "ChassisTags" : {
        "items" : [
		"BLACKLISTED"
        ],
        "tagSetSourceFile" : ""
    },
    "StockRole": "",
	"YangsThoughts": "",
    "VariantName": "UM-R60",
    "PrefabIdentifier": "chrPrfMech_urbanmechBase-001",
    "PrefabBase": "urbanmech",
    "Tonnage": 30,
    "InitialTonnage": 8.5,
    "weightClass": "LIGHT",
    "BattleValue": 1892000,
    "Heatsinks": 0,
    "TopSpeed": 85,
    "TurnRadius": 90,
    "MaxJumpjets": 4,
    "Stability": 100,
    "StabilityDefenses": [
        0,
        0,
        0,
        0,
        0,
        0
    ],
    "SpotterDistanceMultiplier": 1.0,
    "VisibilityMultiplier": 1.0,
    "SensorRangeMultiplier": 1,
    "Signature": 0,
    "Radius": 4,
    "PunchesWithLeftArm": false,
    "EngageRangeModifier": 0,
    "MeleeDamage": 40,
    "MeleeInstability": 30,
    "MeleeToHitModifier": 0,
    "DFADamage": 40,
    "DFAToHitModifier": 0,
    "DFASelfDamage": 40,
    "DFAInstability": 40,
    "Head": {
        "Location": "Head",
        "Hardpoints": [],
        "Tonnage": 0,
        "InventorySlots": 1,
        "MaxArmor": 45,
        "MaxRearArmor": -1,
        "InternalStructure": 1
    },
    "LeftArm": {
        "Location": "LeftArm",
        "Hardpoints": [
        ],
        "Tonnage": 0,
        "InventorySlots": 8,
        "MaxArmor": 50,
        "MaxRearArmor": -1,
        "InternalStructure": 1
    },
    "LeftTorso": {
        "Location": "LeftTorso",
        "Hardpoints": [],
        "Tonnage": 0,
        "InventorySlots": 10,
        "MaxArmor": 70,
        "MaxRearArmor": 70,
        "InternalStructure": 1
    },
    "CenterTorso": {
        "Location": "CenterTorso",
        "Hardpoints": [],
        "Tonnage": 0,
        "InventorySlots": 4,
        "MaxArmor": 100,
        "MaxRearArmor": 100,
        "InternalStructure": 1
    },
    "RightTorso": {
        "Location": "RightTorso",
        "Hardpoints": [],
        "Tonnage": 0,
        "InventorySlots": 10,
        "MaxArmor": 70,
        "MaxRearArmor": 70,
        "InternalStructure": 1
    },
    "RightArm": {
        "Location": "RightArm",
        "Hardpoints": [
        ],
        "Tonnage": 0,
        "InventorySlots": 8,
        "MaxArmor": 50,
        "MaxRearArmor": -1,
        "InternalStructure": 1
    },
    "LeftLeg": {
        "Location": "LeftLeg",
        "Hardpoints": [],
        "Tonnage": 0,
        "InventorySlots": 4,
        "MaxArmor": 70,
        "MaxRearArmor": -1,
        "InternalStructure": 1
    },
    "RightLeg": {
        "Location": "RightLeg",
        "Hardpoints": [],
        "Tonnage": 0,
        "InventorySlots": 4,
        "MaxArmor": 70,
        "MaxRearArmor": -1,
        "InternalStructure": 1
    },
    "MovementCapDefID": "movedef_urbanmech_UM-R60",
    "PathingCapDefID": "pathingdef_light",
    "HardpointDataDefID": "hardpointdatadef_urbanmech",
    "LOSSourcePositions": [
        {
            "x": 0,
            "y": 9.5,
            "z": 0.5
        },
        {
            "x": -2.5,
            "y": 8.5,
            "z": -0.5
        },
        {
            "x": 2.5,
            "y": 8.5,
            "z": -0.5
        }
    ],
    "LOSTargetPositions": [
        {
            "x": 0,
            "y": 9.5,
            "z": 0.5
        },
        {
            "x": -2.5,
            "y": 8.5,
            "z": -0.5
        },
        {
            "x": 2.5,
            "y": 8.5,
            "z": -0.5
        },
        {
            "x": -1.5,
            "y": 3,
            "z": 0.5
        },
        {
            "x": 1.5,
            "y": 3,
            "z": 0.5
        }
    ],
    "Locations": [
        {
            "Location": "Head",
            "Hardpoints": [],
            "Tonnage": 0,
            "InventorySlots": 1,
            "MaxArmor": 45,
            "MaxRearArmor": -1,
            "InternalStructure": 16
        },
        {
            "Location": "LeftArm",
            "Hardpoints": [
                {
                    "WeaponMount": "AntiPersonnel",
                    "Omni": false
                }
            ],
            "Tonnage": 0,
            "InventorySlots": 8,
            "MaxArmor": 50,
            "MaxRearArmor": -1,
            "InternalStructure": 25
        },
        {
            "Location": "LeftTorso",
            "Hardpoints": [],
            "Tonnage": 0,
            "InventorySlots": 10,
            "MaxArmor": 70,
            "MaxRearArmor": 70,
            "InternalStructure": 35
        },
        {
            "Location": "CenterTorso",
            "Hardpoints": [],
            "Tonnage": 0,
            "InventorySlots": 4,
            "MaxArmor": 100,
            "MaxRearArmor": 100,
            "InternalStructure": 50
        },
        {
            "Location": "RightTorso",
            "Hardpoints": [],
            "Tonnage": 0,
            "InventorySlots": 10,
            "MaxArmor": 70,
            "MaxRearArmor": 70,
            "InternalStructure": 35
        },
        {
            "Location": "RightArm",
            "Hardpoints": [
                {
                    "WeaponMount": "Ballistic",
                    "Omni": false
                }
            ],
            "Tonnage": 0,
            "InventorySlots": 8,
            "MaxArmor": 50,
            "MaxRearArmor": -1,
            "InternalStructure": 25
        },
        {
            "Location": "LeftLeg",
            "Hardpoints": [],
            "Tonnage": 0,
            "InventorySlots": 4,
            "MaxArmor": 70,
            "MaxRearArmor": -1,
            "InternalStructure": 35
        },
        {
            "Location": "RightLeg",
            "Hardpoints": [],
            "Tonnage": 0,
            "InventorySlots": 4,
            "MaxArmor": 70,
            "MaxRearArmor": -1,
            "InternalStructure": 35
        }
    ]
}