{
    "Description": {
        "Cost": 8300000,
        "Rarity": 4,
        "Purchasable": true,
        "Manufacturer": "",
        "Model": "",
        "UIName": "Zeus",
        "Id": "chassisdef_zeus_ZEU-6S",
        "Name": "Zeus",
        "Details": "The Zeus 6S moves faster than many other assault 'Mechs and mounts decent long-range weaponry. Its armor is very good, but it can get stuck in a tight spot if forced into closer-range fights.",
        "Icon": "uixTxrIcon_zeus"
    },
    "MovementCapDefID": "movedef_zeus_ZEU-6S",
    "PathingCapDefID": "pathingdef_assault",
    "HardpointDataDefID": "hardpointdatadef_zeus",
    "PrefabIdentifier": "chrPrfMech_zeusBase-001",
    "PrefabBase": "zeus",
    "Tonnage": 80,
    "InitialTonnage": 37.5,
    "weightClass": "ASSAULT",
    "BattleValue": 7814000,
    "Heatsinks": 0,
    "TopSpeed": 120,
    "TurnRadius": 90,
    "MaxJumpjets": 3,
    "Stability": 100,
    "StabilityDefenses": [
        0,
        0,
        0,
        0,
        0,
        0
    ],
    "SpotterDistanceMultiplier": 1,
    "VisibilityMultiplier": 1,
    "SensorRangeMultiplier": 1,
    "Signature": 0,
    "Radius": 8,
    "PunchesWithLeftArm": false,
    "MeleeDamage": 110,
    "MeleeInstability": 80,
    "MeleeToHitModifier": 0,
    "DFADamage": 100,
    "DFAToHitModifier": 0,
    "DFASelfDamage": 100,
    "DFAInstability": 100,
    "Locations": [
        {
            "Location": "Head",
            "Hardpoints": [],
            "Tonnage": 0,
            "InventorySlots": 1,
            "MaxArmor": 45,
            "MaxRearArmor": -1,
            "InternalStructure": 16
        },
        {
            "Location": "LeftArm",
            "Hardpoints": [
                {
                    "WeaponMount": "Ballistic",
                    "Omni": false
                },
                {
                    "WeaponMount": "Ballistic",
                    "Omni": false
                }
            ],
            "Tonnage": 0,
            "InventorySlots": 8,
            "MaxArmor": 130,
            "MaxRearArmor": -1,
            "InternalStructure": 65
        },
        {
            "Location": "LeftTorso",
            "Hardpoints": [
                {
                    "WeaponMount": "Energy",
                    "Omni": false
                },
                {
                    "WeaponMount": "Energy",
                    "Omni": false
                },
                {
                    "WeaponMount": "Energy",
                    "Omni": false
                }
            ],
            "Tonnage": 0,
            "InventorySlots": 10,
            "MaxArmor": 170,
            "MaxRearArmor": 85,
            "InternalStructure": 85
        },
        {
            "Location": "CenterTorso",
            "Hardpoints": [
                {
                    "WeaponMount": "Energy",
                    "Omni": false
                },
                {
                    "WeaponMount": "AntiPersonnel",
                    "Omni": false
                }
            ],
            "Tonnage": 0,
            "InventorySlots": 4,
            "MaxArmor": 250,
            "MaxRearArmor": 125,
            "InternalStructure": 125
        },
        {
            "Location": "RightTorso",
            "Hardpoints": [],
            "Tonnage": 0,
            "InventorySlots": 10,
            "MaxArmor": 170,
            "MaxRearArmor": 85,
            "InternalStructure": 85
        },
        {
            "Location": "RightArm",
            "Hardpoints": [
                {
                    "WeaponMount": "Missile",
                    "Omni": false
                }
            ],
            "Tonnage": 0,
            "InventorySlots": 8,
            "MaxArmor": 130,
            "MaxRearArmor": -1,
            "InternalStructure": 65
        },
        {
            "Location": "LeftLeg",
            "Hardpoints": [],
            "Tonnage": 0,
            "InventorySlots": 4,
            "MaxArmor": 170,
            "MaxRearArmor": -1,
            "InternalStructure": 85
        },
        {
            "Location": "RightLeg",
            "Hardpoints": [],
            "Tonnage": 0,
            "InventorySlots": 4,
            "MaxArmor": 170,
            "MaxRearArmor": -1,
            "InternalStructure": 85
        }
    ],
    "LOSSourcePositions": [
        {
            "x": 0,
            "y": 17,
            "z": 0
        },
        {
            "x": 5,
            "y": 16,
            "z": -1
        },
        {
            "x": -5,
            "y": 16,
            "z": -1
        }
    ],
    "LOSTargetPositions": [
        {
            "x": 0,
            "y": 17,
            "z": 0
        },
        {
            "x": 5,
            "y": 16,
            "z": -1
        },
        {
            "x": -5,
            "y": 16,
            "z": -1
        },
        {
            "x": 3.5,
            "y": 5.5,
            "z": 1
        },
        {
            "x": -3.5,
            "y": 5.5,
            "z": 1
        }
    ],
    "VariantName": "ZEU-6S",
    "ChassisTags": {
        "items": [],
        "tagSetSourceFile": ""
    },
    "StockRole": "Fire Support & Ranged Assault",
    "YangsThoughts": "The Zeus 6S moves faster than many other assault 'Mechs and mounts decent long-range weaponry. Its armor is very good, but it can get stuck in a tight spot if forced into closer-range fights."
}