{
    "Description": {
        "Cost": 8600000,
        "Rarity": 2,
        "Purchasable": false,
        "Manufacturer": "",
        "Model": "",
        "UIName": "Griffin",
        "Id": "chassisdef_griffin_GRF-4N",
        "Name": "Griffin",
        "Details": "The Griffin 4N is an old Star League model that was among the most versatile 'Mechs in its heyday. Its weapons generated a lot of heat, but the old Double Heat Sinks were put in to handle it. It's almost impossible to find those anymore, though.",
        "Icon": "uixTxrIcon_griffin"
    },
    "MovementCapDefID": "movedef_griffin_GRF-1N",
    "PathingCapDefID": "pathingdef_medium",
    "HardpointDataDefID": "hardpointdatadef_griffin",
    "PrefabIdentifier": "chrPrfMech_griffinBase-001",
    "PrefabBase": "griffin",
    "Tonnage": 55,
    "InitialTonnage": 22,
    "weightClass": "MEDIUM",
    "BattleValue": 6088000,
    "Heatsinks": 0,
    "TopSpeed": 80,
    "TurnRadius": 90,
    "MaxJumpjets": 5,
    "Stability": 100,
    "StabilityDefenses": [
        0,
        0,
        0,
        0,
        0,
        0
    ],
    "SpotterDistanceMultiplier": 1,
    "VisibilityMultiplier": 1,
    "SensorRangeMultiplier": 1,
    "Signature": 0,
    "Radius": 5,
    "PunchesWithLeftArm": false,
    "MeleeDamage": 70,
    "MeleeInstability": 55,
    "MeleeToHitModifier": 0,
    "DFADamage": 70,
    "DFAToHitModifier": 0,
    "DFASelfDamage": 70,
    "DFAInstability": 70,
    "Locations": [
        {
            "Location": "Head",
            "Hardpoints": [],
            "Tonnage": 0,
            "InventorySlots": 1,
            "MaxArmor": 45,
            "MaxRearArmor": -1,
            "InternalStructure": 16
        },
        {
            "Location": "LeftArm",
            "Hardpoints": [],
            "Tonnage": 0,
            "InventorySlots": 8,
            "MaxArmor": 90,
            "MaxRearArmor": -1,
            "InternalStructure": 45
        },
        {
            "Location": "LeftTorso",
            "Hardpoints": [
                {
                    "WeaponMount": "Missile",
                    "Omni": false
                },
                {
                    "WeaponMount": "Missile",
                    "Omni": false
                }
            ],
            "Tonnage": 0,
            "InventorySlots": 10,
            "MaxArmor": 130,
            "MaxRearArmor": 65,
            "InternalStructure": 65
        },
        {
            "Location": "CenterTorso",
            "Hardpoints": [],
            "Tonnage": 0,
            "InventorySlots": 4,
            "MaxArmor": 180,
            "MaxRearArmor": 90,
            "InternalStructure": 90
        },
        {
            "Location": "RightTorso",
            "Hardpoints": [
                {
                    "WeaponMount": "Missile",
                    "Omni": false
                },
                {
                    "WeaponMount": "Missile",
                    "Omni": false
                }
            ],
            "Tonnage": 0,
            "InventorySlots": 10,
            "MaxArmor": 130,
            "MaxRearArmor": 65,
            "InternalStructure": 65
        },
        {
            "Location": "RightArm",
            "Hardpoints": [
                {
                    "WeaponMount": "Energy",
                    "Omni": false
                },
                {
                    "WeaponMount": "Energy",
                    "Omni": false
                },
                {
                    "WeaponMount": "AntiPersonnel",
                    "Omni": false
                },
                {
                    "WeaponMount": "AntiPersonnel",
                    "Omni": false
                }
            ],
            "Tonnage": 0,
            "InventorySlots": 8,
            "MaxArmor": 90,
            "MaxRearArmor": -1,
            "InternalStructure": 45
        },
        {
            "Location": "LeftLeg",
            "Hardpoints": [],
            "Tonnage": 0,
            "InventorySlots": 4,
            "MaxArmor": 130,
            "MaxRearArmor": -1,
            "InternalStructure": 65
        },
        {
            "Location": "RightLeg",
            "Hardpoints": [],
            "Tonnage": 0,
            "InventorySlots": 4,
            "MaxArmor": 130,
            "MaxRearArmor": -1,
            "InternalStructure": 65
        }
    ],
    "LOSSourcePositions": [
        {
            "x": 0,
            "y": 15,
            "z": 0
        },
        {
            "x": 4,
            "y": 15,
            "z": 0
        },
        {
            "x": -4,
            "y": 15,
            "z": 0
        }
    ],
    "LOSTargetPositions": [
        {
            "x": 0,
            "y": 15,
            "z": 0
        },
        {
            "x": 4,
            "y": 15,
            "z": 0
        },
        {
            "x": -4,
            "y": 15,
            "z": 0
        },
        {
            "x": 3,
            "y": 5,
            "z": 0
        },
        {
            "x": -3,
            "y": 5,
            "z": 0
        }
    ],
    "VariantName": "GRF-4N",
    "ChassisTags": {
        "items": [],
        "tagSetSourceFile": ""
    },
    "StockRole": "Striker & Skirmisher",
    "YangsThoughts": "The Griffin 4N is an old Star League model that was among the most versatile 'Mechs in its heyday. Its weapons generated a lot of heat, but the old Double Heat Sinks were put in to handle it. It's almost impossible to find those anymore, though."
}