{
    "Description": {
        "Cost": 3400000,
        "Rarity": 2,
        "Purchasable": true,
        "Manufacturer": "",
        "Model": "",
        "UIName": "Firestarter",
        "Id": "chassisdef_firestarter_FS9-H",
        "Name": "Firestarter",
        "Details": "The Firestarter is a dangerous 'Mech for its tonnage\u2014carefully timed attacks with its Flamers can shut down any 'Mech and leave it open to punishment from your other forces. The FS9-H also makes a decent light 'Mech hunter-killer.",
        "Icon": "uixTxrIcon_firestarter"
    },
    "MovementCapDefID": "movedef_firestarter_FS9-H",
    "PathingCapDefID": "pathingdef_light",
    "HardpointDataDefID": "hardpointdatadef_firestarter",
    "PrefabIdentifier": "chrPrfMech_firestarterBase-001",
    "PrefabBase": "firestarter",
    "Tonnage": 35,
    "InitialTonnage": 18.5,
    "weightClass": "LIGHT",
    "BattleValue": 3749000,
    "Heatsinks": 0,
    "TopSpeed": 85,
    "TurnRadius": 90,
    "MaxJumpjets": 6,
    "Stability": 100,
    "StabilityDefenses": [
        0,
        0,
        0,
        0,
        0,
        0
    ],
    "SpotterDistanceMultiplier": 1,
    "VisibilityMultiplier": 1,
    "SensorRangeMultiplier": 1,
    "Signature": 0,
    "Radius": 4,
    "PunchesWithLeftArm": true,
    "MeleeDamage": 45,
    "MeleeInstability": 35,
    "MeleeToHitModifier": 0,
    "DFADamage": 45,
    "DFAToHitModifier": 0,
    "DFASelfDamage": 45,
    "DFAInstability": 45,
    "Locations": [
        {
            "Location": "Head",
            "Hardpoints": [],
            "Tonnage": 0,
            "InventorySlots": 1,
            "MaxArmor": 45,
            "MaxRearArmor": -1,
            "InternalStructure": 16
        },
        {
            "Location": "LeftArm",
            "Hardpoints": [
                {
                    "WeaponMount": "Energy",
                    "Omni": false
                },
                {
                    "WeaponMount": "Energy",
                    "Omni": false
                },
                {
                    "WeaponMount": "AntiPersonnel",
                    "Omni": false
                }
            ],
            "Tonnage": 0,
            "InventorySlots": 8,
            "MaxArmor": 60,
            "MaxRearArmor": -1,
            "InternalStructure": 30
        },
        {
            "Location": "LeftTorso",
            "Hardpoints": [
                {
                    "WeaponMount": "Ballistic",
                    "Omni": false
                },
                {
                    "WeaponMount": "AntiPersonnel",
                    "Omni": false
                }
            ],
            "Tonnage": 0,
            "InventorySlots": 10,
            "MaxArmor": 80,
            "MaxRearArmor": 40,
            "InternalStructure": 40
        },
        {
            "Location": "CenterTorso",
            "Hardpoints": [
                {
                    "WeaponMount": "Energy",
                    "Omni": false
                },
                {
                    "WeaponMount": "Energy",
                    "Omni": false
                },
                {
                    "WeaponMount": "AntiPersonnel",
                    "Omni": false
                },
                {
                    "WeaponMount": "AntiPersonnel",
                    "Omni": false
                }
            ],
            "Tonnage": 0,
            "InventorySlots": 4,
            "MaxArmor": 110,
            "MaxRearArmor": 55,
            "InternalStructure": 55
        },
        {
            "Location": "RightTorso",
            "Hardpoints": [
                {
                    "WeaponMount": "Ballistic",
                    "Omni": false
                },
                {
                    "WeaponMount": "AntiPersonnel",
                    "Omni": false
                }
            ],
            "Tonnage": 0,
            "InventorySlots": 10,
            "MaxArmor": 80,
            "MaxRearArmor": 40,
            "InternalStructure": 40
        },
        {
            "Location": "RightArm",
            "Hardpoints": [
                {
                    "WeaponMount": "Energy",
                    "Omni": false
                },
                {
                    "WeaponMount": "Energy",
                    "Omni": false
                },
                {
                    "WeaponMount": "AntiPersonnel",
                    "Omni": false
                }
            ],
            "Tonnage": 0,
            "InventorySlots": 8,
            "MaxArmor": 60,
            "MaxRearArmor": -1,
            "InternalStructure": 30
        },
        {
            "Location": "LeftLeg",
            "Hardpoints": [],
            "Tonnage": 0,
            "InventorySlots": 4,
            "MaxArmor": 80,
            "MaxRearArmor": -1,
            "InternalStructure": 40
        },
        {
            "Location": "RightLeg",
            "Hardpoints": [],
            "Tonnage": 0,
            "InventorySlots": 4,
            "MaxArmor": 80,
            "MaxRearArmor": -1,
            "InternalStructure": 40
        }
    ],
    "LOSSourcePositions": [
        {
            "x": 0,
            "y": 12.5,
            "z": 0.5
        },
        {
            "x": -2.5,
            "y": 11.5,
            "z": -0.5
        },
        {
            "x": 2.5,
            "y": 11.5,
            "z": -0.5
        }
    ],
    "LOSTargetPositions": [
        {
            "x": 0,
            "y": 12.5,
            "z": 0.5
        },
        {
            "x": -2.5,
            "y": 11.5,
            "z": -0.5
        },
        {
            "x": 2.5,
            "y": 11.5,
            "z": -0.5
        },
        {
            "x": -2,
            "y": 3,
            "z": 0.5
        },
        {
            "x": 2,
            "y": 3,
            "z": 0.5
        }
    ],
    "VariantName": "FS9-H",
    "ChassisTags": {
        "items": [],
        "tagSetSourceFile": ""
    },
    "StockRole": "Scout & Disabler",
    "YangsThoughts": "The Firestarter is a dangerous 'Mech for its tonnage\u2014carefully timed attacks with its Flamers can shut down any 'Mech and leave it open to punishment from your other forces. The FS9-H also makes a decent light 'Mech hunter-killer."
}