{
    "Description": {
        "Cost": 1700000,
        "Rarity": 1,
        "Purchasable": true,
        "Manufacturer": "",
        "Model": "",
        "UIName": "Locust",
        "Id": "chassisdef_locust_LCT-1M",
        "Name": "Locust",
        "Details": "The Locust's 1M model is interesting in that it can churn out a decent volley of LRMs for such a small 'Mech. It's a great harasser, especially if you can use its speed to lob missiles into the weaker rear armor of targets. But it normally has almost no armor itself.",
        "Icon": "uixTxrIcon_locust"
    },
    "MovementCapDefID": "movedef_locust_LCT-1V",
    "PathingCapDefID": "pathingdef_light",
    "HardpointDataDefID": "hardpointdatadef_locust",
    "PrefabIdentifier": "chrPrfMech_locustBase-001",
    "PrefabBase": "locust",
    "Tonnage": 20,
    "InitialTonnage": 13,
    "weightClass": "LIGHT",
    "BattleValue": 1642000,
    "Heatsinks": 0,
    "TopSpeed": 210,
    "TurnRadius": 90,
    "MaxJumpjets": 8,
    "Stability": 100,
    "StabilityDefenses": [
        0,
        0,
        0,
        0,
        0,
        0
    ],
    "SpotterDistanceMultiplier": 1,
    "VisibilityMultiplier": 1,
    "SensorRangeMultiplier": 1,
    "Signature": 0,
    "Radius": 4,
    "PunchesWithLeftArm": false,
    "MeleeDamage": 15,
    "MeleeInstability": 20,
    "MeleeToHitModifier": 0,
    "DFADamage": 25,
    "DFAToHitModifier": 0,
    "DFASelfDamage": 25,
    "DFAInstability": 25,
    "Locations": [
        {
            "Location": "Head",
            "Hardpoints": [],
            "Tonnage": 0,
            "InventorySlots": 1,
            "MaxArmor": 45,
            "MaxRearArmor": -1,
            "InternalStructure": 16
        },
        {
            "Location": "LeftArm",
            "Hardpoints": [
                {
                    "WeaponMount": "Missile",
                    "Omni": false
                }
            ],
            "Tonnage": 0,
            "InventorySlots": 8,
            "MaxArmor": 30,
            "MaxRearArmor": -1,
            "InternalStructure": 15
        },
        {
            "Location": "LeftTorso",
            "Hardpoints": [],
            "Tonnage": 0,
            "InventorySlots": 10,
            "MaxArmor": 50,
            "MaxRearArmor": 25,
            "InternalStructure": 25
        },
        {
            "Location": "CenterTorso",
            "Hardpoints": [
                {
                    "WeaponMount": "Energy",
                    "Omni": false
                },
                {
                    "WeaponMount": "Energy",
                    "Omni": false
                },
                {
                    "WeaponMount": "AntiPersonnel",
                    "Omni": false
                },
                {
                    "WeaponMount": "AntiPersonnel",
                    "Omni": false
                }
            ],
            "Tonnage": 0,
            "InventorySlots": 4,
            "MaxArmor": 60,
            "MaxRearArmor": 30,
            "InternalStructure": 30
        },
        {
            "Location": "RightTorso",
            "Hardpoints": [],
            "Tonnage": 0,
            "InventorySlots": 10,
            "MaxArmor": 50,
            "MaxRearArmor": 25,
            "InternalStructure": 25
        },
        {
            "Location": "RightArm",
            "Hardpoints": [
                {
                    "WeaponMount": "Missile",
                    "Omni": false
                }
            ],
            "Tonnage": 0,
            "InventorySlots": 8,
            "MaxArmor": 30,
            "MaxRearArmor": -1,
            "InternalStructure": 15
        },
        {
            "Location": "LeftLeg",
            "Hardpoints": [],
            "Tonnage": 0,
            "InventorySlots": 4,
            "MaxArmor": 40,
            "MaxRearArmor": -1,
            "InternalStructure": 20
        },
        {
            "Location": "RightLeg",
            "Hardpoints": [],
            "Tonnage": 0,
            "InventorySlots": 4,
            "MaxArmor": 40,
            "MaxRearArmor": -1,
            "InternalStructure": 20
        }
    ],
    "LOSSourcePositions": [
        {
            "x": 0,
            "y": 8,
            "z": 0
        },
        {
            "x": 2,
            "y": 8,
            "z": -1
        },
        {
            "x": -2,
            "y": 8,
            "z": -1
        }
    ],
    "LOSTargetPositions": [
        {
            "x": 0,
            "y": 8,
            "z": 0
        },
        {
            "x": 2,
            "y": 8,
            "z": -1
        },
        {
            "x": -2,
            "y": 8,
            "z": -1
        },
        {
            "x": 1.5,
            "y": 3,
            "z": 0
        },
        {
            "x": -1.5,
            "y": 3,
            "z": 0
        }
    ],
    "VariantName": "LCT-1M",
    "ChassisTags": {
        "items": [],
        "tagSetSourceFile": ""
    },
    "StockRole": "Extremely Fast Scout",
    "YangsThoughts": "The Locust's 1M model is interesting in that it can churn out a decent volley of LRMs for such a small 'Mech. It's a great harasser, especially if you can use its speed to lob missiles into the weaker rear armor of targets. But it normally has almost no armor itself."
}