{
    "Description": {
        "Cost": 7400000,
        "Rarity": 4,
        "Purchasable": true,
        "Manufacturer": "",
        "Model": "",
        "UIName": "Orion",
        "Id": "chassisdef_orion_ON1-V",
        "Name": "Orion",
        "Details": "The Orion V trades some of the armor the K model is known for to mount additional weaponry. This increases its overall damage output, but many pilots consider the loss of armor to be risky.",
        "Icon": "uixTxrIcon_orion"
    },
    "MovementCapDefID": "movedef_orion_ON1-K",
    "PathingCapDefID": "pathingdef_heavy",
    "HardpointDataDefID": "hardpointdatadef_orion",
    "PrefabIdentifier": "chrPrfMech_orionBase-001",
    "PrefabBase": "orion",
    "Tonnage": 75,
    "InitialTonnage": 32.5,
    "weightClass": "HEAVY",
    "BattleValue": 7124000,
    "Heatsinks": 0,
    "TopSpeed": 64,
    "TurnRadius": 90,
    "MaxJumpjets": 4,
    "Stability": 100,
    "StabilityDefenses": [
        0,
        0,
        0,
        0,
        0,
        0
    ],
    "SpotterDistanceMultiplier": 1,
    "VisibilityMultiplier": 1,
    "SensorRangeMultiplier": 1,
    "Signature": 0,
    "Radius": 8,
    "PunchesWithLeftArm": true,
    "MeleeDamage": 95,
    "MeleeInstability": 75,
    "MeleeToHitModifier": 0,
    "DFADamage": 95,
    "DFAToHitModifier": 0,
    "DFASelfDamage": 95,
    "DFAInstability": 95,
    "Locations": [
        {
            "Location": "Head",
            "Hardpoints": [],
            "Tonnage": 0,
            "InventorySlots": 1,
            "MaxArmor": 45,
            "MaxRearArmor": -1,
            "InternalStructure": 16
        },
        {
            "Location": "LeftArm",
            "Hardpoints": [
                {
                    "WeaponMount": "Energy",
                    "Omni": false
                },
                {
                    "WeaponMount": "Missile",
                    "Omni": false
                }
            ],
            "Tonnage": 0,
            "InventorySlots": 8,
            "MaxArmor": 120,
            "MaxRearArmor": -1,
            "InternalStructure": 60
        },
        {
            "Location": "LeftTorso",
            "Hardpoints": [
                {
                    "WeaponMount": "Missile",
                    "Omni": false
                }
            ],
            "Tonnage": 0,
            "InventorySlots": 10,
            "MaxArmor": 160,
            "MaxRearArmor": 80,
            "InternalStructure": 80
        },
        {
            "Location": "CenterTorso",
            "Hardpoints": [],
            "Tonnage": 0,
            "InventorySlots": 4,
            "MaxArmor": 230,
            "MaxRearArmor": 115,
            "InternalStructure": 115
        },
        {
            "Location": "RightTorso",
            "Hardpoints": [
                {
                    "WeaponMount": "Ballistic",
                    "Omni": false
                },
                {
                    "WeaponMount": "Ballistic",
                    "Omni": false
                }
            ],
            "Tonnage": 0,
            "InventorySlots": 10,
            "MaxArmor": 160,
            "MaxRearArmor": 80,
            "InternalStructure": 80
        },
        {
            "Location": "RightArm",
            "Hardpoints": [
                {
                    "WeaponMount": "Energy",
                    "Omni": false
                },
                {
                    "WeaponMount": "Missile",
                    "Omni": false
                }
            ],
            "Tonnage": 0,
            "InventorySlots": 8,
            "MaxArmor": 120,
            "MaxRearArmor": -1,
            "InternalStructure": 60
        },
        {
            "Location": "LeftLeg",
            "Hardpoints": [],
            "Tonnage": 0,
            "InventorySlots": 4,
            "MaxArmor": 160,
            "MaxRearArmor": -1,
            "InternalStructure": 80
        },
        {
            "Location": "RightLeg",
            "Hardpoints": [],
            "Tonnage": 0,
            "InventorySlots": 4,
            "MaxArmor": 160,
            "MaxRearArmor": -1,
            "InternalStructure": 80
        }
    ],
    "LOSSourcePositions": [
        {
            "x": 0,
            "y": 16,
            "z": 0
        },
        {
            "x": 3.5,
            "y": 15,
            "z": 0
        },
        {
            "x": -3.5,
            "y": 15,
            "z": 0
        }
    ],
    "LOSTargetPositions": [
        {
            "x": 0,
            "y": 16,
            "z": 0
        },
        {
            "x": 3.5,
            "y": 15,
            "z": 0
        },
        {
            "x": -3.5,
            "y": 15,
            "z": 0
        },
        {
            "x": 3,
            "y": 5,
            "z": 0
        },
        {
            "x": -3,
            "y": 5,
            "z": 0
        }
    ],
    "VariantName": "ON1-V",
    "ChassisTags": {
        "items": [],
        "tagSetSourceFile": ""
    },
    "StockRole": "Brawler & Close Assault",
    "YangsThoughts": "The Orion V trades some of the armor the K model is known for to mount additional weaponry. This increases its overall damage output, but many pilots consider the loss of armor to be risky."
}