{
    "Description": {
        "Cost": 6200000,
        "Rarity": 3,
        "Purchasable": true,
        "Manufacturer": "",
        "Model": "",
        "UIName": "Thunderbolt",
        "Id": "chassisdef_thunderbolt_TDR-5S",
        "Name": "Thunderbolt",
        "Details": "The Thunderbolt 5S is well armored\u2014and heavily armored for its size. It's often deployed as a frontline 'Mech where the fighting is heavy, and it needs to give as good as it gets.",
        "Icon": "uixTxrIcon_thunderbolt"
    },
    "MovementCapDefID": "movedef_thunderbolt_TDR-5S",
    "PathingCapDefID": "pathingdef_heavy",
    "HardpointDataDefID": "hardpointdatadef_thunderbolt",
    "PrefabIdentifier": "chrPrfMech_thunderboltBase-001",
    "PrefabBase": "thunderbolt",
    "Tonnage": 65,
    "InitialTonnage": 26,
    "weightClass": "HEAVY",
    "BattleValue": 6057000,
    "Heatsinks": 0,
    "TopSpeed": 120,
    "TurnRadius": 90,
    "MaxJumpjets": 4,
    "Stability": 100,
    "StabilityDefenses": [
        0,
        0,
        0,
        0,
        0,
        0
    ],
    "SpotterDistanceMultiplier": 1,
    "VisibilityMultiplier": 1,
    "SensorRangeMultiplier": 1,
    "Signature": 0,
    "Radius": 8,
    "PunchesWithLeftArm": false,
    "MeleeDamage": 80,
    "MeleeInstability": 65,
    "MeleeToHitModifier": 0,
    "DFADamage": 80,
    "DFAToHitModifier": 0,
    "DFASelfDamage": 80,
    "DFAInstability": 80,
    "Locations": [
        {
            "Location": "Head",
            "Hardpoints": [],
            "Tonnage": 0,
            "InventorySlots": 1,
            "MaxArmor": 45,
            "MaxRearArmor": -1,
            "InternalStructure": 16
        },
        {
            "Location": "LeftArm",
            "Hardpoints": [
                {
                    "WeaponMount": "Ballistic",
                    "Omni": false
                },
                {
                    "WeaponMount": "Ballistic",
                    "Omni": false
                },
                {
                    "WeaponMount": "AntiPersonnel",
                    "Omni": false
                },
                {
                    "WeaponMount": "AntiPersonnel",
                    "Omni": false
                }
            ],
            "Tonnage": 0,
            "InventorySlots": 8,
            "MaxArmor": 100,
            "MaxRearArmor": -1,
            "InternalStructure": 50
        },
        {
            "Location": "LeftTorso",
            "Hardpoints": [
                {
                    "WeaponMount": "Energy",
                    "Omni": false
                },
                {
                    "WeaponMount": "Energy",
                    "Omni": false
                },
                {
                    "WeaponMount": "Energy",
                    "Omni": false
                }
            ],
            "Tonnage": 0,
            "InventorySlots": 10,
            "MaxArmor": 150,
            "MaxRearArmor": 75,
            "InternalStructure": 75
        },
        {
            "Location": "CenterTorso",
            "Hardpoints": [],
            "Tonnage": 0,
            "InventorySlots": 4,
            "MaxArmor": 210,
            "MaxRearArmor": 105,
            "InternalStructure": 105
        },
        {
            "Location": "RightTorso",
            "Hardpoints": [
                {
                    "WeaponMount": "Missile",
                    "Omni": false
                },
                {
                    "WeaponMount": "Missile",
                    "Omni": false
                }
            ],
            "Tonnage": 0,
            "InventorySlots": 10,
            "MaxArmor": 150,
            "MaxRearArmor": 75,
            "InternalStructure": 75
        },
        {
            "Location": "RightArm",
            "Hardpoints": [
                {
                    "WeaponMount": "Energy",
                    "Omni": false
                }
            ],
            "Tonnage": 0,
            "InventorySlots": 8,
            "MaxArmor": 100,
            "MaxRearArmor": -1,
            "InternalStructure": 50
        },
        {
            "Location": "LeftLeg",
            "Hardpoints": [],
            "Tonnage": 0,
            "InventorySlots": 4,
            "MaxArmor": 150,
            "MaxRearArmor": -1,
            "InternalStructure": 75
        },
        {
            "Location": "RightLeg",
            "Hardpoints": [],
            "Tonnage": 0,
            "InventorySlots": 4,
            "MaxArmor": 150,
            "MaxRearArmor": -1,
            "InternalStructure": 75
        }
    ],
    "LOSSourcePositions": [
        {
            "x": 0,
            "y": 14,
            "z": 1
        },
        {
            "x": 4,
            "y": 13,
            "z": 0
        },
        {
            "x": -4,
            "y": 13,
            "z": 0
        }
    ],
    "LOSTargetPositions": [
        {
            "x": 0,
            "y": 14,
            "z": 1
        },
        {
            "x": 4,
            "y": 13,
            "z": 0
        },
        {
            "x": -4,
            "y": 13,
            "z": 0
        },
        {
            "x": 3,
            "y": 5,
            "z": 0
        },
        {
            "x": -3,
            "y": 5,
            "z": 0
        }
    ],
    "VariantName": "TDR-5S",
    "ChassisTags": {
        "items": [],
        "tagSetSourceFile": ""
    },
    "StockRole": "Heavy Skirmisher & Brawler",
    "YangsThoughts": "The Thunderbolt 5S is well armored\u2014and heavily armored for its size. It's often deployed as a frontline 'Mech where the fighting is heavy, and it needs to give as good as it gets."
}