{
    "AmmoID" : "Ammunition_AC10",
    "Capacity" : 8,
    "Description" : {
        "Cost" : 30000,
        "Rarity" : 0,
        "Purchasable" : true,
        "Manufacturer" : "Generic",
        "Model" : "AC10",
        "UIName" : "AC/10 Ammo",
        "Id" : "Ammo_AmmunitionBox_Generic_AC10",
        "Name" : "AC/10 Ammo",
        "Details" : "Ammo Bins contain the rounds needed for projectile-based weaponry, with at least one bin required per weapon type. Ammo Bins will explode and destroy their installed location when they receive a Critical Hit. AC/10 Ammo Bins each contain 8 rounds and may feed multiple weapons.",
        "Icon" : "uixSvgIcon_ammoBox_Ballistic"
    },
    "BonusValueA" : "",
    "BonusValueB" : "",
    "ComponentType" : "AmmunitionBox",
    "ComponentSubType" : "Ammunition",
    "PrefabIdentifier" : "",
    "BattleValue" : 0,
    "InventorySize" : 1,
    "Tonnage" : 1,
    "AllowedLocations" : "All",
    "DisallowedLocations" : "All",
    "CriticalComponent" : false,
    "statusEffects" : [
        
    ],
    "ComponentTags" : {
        "items" : [
            "component_type_stock"
        ],
        "tagSetSourceFile" : ""
    }
}
