{
    "ID" : "hardpointdatadef_banshee",
    "HardpointData" : [
        {
            "location" : "centertorso",
            "weapons" : [
                [
                    "chrPrfWeap_banshee_centertorso_flamer_eh1",
                    "chrPrfWeap_banshee_centertorso_laser_eh1"
                ]
            ],
            "blanks" : [
                
            ],
            "mountingPoints" : [
                
            ]
        },
        {
            "location" : "head",
            "weapons" : [
                [
                    "chrPrfWeap_banshee_head_flamer_eh1"
                ],
				[
                    "chrPrfWeap_banshee_head_laser_eh1"
                ]
            ],
            "blanks" : [
                
            ],
            "mountingPoints" : [
                
            ]
        },
        {
            "location" : "leftarm",
            "weapons" : [
                [
                    "chrPrfWeap_banshee_leftarm_laser_eh1",
                    "chrPrfWeap_banshee_leftarm_ppc_eh1"
                ]
            ],
            "blanks" : [
                "chrPrfWeap_banshee_leftarm_blank_eh1"
            ],
            "mountingPoints" : [
                "chrPrfWeap_banshee_leftarm_hardpoint_eh1"
            ]
        },
        {
            "location" : "lefttorso",
            "weapons" : [
				[
					"chrPrfWeap_banshee_lefttorso_mg_bh1"
				],
				[
					"chrPrfWeap_banshee_lefttorso_mg_bh2"
				],
				[
					"chrPrfWeap_banshee_lefttorso_mg_bh3"
				],
				[
					"chrPrfWeap_banshee_lefttorso_mg_bh4"
				],
                [
                    "chrPrfWeap_banshee_lefttorso_ac10_bh1",
                    "chrPrfWeap_banshee_lefttorso_ac20_bh1",
                    "chrPrfWeap_banshee_lefttorso_ac2_bh1",
                    "chrPrfWeap_banshee_lefttorso_ac5_bh1",
                    "chrPrfWeap_banshee_lefttorso_flamer_eh1",
                    "chrPrfWeap_banshee_lefttorso_gauss_bh1",
                    "chrPrfWeap_banshee_lefttorso_laser_eh1",
                    "chrPrfWeap_banshee_lefttorso_lbx_bh1",
                    "chrPrfWeap_banshee_lefttorso_ppc_eh1",
                    "chrPrfWeap_banshee_lefttorso_uac5_bh1"
                ],
                [
                    "chrPrfWeap_banshee_lefttorso_ac2_bh2",
                    "chrPrfWeap_banshee_lefttorso_ac5_bh2",
                    "chrPrfWeap_banshee_lefttorso_lbx_bh2",
                    "chrPrfWeap_banshee_lefttorso_ppc_eh2",
                    "chrPrfWeap_banshee_lefttorso_uac5_bh2"
                ],
                [
                    "chrPrfWeap_banshee_lefttorso_ac2_bh3",
                    "chrPrfWeap_banshee_lefttorso_ac5_bh3",
                    "chrPrfWeap_banshee_lefttorso_ppc_eh3",
                    "chrPrfWeap_banshee_lefttorso_uac5_bh3"
                ],
                [
                    "chrPrfWeap_banshee_lefttorso_ac2_bh4",
                    "chrPrfWeap_banshee_lefttorso_ac5_bh4",
                    "chrPrfWeap_banshee_lefttorso_uac5_bh4"
                ],
				[
					"chrPrfWeap_banshee_lefttorso_flamer_eh2",
                    "chrPrfWeap_banshee_lefttorso_laser_eh2"
				],
				[
					"chrPrfWeap_banshee_lefttorso_flamer_eh3",
                    "chrPrfWeap_banshee_lefttorso_laser_eh3"
				]
            ],
            "blanks" : [
                
            ],
            "mountingPoints" : [
                
            ]
        },
        {
            "location" : "rightarm",
            "weapons" : [
                [
                    "chrPrfWeap_banshee_rightarm_flamer_eh1",
                    "chrPrfWeap_banshee_rightarm_laser_eh1",
                    "chrPrfWeap_banshee_rightarm_ppc_eh1"
                ]
            ],
            "blanks" : [
                
            ],
            "mountingPoints" : [
                
            ]
        },
        {
            "location" : "righttorso",
            "weapons" : [
                [
                    "chrPrfWeap_banshee_righttorso_flamer_eh1",
                    "chrPrfWeap_banshee_righttorso_laser_eh1",
                    "chrPrfWeap_banshee_righttorso_ppc_eh1" 
                ],
                [
                    "chrPrfWeap_banshee_righttorso_ppc_eh2"
                ],
                [
					"chrPrfWeap_banshee_righttorso_flamer_eh2",
                    "chrPrfWeap_banshee_righttorso_laser_eh2",
                    "chrPrfWeap_banshee_righttorso_ppc_eh3"
                ],
				[
                    "chrPrfWeap_banshee_righttorso_flamer_eh3",
                    "chrPrfWeap_banshee_righttorso_laser_eh3",
                    "chrPrfWeap_banshee_righttorso_ppc_eh3"
                ],
                [
                    "chrPrfWeap_banshee_righttorso_flamer_eh4",
                    "chrPrfWeap_banshee_righttorso_laser_eh4"
                ],
                [
                    "chrPrfWeap_banshee_righttorso_flamer_eh5",
                    "chrPrfWeap_banshee_righttorso_laser_eh5"
                ],
				[
					"chrPrfWeap_banshee_righttorso_ppc_eh4",
					"chrPrfWeap_banshee_righttorso_lrm10_mh1",
                    "chrPrfWeap_banshee_righttorso_lrm15_mh1",
                    "chrPrfWeap_banshee_righttorso_lrm5_mh1",
					"chrPrfWeap_banshee_righttorso_srm20_mh1",
                    "chrPrfWeap_banshee_righttorso_srm2_mh1",
                    "chrPrfWeap_banshee_righttorso_srm4_mh1",
                    "chrPrfWeap_banshee_righttorso_srm6_mh1"
				]
            ],
            "blanks" : [
                
            ],
            "mountingPoints" : [
                
            ]
        }
    ]
}