{
    "ID" : "hardpointdatadef_zeus",
    "HardpointData" : [
        {
            "location" : "centertorso",
            "weapons" : [
                [
                    "chrPrfWeap_zeus_centertorso_flamer_eh1",
                    "chrPrfWeap_zeus_centertorso_laser_eh1"
                ]
            ],
            "blanks" : [
                
            ],
            "mountingPoints" : [
                
            ]
        },
        {
            "location" : "leftarm",
            "weapons" : [
                [
                    "chrPrfWeap_zeus_leftarm_ac10_bh1",
                    "chrPrfWeap_zeus_leftarm_ac2_bh1",
                    "chrPrfWeap_zeus_leftarm_ac5_bh1",
                    "chrPrfWeap_zeus_leftarm_flamer_eh1",
                    "chrPrfWeap_zeus_leftarm_gauss_bh1",
                    "chrPrfWeap_zeus_leftarm_laser_eh1",
                    "chrPrfWeap_zeus_leftarm_lbx10_bh1",
                    "chrPrfWeap_zeus_leftarm_mg_bh1",
                    "chrPrfWeap_zeus_leftarm_ppc_eh1",
                    "chrPrfWeap_zeus_leftarm_uac5_bh1"
                ],
                [
                    "chrPrfWeap_zeus_leftarm_ac2_bh2",
                    "chrPrfWeap_zeus_leftarm_ac5_bh2",
                    "chrPrfWeap_zeus_leftarm_flamer_eh2",
                    "chrPrfWeap_zeus_leftarm_laser_eh2",
                    "chrPrfWeap_zeus_leftarm_mg_bh2",
                    "chrPrfWeap_zeus_leftarm_ppc_eh2"
                ],
                [
                    "chrPrfWeap_zeus_leftarm_flamer_eh3",
                    "chrPrfWeap_zeus_leftarm_laser_eh3",
                    "chrPrfWeap_zeus_leftarm_ppc_eh3"
                ]
            ],
            "blanks" : [
                
            ],
            "mountingPoints" : [
                
            ]
        },
        {
            "location" : "lefttorso",
            "weapons" : [
                [
                    "chrPrfWeap_zeus_lefttorso_flamer_eh1",
                    "chrPrfWeap_zeus_lefttorso_laser_eh1",
                    "chrPrfWeap_zeus_lefttorso_ppc_eh1"
                ],
                [
                    "chrPrfWeap_zeus_lefttorso_flamer_eh2",
                    "chrPrfWeap_zeus_lefttorso_laser_eh2",
                    "chrPrfWeap_zeus_lefttorso_ppc_eh2"
                ],
                [
                    "chrPrfWeap_zeus_lefttorso_flamer_eh3",
                    "chrPrfWeap_zeus_lefttorso_laser_eh3",
                    "chrPrfWeap_zeus_lefttorso_ppc_eh3"
                ]
            ],
            "blanks" : [
                
            ],
            "mountingPoints" : [
                
            ]
        },
        {
            "location" : "rightarm",
            "weapons" : [
                [
                    "chrPrfWeap_zeus_rightarm_lrm10_mh1",
                    "chrPrfWeap_zeus_rightarm_lrm15_mh1",
                    "chrPrfWeap_zeus_rightarm_lrm5_mh1",
                    "chrPrfWeap_zeus_rightarm_narc_mh1",
                    "chrPrfWeap_zeus_rightarm_srm20_mh1",
                    "chrPrfWeap_zeus_rightarm_srm2_mh1",
                    "chrPrfWeap_zeus_rightarm_srm4_mh1",
                    "chrPrfWeap_zeus_rightarm_srm6_mh1"
                ],
                [
                    "chrPrfWeap_zeus_rightarm_lrm10_mh2",
                    "chrPrfWeap_zeus_rightarm_lrm15_mh2",
                    "chrPrfWeap_zeus_rightarm_lrm5_mh2",
                    "chrPrfWeap_zeus_rightarm_narc_mh2",
                    "chrPrfWeap_zeus_rightarm_srm2_mh2",
                    "chrPrfWeap_zeus_rightarm_srm4_mh2",
                    "chrPrfWeap_zeus_rightarm_srm6_mh2"
                ],
                [
                    "chrPrfWeap_zeus_rightarm_lrm10_mh3",
                    "chrPrfWeap_zeus_rightarm_lrm15_mh3",
                    "chrPrfWeap_zeus_rightarm_lrm5_mh3",
                    "chrPrfWeap_zeus_rightarm_narc_mh3",
                    "chrPrfWeap_zeus_rightarm_srm2_mh3",
                    "chrPrfWeap_zeus_rightarm_srm4_mh3",
                    "chrPrfWeap_zeus_rightarm_srm6_mh3"
                ]
            ],
            "blanks" : [
                
            ],
            "mountingPoints" : [
                
            ]
        }
    ]
}