{
    "ID" : "hardpointdatadef_testturret",
    "HardpointData" : [
        {
            "location" : "turret",
            "weapons" : [
                [
                    "chrPrfWeap_testturret_turret_generic_bh1",
                    "chrPrfWeap_testturret_turret_generic_eh1",
                    "chrPrfWeap_testturret_turret_generic_mh1"
                ]
            ],
            "blanks" : [
                
            ],
            "mountingPoints" : [
                
            ]
        }
    ]
}