{
    "ID" : "hardpointdatadef_blackjack",
    "HardpointData" : [
        {
            "location" : "centertorso",
            "weapons" : [
                [
                    "chrPrfWeap_blackjack_centertorso_flamer_eh1",
                    "chrPrfWeap_blackjack_centertorso_laser_eh1"
                ]
            ],
            "blanks" : [
                
            ],
            "mountingPoints" : [
                
            ]
        },
        {
            "location" : "leftarm",
            "weapons" : [
                [
                    "chrPrfWeap_blackjack_leftarm_ac10_bh1",
                    "chrPrfWeap_blackjack_leftarm_ac20_bh1",
                    "chrPrfWeap_blackjack_leftarm_ac5_bh1",
                    "chrPrfWeap_blackjack_leftarm_flamer_eh1",
                    "chrPrfWeap_blackjack_leftarm_gauss_eh1",
                    "chrPrfWeap_blackjack_leftarm_laser_eh1",
                    "chrPrfWeap_blackjack_leftarm_lbx_bh1",
                    "chrPrfWeap_blackjack_leftarm_mg_bh1",
                    "chrPrfWeap_blackjack_leftarm_ppc_eh1",
                    "chrPrfWeap_blackjack_leftarm_uac5_bh1"
                ],
                [
                    "chrPrfWeap_blackjack_leftarm_ac5_bh2",
                    "chrPrfWeap_blackjack_leftarm_flamer_eh2",
                    "chrPrfWeap_blackjack_leftarm_laser_eh2",
                    "chrPrfWeap_blackjack_leftarm_mg_bh2",
                    "chrPrfWeap_blackjack_leftarm_ppc_eh2",
                    "chrPrfWeap_blackjack_leftarm_uac5_bh2"
                ],
                [
                    "chrPrfWeap_blackjack_leftarm_ac5_bh3",
                    "chrPrfWeap_blackjack_leftarm_flamer_eh3",
                    "chrPrfWeap_blackjack_leftarm_laser_eh3",
                    "chrPrfWeap_blackjack_leftarm_mg_bh3",
                    "chrPrfWeap_blackjack_leftarm_ppc_eh3",
                    "chrPrfWeap_blackjack_leftarm_uac5_bh3"
                ]
            ],
            "blanks" : [
                
            ],
            "mountingPoints" : [
                
            ]
        },
        {
            "location" : "lefttorso",
            "weapons" : [
                [
                    "chrPrfWeap_blackjack_lefttorso_flamer_eh1",
                    "chrPrfWeap_blackjack_lefttorso_laser_eh1",
                    "chrPrfWeap_blackjack_lefttorso_lrm15_mh1",
                    "chrPrfWeap_blackjack_lefttorso_lrm5_mh1",
                    "chrPrfWeap_blackjack_lefttorso_narc_mh1",
                    "chrPrfWeap_blackjack_lefttorso_ppc_eh1",
                    "chrPrfWeap_blackjack_lefttorso_srm20_mh1",
                    "chrPrfWeap_blackjack_lefttorso_srm2_mh1",
                    "chrPrfWeap_blackjack_lefttorso_srm4_mh1",
                    "chrPrfWeap_blackjack_lefttorso_srm6_mh1"
                ],
                [
                    "chrPrfWeap_blackjack_lefttorso_flamer_eh2",
                    "chrPrfWeap_blackjack_lefttorso_laser_eh2",
                    "chrPrfWeap_blackjack_lefttorso_ppc_eh2"
                ]
            ],
            "blanks" : [
                
            ],
            "mountingPoints" : [
                
            ]
        },
        {
            "location" : "rightarm",
            "weapons" : [
                [
                    "chrPrfWeap_blackjack_rightarm_ac10_bh1",
                    "chrPrfWeap_blackjack_rightarm_ac20_bh1",
                    "chrPrfWeap_blackjack_rightarm_ac5_bh1",
                    "chrPrfWeap_blackjack_rightarm_flamer_eh1",
                    "chrPrfWeap_blackjack_rightarm_gauss_eh1",
                    "chrPrfWeap_blackjack_rightarm_laser_eh1",
                    "chrPrfWeap_blackjack_rightarm_lbx_bh1",
                    "chrPrfWeap_blackjack_rightarm_mg_bh1",
                    "chrPrfWeap_blackjack_rightarm_ppc_eh1",
                    "chrPrfWeap_blackjack_rightarm_uac5_bh1"
                ],
                [
                    "chrPrfWeap_blackjack_rightarm_ac5_bh2",
                    "chrPrfWeap_blackjack_rightarm_flamer_eh2",
                    "chrPrfWeap_blackjack_rightarm_laser_eh2",
                    "chrPrfWeap_blackjack_rightarm_mg_bh2",
                    "chrPrfWeap_blackjack_rightarm_ppc_eh2",
                    "chrPrfWeap_blackjack_rightarm_uac5_bh2"
                ],
                [
                    "chrPrfWeap_blackjack_rightarm_ac5_bh3",
                    "chrPrfWeap_blackjack_rightarm_flamer_eh3",
                    "chrPrfWeap_blackjack_rightarm_laser_eh3",
                    "chrPrfWeap_blackjack_rightarm_mg_bh3",
                    "chrPrfWeap_blackjack_rightarm_ppc_eh3",
                    "chrPrfWeap_blackjack_rightarm_uac5_bh3"
                ]
            ],
            "blanks" : [
                
            ],
            "mountingPoints" : [
                
            ]
        },
        {
            "location" : "righttorso",
            "weapons" : [
                [
                    "chrPrfWeap_blackjack_righttorso_flamer_eh1",
                    "chrPrfWeap_blackjack_righttorso_laser_eh1",
                    "chrPrfWeap_blackjack_righttorso_lrm15_mh1",
                    "chrPrfWeap_blackjack_righttorso_lrm5_mh1",
                    "chrPrfWeap_blackjack_righttorso_narc_mh1",
                    "chrPrfWeap_blackjack_righttorso_ppc_eh1",
                    "chrPrfWeap_blackjack_righttorso_srm20_mh1",
                    "chrPrfWeap_blackjack_righttorso_srm2_mh1",
                    "chrPrfWeap_blackjack_righttorso_srm4_mh1",
                    "chrPrfWeap_blackjack_righttorso_srm6_mh1"
                ],
                [
                    "chrPrfWeap_blackjack_righttorso_flamer_eh2",
                    "chrPrfWeap_blackjack_righttorso_laser_eh2",
                    "chrPrfWeap_blackjack_righttorso_ppc_eh2"
                ]
            ],
            "blanks" : [
                
            ],
            "mountingPoints" : [
                
            ]
        }
    ]
}