{
    "ID" : "hardpointdatadef_locust",
    "HardpointData" : [
        {
            "location" : "centertorso",
            "weapons" : [
                [
                    "chrPrfWeap_locust_centertorso_flamer_eh1",
                    "chrPrfWeap_locust_centertorso_laser_eh1"
                ],
                [
                    "chrPrfWeap_locust_centertorso_flamer_eh2",
                    "chrPrfWeap_locust_centertorso_laser_eh2"
                ]
            ],
            "blanks" : [
                
            ],
            "mountingPoints" : [
                
            ]
        },
        {
            "location" : "leftarm",
            "weapons" : [
                [
                    "chrPrfWeap_locust_leftarm_ac10_bh1",
                    "chrPrfWeap_locust_leftarm_ac20_bh1",
                    "chrPrfWeap_locust_leftarm_ac5_bh1",
                    "chrPrfWeap_locust_leftarm_flamer_eh1",
                    "chrPrfWeap_locust_leftarm_laser_eh1",
                    "chrPrfWeap_locust_leftarm_lbx10_bh1",
                    "chrPrfWeap_locust_leftarm_lrm5_mh1",
                    "chrPrfWeap_locust_leftarm_mg_bh1",
                    "chrPrfWeap_locust_leftarm_narc_mh1",
                    "chrPrfWeap_locust_leftarm_ppc_eh1",
                    "chrPrfWeap_locust_leftarm_srm2_mh1",
                    "chrPrfWeap_locust_leftarm_srm6_mh1",
                    "chrPrfWeap_locust_leftarm_uac5_bh1"
                ],
                [
                    "chrPrfWeap_locust_leftarm_ac5_bh2",
                    "chrPrfWeap_locust_leftarm_flamer_eh2",
                    "chrPrfWeap_locust_leftarm_laser_eh2",
                    "chrPrfWeap_locust_leftarm_lrm5_mh2",
                    "chrPrfWeap_locust_leftarm_mg_bh2",
                    "chrPrfWeap_locust_leftarm_narc_mh2",
                    "chrPrfWeap_locust_leftarm_srm2_mh2",
                    "chrPrfWeap_locust_leftarm_srm6_mh2"
                ],
                [
                    "chrPrfWeap_locust_leftarm_flamer_eh3",
                    "chrPrfWeap_locust_leftarm_laser_eh3"
                ]
            ],
            "blanks" : [
                
            ],
            "mountingPoints" : [
                
            ]
        },
        {
            "location" : "rightarm",
            "weapons" : [
                [
                    "chrPrfWeap_locust_rightarm_ac10_bh1",
                    "chrPrfWeap_locust_rightarm_ac20_bh1",
                    "chrPrfWeap_locust_rightarm_ac5_bh1",
                    "chrPrfWeap_locust_rightarm_flamer_eh1",
                    "chrPrfWeap_locust_rightarm_laser_eh1",
                    "chrPrfWeap_locust_rightarm_lbx10_bh1",
                    "chrPrfWeap_locust_rightarm_lrm5_mh1",
                    "chrPrfWeap_locust_rightarm_mg_bh1",
                    "chrPrfWeap_locust_rightarm_narc_mh1",
                    "chrPrfWeap_locust_rightarm_ppc_eh1",
                    "chrPrfWeap_locust_rightarm_srm2_mh1",
                    "chrPrfWeap_locust_rightarm_srm6_mh1",
                    "chrPrfWeap_locust_rightarm_uac5_bh1"
                ],
                [
                    "chrPrfWeap_locust_rightarm_ac5_bh2",
                    "chrPrfWeap_locust_rightarm_flamer_eh2",
                    "chrPrfWeap_locust_rightarm_laser_eh2",
                    "chrPrfWeap_locust_rightarm_lrm5_mh2",
                    "chrPrfWeap_locust_rightarm_mg_bh2",
                    "chrPrfWeap_locust_rightarm_narc_mh2",
                    "chrPrfWeap_locust_rightarm_srm2_mh2",
                    "chrPrfWeap_locust_rightarm_srm6_mh2"
                ],
                [
                    "chrPrfWeap_locust_rightarm_flamer_eh3",
                    "chrPrfWeap_locust_rightarm_laser_eh3"
                ]
            ],
            "blanks" : [
                
            ],
            "mountingPoints" : [
                
            ]
        }
    ]
}