{
    "ID" : "hardpointdatadef_jagermech",
    "HardpointData" : [
        {
            "location" : "leftarm",
            "weapons" : [
                [
                    "chrPrfWeap_jagermech_leftarm_ac10_bh1",
                    "chrPrfWeap_jagermech_leftarm_ac20_bh1",
                    "chrPrfWeap_jagermech_leftarm_ac2_bh1",
                    "chrPrfWeap_jagermech_leftarm_ac5_bh1",
                    "chrPrfWeap_jagermech_leftarm_gauss_bh1",
                    "chrPrfWeap_jagermech_leftarm_lbx10_bh1",
                    "chrPrfWeap_jagermech_leftarm_mg_bh1",
                    "chrPrfWeap_jagermech_leftarm_narc_mh1",                    
                    "chrPrfWeap_jagermech_leftarm_uac5_bh1"
                ],
                [
                    "chrPrfWeap_jagermech_leftarm_ac2_bh2",
                    "chrPrfWeap_jagermech_leftarm_ac5_bh2",
                    "chrPrfWeap_jagermech_leftarm_flamer_eh2",
                    "chrPrfWeap_jagermech_leftarm_laser_eh2",
                    "chrPrfWeap_jagermech_leftarm_lrm10_mh2",
                    "chrPrfWeap_jagermech_leftarm_lrm15_mh2",
                    "chrPrfWeap_jagermech_leftarm_lrm5_mh2",
                    "chrPrfWeap_jagermech_leftarm_mg_bh2",
                    "chrPrfWeap_jagermech_leftarm_narc_mh2",
                    "chrPrfWeap_jagermech_leftarm_ppc_eh2",
                    "chrPrfWeap_jagermech_leftarm_srm20_mh2",
                    "chrPrfWeap_jagermech_leftarm_srm2_mh2",
                    "chrPrfWeap_jagermech_leftarm_srm4_mh2",
                    "chrPrfWeap_jagermech_leftarm_srm6_mh2",
                    "chrPrfWeap_jagermech_leftarm_uac5_bh2"
                ],
                [
                    "chrPrfWeap_jagermech_leftarm_ac2_bh3",
                    "chrPrfWeap_jagermech_leftarm_ac5_bh3",
                    "chrPrfWeap_jagermech_leftarm_mg_bh3",
					"chrPrfWeap_jagermech_leftarm_srm20_mh1",
					"chrPrfWeap_jagermech_leftarm_lrm10_mh1",
                    "chrPrfWeap_jagermech_leftarm_lrm15_mh1",
                    "chrPrfWeap_jagermech_leftarm_lrm5_mh1",
					"chrPrfWeap_jagermech_leftarm_srm2_mh1",
                    "chrPrfWeap_jagermech_leftarm_srm4_mh1",
                    "chrPrfWeap_jagermech_leftarm_srm6_mh1"
                ]
            ],
            "blanks" : [
                
            ],
            "mountingPoints" : [
                
            ]
        },
        {
            "location" : "lefttorso",
            "weapons" : [
                [
                    "chrPrfWeap_jagermech_lefttorso_flamer_eh1",
                    "chrPrfWeap_jagermech_lefttorso_laser_eh1",
                    "chrPrfWeap_jagermech_lefttorso_ppc_eh1"
                ],
                [
                    "chrPrfWeap_jagermech_lefttorso_flamer_eh2",
                    "chrPrfWeap_jagermech_lefttorso_laser_eh2",
                    "chrPrfWeap_jagermech_lefttorso_ppc_eh2"
                ]
            ],
            "blanks" : [
                
            ],
            "mountingPoints" : [
                
            ]
        },
        {
            "location" : "rightarm",
            "weapons" : [
                [
                    "chrPrfWeap_jagermech_rightarm_ac10_bh1",
                    "chrPrfWeap_jagermech_rightarm_ac20_bh1",
                    "chrPrfWeap_jagermech_rightarm_ac2_bh1",
                    "chrPrfWeap_jagermech_rightarm_ac5_bh1",
                    "chrPrfWeap_jagermech_rightarm_gauss_bh1",
                    "chrPrfWeap_jagermech_rightarm_lbx10_bh1",
                    "chrPrfWeap_jagermech_rightarm_mg_bh1",
                    "chrPrfWeap_jagermech_rightarm_narc_mh1",
                    "chrPrfWeap_jagermech_rightarm_uac5_bh1"
                ],
                [
                    "chrPrfWeap_jagermech_rightarm_ac2_bh2",
                    "chrPrfWeap_jagermech_rightarm_ac5_bh2",
                    "chrPrfWeap_jagermech_rightarm_flamer_eh2",
                    "chrPrfWeap_jagermech_rightarm_laser_eh2",
                    "chrPrfWeap_jagermech_rightarm_lrm10_mh2",
                    "chrPrfWeap_jagermech_rightarm_lrm15_mh2",
                    "chrPrfWeap_jagermech_rightarm_lrm5_mh2",
                    "chrPrfWeap_jagermech_rightarm_mg_bh2",
                    "chrPrfWeap_jagermech_rightarm_narc_mh2",
                    "chrPrfWeap_jagermech_rightarm_ppc_eh2",
                    "chrPrfWeap_jagermech_rightarm_srm20_mh2",
                    "chrPrfWeap_jagermech_rightarm_srm2_mh2",
                    "chrPrfWeap_jagermech_rightarm_srm4_mh2",
                    "chrPrfWeap_jagermech_rightarm_srm6_mh2",
                    "chrPrfWeap_jagermech_rightarm_uac5_bh2"
                ],
                [
                    "chrPrfWeap_jagermech_rightarm_ac2_bh3",
                    "chrPrfWeap_jagermech_rightarm_ac5_bh3",
                    "chrPrfWeap_jagermech_rightarm_mg_bh3",
					"chrPrfWeap_jagermech_rightarm_srm20_mh1",
					"chrPrfWeap_jagermech_rightarm_lrm10_mh1",
                    "chrPrfWeap_jagermech_rightarm_lrm15_mh1",
                    "chrPrfWeap_jagermech_rightarm_lrm5_mh1",
                    "chrPrfWeap_jagermech_rightarm_srm2_mh1",
                    "chrPrfWeap_jagermech_rightarm_srm4_mh1",
                    "chrPrfWeap_jagermech_rightarm_srm6_mh1"
                ]
            ],
            "blanks" : [
                
            ],
            "mountingPoints" : [
                
            ]
        },
        {
            "location" : "righttorso",
            "weapons" : [
                [
                    "chrPrfWeap_jagermech_righttorso_flamer_eh1",
                    "chrPrfWeap_jagermech_righttorso_laser_eh1",
                    "chrPrfWeap_jagermech_righttorso_ppc_eh1"
                ],
                [
                    "chrPrfWeap_jagermech_righttorso_flamer_eh2",
                    "chrPrfWeap_jagermech_righttorso_laser_eh2",
                    "chrPrfWeap_jagermech_righttorso_ppc_eh2"
                ]
            ],
            "blanks" : [
                
            ],
            "mountingPoints" : [
                
            ]
        }
    ]
}