{
    "ID" : "hardpointdatadef_hunchback",
    "HardpointData" : [
        {
            "location" : "head",
            "weapons" : [
                [
                    "chrPrfWeap_hunchback_head_flamer_eh1",
                    "chrPrfWeap_hunchback_head_laser_eh1"
                ]
            ],
            "blanks" : [
                
            ],
            "mountingPoints" : [
                
            ]
        },
        {
            "location" : "leftarm",
            "weapons" : [
                [
                    "chrPrfWeap_hunchback_leftarm_flamer_eh1",
                    "chrPrfWeap_hunchback_leftarm_laser_eh1",
                    "chrPrfWeap_hunchback_leftarm_ppc_eh1"
                ],
                [
                    "chrPrfWeap_hunchback_leftarm_flamer_eh2",
                    "chrPrfWeap_hunchback_leftarm_laser_eh2",
                    "chrPrfWeap_hunchback_leftarm_ppc_eh2"
                ]
            ],
            "blanks" : [
                
            ],
            "mountingPoints" : [
                
            ]
        },
        {
            "location" : "lefttorso",
            "weapons" : [
                [
                    "chrPrfWeap_hunchback_lefttorso_lrm10_mh1",
                    "chrPrfWeap_hunchback_lefttorso_lrm5_mh1",
                    "chrPrfWeap_hunchback_lefttorso_narc_mh1",
                    "chrPrfWeap_hunchback_lefttorso_srm2_mh1",
                    "chrPrfWeap_hunchback_lefttorso_srm4_mh1",
                    "chrPrfWeap_hunchback_lefttorso_srm6_mh1"
                ]
            ],
            "blanks" : [
                
            ],
            "mountingPoints" : [
                
            ]
        },
        {
            "location" : "rightarm",
            "weapons" : [
                [
                    "chrPrfWeap_hunchback_rightarm_flamer_eh1",
                    "chrPrfWeap_hunchback_rightarm_laser_eh1",
                    "chrPrfWeap_hunchback_rightarm_ppc_eh1"
                ],
                [
                    "chrPrfWeap_hunchback_rightarm_flamer_eh2",
                    "chrPrfWeap_hunchback_rightarm_laser_eh2",
                    "chrPrfWeap_hunchback_rightarm_ppc_eh2"
                ]
            ],
            "blanks" : [
                
            ],
            "mountingPoints" : [
                
            ]
        },
        {
            "location" : "righttorso",
            "weapons" : [
				[
                    "chrPrfWeap_hunchback_righttorso_flamer_eh1",
                    "chrPrfWeap_hunchback_righttorso_laser_eh1",
					"chrPrfWeap_hunchback_righttorso_ac_bh1",
                    "chrPrfWeap_hunchback_righttorso_gauss_bh1",
                    "chrPrfWeap_hunchback_righttorso_lbx_bh1",
                    "chrPrfWeap_hunchback_righttorso_lrm10_mh1",
                    "chrPrfWeap_hunchback_righttorso_lrm5_mh1",
                    "chrPrfWeap_hunchback_righttorso_mg_bh1",
                    "chrPrfWeap_hunchback_righttorso_narc_mh1",  
                    "chrPrfWeap_hunchback_righttorso_srm2_mh1",
                    "chrPrfWeap_hunchback_righttorso_srm4_mh1",
                    "chrPrfWeap_hunchback_righttorso_srm6_mh1",
                    "chrPrfWeap_hunchback_righttorso_uac5_bh1"
                ],
				[
                    "chrPrfWeap_hunchback_righttorso_flamer_eh2",
                    "chrPrfWeap_hunchback_righttorso_laser_eh2",
					"chrPrfWeap_hunchback_righttorso_ac_bh1",
                    "chrPrfWeap_hunchback_righttorso_gauss_bh1",
                    "chrPrfWeap_hunchback_righttorso_lbx_bh1",
                    "chrPrfWeap_hunchback_righttorso_lrm10_mh1",
                    "chrPrfWeap_hunchback_righttorso_lrm5_mh1",
                    "chrPrfWeap_hunchback_righttorso_mg_bh1",
                    "chrPrfWeap_hunchback_righttorso_narc_mh1",  
                    "chrPrfWeap_hunchback_righttorso_srm2_mh1",
                    "chrPrfWeap_hunchback_righttorso_srm4_mh1",
                    "chrPrfWeap_hunchback_righttorso_srm6_mh1",
                    "chrPrfWeap_hunchback_righttorso_uac5_bh1"
                ],
                [
                    "chrPrfWeap_hunchback_righttorso_flamer_eh3",
                    "chrPrfWeap_hunchback_righttorso_laser_eh3",
					"chrPrfWeap_hunchback_righttorso_ac_bh1",
                    "chrPrfWeap_hunchback_righttorso_gauss_bh1",
                    "chrPrfWeap_hunchback_righttorso_lbx_bh1",
                    "chrPrfWeap_hunchback_righttorso_lrm10_mh1",
                    "chrPrfWeap_hunchback_righttorso_lrm5_mh1",
                    "chrPrfWeap_hunchback_righttorso_mg_bh1",
                    "chrPrfWeap_hunchback_righttorso_narc_mh1",  
                    "chrPrfWeap_hunchback_righttorso_srm2_mh1",
                    "chrPrfWeap_hunchback_righttorso_srm4_mh1",
                    "chrPrfWeap_hunchback_righttorso_srm6_mh1",
                    "chrPrfWeap_hunchback_righttorso_uac5_bh1"
                ],
                [
                    "chrPrfWeap_hunchback_righttorso_flamer_eh4",
                    "chrPrfWeap_hunchback_righttorso_laser_eh4",
					"chrPrfWeap_hunchback_righttorso_ac_bh1",
                    "chrPrfWeap_hunchback_righttorso_gauss_bh1",
                    "chrPrfWeap_hunchback_righttorso_lbx_bh1",
                    "chrPrfWeap_hunchback_righttorso_lrm10_mh1",
                    "chrPrfWeap_hunchback_righttorso_lrm5_mh1",
                    "chrPrfWeap_hunchback_righttorso_mg_bh1",
                    "chrPrfWeap_hunchback_righttorso_narc_mh1",  
                    "chrPrfWeap_hunchback_righttorso_srm2_mh1",
                    "chrPrfWeap_hunchback_righttorso_srm4_mh1",
                    "chrPrfWeap_hunchback_righttorso_srm6_mh1",
                    "chrPrfWeap_hunchback_righttorso_uac5_bh1"
                ],
                [
                    "chrPrfWeap_hunchback_righttorso_flamer_eh5",
                    "chrPrfWeap_hunchback_righttorso_laser_eh5",
					"chrPrfWeap_hunchback_righttorso_ac_bh1",
                    "chrPrfWeap_hunchback_righttorso_gauss_bh1",
                    "chrPrfWeap_hunchback_righttorso_lbx_bh1",
                    "chrPrfWeap_hunchback_righttorso_lrm10_mh1",
                    "chrPrfWeap_hunchback_righttorso_lrm5_mh1",
                    "chrPrfWeap_hunchback_righttorso_mg_bh1",
                    "chrPrfWeap_hunchback_righttorso_narc_mh1",  
                    "chrPrfWeap_hunchback_righttorso_srm2_mh1",
                    "chrPrfWeap_hunchback_righttorso_srm4_mh1",
                    "chrPrfWeap_hunchback_righttorso_srm6_mh1",
                    "chrPrfWeap_hunchback_righttorso_uac5_bh1"
                ],
                [
                    "chrPrfWeap_hunchback_righttorso_flamer_eh6",
                    "chrPrfWeap_hunchback_righttorso_laser_eh6",
					"chrPrfWeap_hunchback_righttorso_ac_bh1",
                    "chrPrfWeap_hunchback_righttorso_gauss_bh1",
                    "chrPrfWeap_hunchback_righttorso_lbx_bh1",
                    "chrPrfWeap_hunchback_righttorso_lrm10_mh1",
                    "chrPrfWeap_hunchback_righttorso_lrm5_mh1",
                    "chrPrfWeap_hunchback_righttorso_mg_bh1",
                    "chrPrfWeap_hunchback_righttorso_narc_mh1",  
                    "chrPrfWeap_hunchback_righttorso_srm2_mh1",
                    "chrPrfWeap_hunchback_righttorso_srm4_mh1",
                    "chrPrfWeap_hunchback_righttorso_srm6_mh1",
                    "chrPrfWeap_hunchback_righttorso_uac5_bh1"
                ],
				[
					"chrPrfWeap_hunchback_righttorso_flamer_eh1",
                    "chrPrfWeap_hunchback_righttorso_laser_eh1",
                    "chrPrfWeap_hunchback_righttorso_ac2_bh2",
                    "chrPrfWeap_hunchback_righttorso_lbx_bh2",
                    "chrPrfWeap_hunchback_righttorso_lrm10_mh2",
                    "chrPrfWeap_hunchback_righttorso_lrm5_mh2",
                    "chrPrfWeap_hunchback_righttorso_mg_bh2",
                    "chrPrfWeap_hunchback_righttorso_narc_mh2",   
                    "chrPrfWeap_hunchback_righttorso_srm2_mh2",
                    "chrPrfWeap_hunchback_righttorso_srm4_mh2",
                    "chrPrfWeap_hunchback_righttorso_srm6_mh2",
                    "chrPrfWeap_hunchback_righttorso_uac5_bh2"
                ],
				[
					"chrPrfWeap_hunchback_righttorso_flamer_eh2",
                    "chrPrfWeap_hunchback_righttorso_laser_eh2",
                    "chrPrfWeap_hunchback_righttorso_ac2_bh2",
                    "chrPrfWeap_hunchback_righttorso_lbx_bh2",
                    "chrPrfWeap_hunchback_righttorso_lrm10_mh2",
                    "chrPrfWeap_hunchback_righttorso_lrm5_mh2",
                    "chrPrfWeap_hunchback_righttorso_mg_bh2",
                    "chrPrfWeap_hunchback_righttorso_narc_mh2",   
                    "chrPrfWeap_hunchback_righttorso_srm2_mh2",
                    "chrPrfWeap_hunchback_righttorso_srm4_mh2",
                    "chrPrfWeap_hunchback_righttorso_srm6_mh2",
                    "chrPrfWeap_hunchback_righttorso_uac5_bh2"
                ],
				[
					"chrPrfWeap_hunchback_righttorso_flamer_eh3",
                    "chrPrfWeap_hunchback_righttorso_laser_eh3",
                    "chrPrfWeap_hunchback_righttorso_ac2_bh2",
                    "chrPrfWeap_hunchback_righttorso_lbx_bh2",
                    "chrPrfWeap_hunchback_righttorso_lrm10_mh2",
                    "chrPrfWeap_hunchback_righttorso_lrm5_mh2",
                    "chrPrfWeap_hunchback_righttorso_mg_bh2",
                    "chrPrfWeap_hunchback_righttorso_narc_mh2",   
                    "chrPrfWeap_hunchback_righttorso_srm2_mh2",
                    "chrPrfWeap_hunchback_righttorso_srm4_mh2",
                    "chrPrfWeap_hunchback_righttorso_srm6_mh2",
                    "chrPrfWeap_hunchback_righttorso_uac5_bh2"
                ],
				[
					"chrPrfWeap_hunchback_righttorso_flamer_eh4",
                    "chrPrfWeap_hunchback_righttorso_laser_eh4",
                    "chrPrfWeap_hunchback_righttorso_ac2_bh2",
                    "chrPrfWeap_hunchback_righttorso_lbx_bh2",
                    "chrPrfWeap_hunchback_righttorso_lrm10_mh2",
                    "chrPrfWeap_hunchback_righttorso_lrm5_mh2",
                    "chrPrfWeap_hunchback_righttorso_mg_bh2",
                    "chrPrfWeap_hunchback_righttorso_narc_mh2",   
                    "chrPrfWeap_hunchback_righttorso_srm2_mh2",
                    "chrPrfWeap_hunchback_righttorso_srm4_mh2",
                    "chrPrfWeap_hunchback_righttorso_srm6_mh2",
                    "chrPrfWeap_hunchback_righttorso_uac5_bh2"
                ],
				[
					"chrPrfWeap_hunchback_righttorso_flamer_eh5",
                    "chrPrfWeap_hunchback_righttorso_laser_eh5",
                    "chrPrfWeap_hunchback_righttorso_ac2_bh2",
                    "chrPrfWeap_hunchback_righttorso_lbx_bh2",
                    "chrPrfWeap_hunchback_righttorso_lrm10_mh2",
                    "chrPrfWeap_hunchback_righttorso_lrm5_mh2",
                    "chrPrfWeap_hunchback_righttorso_mg_bh2",
                    "chrPrfWeap_hunchback_righttorso_narc_mh2",   
                    "chrPrfWeap_hunchback_righttorso_srm2_mh2",
                    "chrPrfWeap_hunchback_righttorso_srm4_mh2",
                    "chrPrfWeap_hunchback_righttorso_srm6_mh2",
                    "chrPrfWeap_hunchback_righttorso_uac5_bh2"
                ],
				[
					"chrPrfWeap_hunchback_righttorso_flamer_eh6",
                    "chrPrfWeap_hunchback_righttorso_laser_eh6",
                    "chrPrfWeap_hunchback_righttorso_ac2_bh2",
                    "chrPrfWeap_hunchback_righttorso_lbx_bh2",
                    "chrPrfWeap_hunchback_righttorso_lrm10_mh2",
                    "chrPrfWeap_hunchback_righttorso_lrm5_mh2",
                    "chrPrfWeap_hunchback_righttorso_mg_bh2",
                    "chrPrfWeap_hunchback_righttorso_narc_mh2",   
                    "chrPrfWeap_hunchback_righttorso_srm2_mh2",
                    "chrPrfWeap_hunchback_righttorso_srm4_mh2",
                    "chrPrfWeap_hunchback_righttorso_srm6_mh2",
                    "chrPrfWeap_hunchback_righttorso_uac5_bh2"
                ],
				[
					"chrPrfWeap_hunchback_righttorso_ppc_eh1"
				],
				[
					"chrPrfWeap_hunchback_righttorso_ppc_eh2"
				],
				[
					"chrPrfWeap_hunchback_righttorso_ppc_eh3"
				],
				[
					"chrPrfWeap_hunchback_righttorso_ppc_eh4",
					"chrPrfWeap_hunchback_righttorso_ac2_bh3",
					"chrPrfWeap_hunchback_righttorso_mg_bh3",
                    "chrPrfWeap_hunchback_righttorso_uac5_bh3"	
				]
            ],
            "blanks" : [
                
            ],
            "mountingPoints" : [
                
            ]
        }
    ]
}