{
    "ID" : "hardpointdatadef_thunderbolt",
    "HardpointData" : [
        {
            "location" : "leftarm",
            "weapons" : [
                [
                    "chrPrfWeap_thunderbolt_leftarm_ac10_bh1",
                    "chrPrfWeap_thunderbolt_leftarm_ac2_bh1",
                    "chrPrfWeap_thunderbolt_leftarm_ac5_bh1",
                    "chrPrfWeap_thunderbolt_leftarm_gauss_bh1",
                    "chrPrfWeap_thunderbolt_leftarm_lbx_bh1",
                    "chrPrfWeap_thunderbolt_leftarm_mg_bh1",
                    "chrPrfWeap_thunderbolt_leftarm_uac5_bh1"
                ],
                [
                    "chrPrfWeap_thunderbolt_leftarm_ac2_bh2",
                    "chrPrfWeap_thunderbolt_leftarm_ac5_bh2",
                    "chrPrfWeap_thunderbolt_leftarm_mg_bh2"
                ]
            ],
            "blanks" : [
                
            ],
            "mountingPoints" : [
                
            ]
        },
        {
            "location" : "lefttorso",
            "weapons" : [
                [
                    "chrPrfWeap_thunderbolt_lefttorso_flamer_eh1",
                    "chrPrfWeap_thunderbolt_lefttorso_laser_eh1",
                    "chrPrfWeap_thunderbolt_lefttorso_ppc_eh1"
                ],
				[
                    "chrPrfWeap_thunderbolt_lefttorso_lrm10_mh1",
                    "chrPrfWeap_thunderbolt_lefttorso_lrm5_mh1",
                    "chrPrfWeap_thunderbolt_lefttorso_narc_mh1",
                    "chrPrfWeap_thunderbolt_lefttorso_srm2_mh1",
                    "chrPrfWeap_thunderbolt_lefttorso_srm4_mh1",
                    "chrPrfWeap_thunderbolt_lefttorso_srm6_mh1"
                ],
                [
                    "chrPrfWeap_thunderbolt_lefttorso_flamer_eh2",
                    "chrPrfWeap_thunderbolt_lefttorso_laser_eh2",
                    "chrPrfWeap_thunderbolt_lefttorso_ppc_eh2"
                ],
                [
                    "chrPrfWeap_thunderbolt_lefttorso_flamer_eh3",
                    "chrPrfWeap_thunderbolt_lefttorso_laser_eh3",
                    "chrPrfWeap_thunderbolt_lefttorso_ppc_eh3"
                ],
                [
                    "chrPrfWeap_thunderbolt_lefttorso_flamer_eh4",
                    "chrPrfWeap_thunderbolt_lefttorso_laser_eh4",
                    "chrPrfWeap_thunderbolt_lefttorso_ppc_eh4",
					"chrPrfWeap_thunderbolt_lefttorso_lrm10_mh2",
                    "chrPrfWeap_thunderbolt_lefttorso_lrm5_mh2",
                    "chrPrfWeap_thunderbolt_lefttorso_narc_mh2",
					"chrPrfWeap_thunderbolt_lefttorso_srm2_mh2",
                    "chrPrfWeap_thunderbolt_lefttorso_srm4_mh2",
                    "chrPrfWeap_thunderbolt_lefttorso_srm6_mh2"
                ]
            ],
            "blanks" : [
                "chrPrfWeap_thunderbolt_lefttorso_blank_eh1",
                "chrPrfWeap_thunderbolt_lefttorso_blank_eh2",
                "chrPrfWeap_thunderbolt_lefttorso_blank_eh3"
            ],
            "mountingPoints" : [

            ]
        },
        {
            "location" : "rightarm",
            "weapons" : [
                [
                    "chrPrfWeap_thunderbolt_rightarm_flamer_eh1",
                    "chrPrfWeap_thunderbolt_rightarm_laser_eh1",
                    "chrPrfWeap_thunderbolt_rightarm_ppc_eh1"
                ],
                [
                    "chrPrfWeap_thunderbolt_rightarm_flamer_eh2",
                    "chrPrfWeap_thunderbolt_rightarm_laser_eh2",
                    "chrPrfWeap_thunderbolt_rightarm_ppc_eh2"
                ]
            ],
            "blanks" : [
                
            ],
            "mountingPoints" : [
                
            ]
        },
        {
            "location" : "righttorso",
            "weapons" : [			
				[
					"chrPrfWeap_thunderbolt_righttorso_flamer_eh1",
                    "chrPrfWeap_thunderbolt_righttorso_laser_eh1",
					"chrPrfWeap_thunderbolt_righttorso_ppc_eh1",
					"chrPrfWeap_thunderbolt_righttorso_lrm10_mh1",
                    "chrPrfWeap_thunderbolt_righttorso_lrm15_mh1",
                    "chrPrfWeap_thunderbolt_righttorso_lrm5_mh1",
                    "chrPrfWeap_thunderbolt_righttorso_srm20_mh1",
                    "chrPrfWeap_thunderbolt_righttorso_srm2_mh1",
                    "chrPrfWeap_thunderbolt_righttorso_srm4_mh1",
                    "chrPrfWeap_thunderbolt_righttorso_srm6_mh1"
				],
				[
					"chrPrfWeap_thunderbolt_righttorso_flamer_eh2",
                    "chrPrfWeap_thunderbolt_righttorso_laser_eh2",
					"chrPrfWeap_thunderbolt_righttorso_ppc_eh2",
					"chrPrfWeap_thunderbolt_righttorso_lrm10_mh1",
                    "chrPrfWeap_thunderbolt_righttorso_lrm15_mh1",
                    "chrPrfWeap_thunderbolt_righttorso_lrm5_mh1",
                    "chrPrfWeap_thunderbolt_righttorso_srm20_mh1",
                    "chrPrfWeap_thunderbolt_righttorso_srm2_mh1",
                    "chrPrfWeap_thunderbolt_righttorso_srm4_mh1",
                    "chrPrfWeap_thunderbolt_righttorso_srm6_mh1"
				],
				[
					"chrPrfWeap_thunderbolt_righttorso_flamer_eh3",
                    "chrPrfWeap_thunderbolt_righttorso_laser_eh3",
                    "chrPrfWeap_thunderbolt_righttorso_ppc_eh3",
					"chrPrfWeap_thunderbolt_righttorso_lrm10_mh2",
                    "chrPrfWeap_thunderbolt_righttorso_lrm5_mh2",
                    "chrPrfWeap_thunderbolt_righttorso_narc_mh2",
                    "chrPrfWeap_thunderbolt_righttorso_srm2_mh2",
                    "chrPrfWeap_thunderbolt_righttorso_srm4_mh2",
                    "chrPrfWeap_thunderbolt_righttorso_srm6_mh2"
				],
				[
					"chrPrfWeap_thunderbolt_righttorso_flamer_eh4",
                    "chrPrfWeap_thunderbolt_righttorso_laser_eh4",
                    "chrPrfWeap_thunderbolt_righttorso_ppc_eh4",
					"chrPrfWeap_thunderbolt_righttorso_lrm10_mh2",
                    "chrPrfWeap_thunderbolt_righttorso_lrm5_mh2",
                    "chrPrfWeap_thunderbolt_righttorso_narc_mh2",
                    "chrPrfWeap_thunderbolt_righttorso_srm2_mh2",
                    "chrPrfWeap_thunderbolt_righttorso_srm4_mh2",
                    "chrPrfWeap_thunderbolt_righttorso_srm6_mh2"
				]
            ],
            "blanks" : [
                "chrPrfWeap_thunderbolt_righttorso_blank_mh1"
            ],
            "mountingPoints" : [
                "chrPrfWeap_thunderbolt_righttorso_hardpoint_eh1"
            ]
        }
    ]
}