{
    "ID" : "hardpointdatadef_kingcrab",
    "HardpointData" : [
        {
            "location" : "leftarm",
            "weapons" : [
                [
                    "chrPrfWeap_kingcrab_leftarm_ac10_bh1",
                    "chrPrfWeap_kingcrab_leftarm_ac20_bh1",
                    "chrPrfWeap_kingcrab_leftarm_ac2_bh1",
                    "chrPrfWeap_kingcrab_leftarm_ac5_bh1",
                    "chrPrfWeap_kingcrab_leftarm_gauss_bh1",
                    "chrPrfWeap_kingcrab_leftarm_lbx10_bh1",
                    "chrPrfWeap_kingcrab_leftarm_mg_bh1",
                    "chrPrfWeap_kingcrab_leftarm_uac5_bh1"
                ],
                [
                    "chrPrfWeap_kingcrab_leftarm_ac2_bh2",
                    "chrPrfWeap_kingcrab_leftarm_ac5_bh2",
                    "chrPrfWeap_kingcrab_leftarm_mg_bh2",
                    "chrPrfWeap_kingcrab_leftarm_uac5_bh2"
                ],
                [
                    "chrPrfWeap_kingcrab_leftarm_ac2_bh3",
                    "chrPrfWeap_kingcrab_leftarm_mg_bh3"
                ]
            ],
            "blanks" : [
                
            ],
            "mountingPoints" : [
                
            ]
        },
        {
            "location" : "lefttorso",
            "weapons" : [
                [
                    "chrPrfWeap_kingcrab_lefttorso_lrm10_mh1",
                    "chrPrfWeap_kingcrab_lefttorso_lrm15_mh1",
                    "chrPrfWeap_kingcrab_lefttorso_lrm5_mh1",
                    "chrPrfWeap_kingcrab_lefttorso_narc_mh1",
                    "chrPrfWeap_kingcrab_lefttorso_srm20_mh1",
                    "chrPrfWeap_kingcrab_lefttorso_srm2_mh1",
                    "chrPrfWeap_kingcrab_lefttorso_srm4_mh1",
                    "chrPrfWeap_kingcrab_lefttorso_srm6_mh1"
                ],
                [
                    "chrPrfWeap_kingcrab_lefttorso_lrm10_mh2",
                    "chrPrfWeap_kingcrab_lefttorso_lrm15_mh2",
                    "chrPrfWeap_kingcrab_lefttorso_lrm5_mh2",
                    "chrPrfWeap_kingcrab_lefttorso_narc_mh2",
                    "chrPrfWeap_kingcrab_lefttorso_srm20_mh2",
                    "chrPrfWeap_kingcrab_lefttorso_srm2_mh2",
                    "chrPrfWeap_kingcrab_lefttorso_srm4_mh2",
                    "chrPrfWeap_kingcrab_lefttorso_srm6_mh2"
                ],
                [
                    "chrPrfWeap_kingcrab_lefttorso_lrm10_mh3",
                    "chrPrfWeap_kingcrab_lefttorso_lrm15_mh3",
                    "chrPrfWeap_kingcrab_lefttorso_lrm5_mh3",
                    "chrPrfWeap_kingcrab_lefttorso_narc_mh3",
                    "chrPrfWeap_kingcrab_lefttorso_srm2_mh3",
                    "chrPrfWeap_kingcrab_lefttorso_srm4_mh3",
                    "chrPrfWeap_kingcrab_lefttorso_srm6_mh3"
                ],
                [
                    "chrPrfWeap_kingcrab_lefttorso_lrm10_mh4",
                    "chrPrfWeap_kingcrab_lefttorso_lrm15_mh4",
                    "chrPrfWeap_kingcrab_lefttorso_lrm5_mh4",
                    "chrPrfWeap_kingcrab_lefttorso_narc_mh4",
                    "chrPrfWeap_kingcrab_lefttorso_srm2_mh4",
                    "chrPrfWeap_kingcrab_lefttorso_srm4_mh4",
                    "chrPrfWeap_kingcrab_lefttorso_srm6_mh4"
                ]
            ],
            "blanks" : [
                
            ],
            "mountingPoints" : [
                
            ]
        },
        {
            "location" : "rightarm",
            "weapons" : [
                [
                    "chrPrfWeap_kingcrab_rightarm_ac10_bh1",
                    "chrPrfWeap_kingcrab_rightarm_ac20_bh1",
                    "chrPrfWeap_kingcrab_rightarm_ac2_bh1",
                    "chrPrfWeap_kingcrab_rightarm_ac5_bh1",
                    "chrPrfWeap_kingcrab_rightarm_gauss_bh1",
                    "chrPrfWeap_kingcrab_rightarm_lbx10_bh1",
                    "chrPrfWeap_kingcrab_rightarm_mg_bh1",
                    "chrPrfWeap_kingcrab_rightarm_uac5_bh1"
                ],
                [
                    "chrPrfWeap_kingcrab_rightarm_ac2_bh2",
                    "chrPrfWeap_kingcrab_rightarm_ac5_bh2",
                    "chrPrfWeap_kingcrab_rightarm_mg_bh2",
                    "chrPrfWeap_kingcrab_rightarm_uac5_bh2"
                ],
                [
                    "chrPrfWeap_kingcrab_rightarm_ac2_bh3",
                    "chrPrfWeap_kingcrab_rightarm_mg_bh3"
                ]
            ],
            "blanks" : [
                
            ],
            "mountingPoints" : [
                
            ]
        },
        {
            "location" : "righttorso",
            "weapons" : [
                [
                    "chrPrfWeap_kingcrab_righttorso_flamer_eh1",
                    "chrPrfWeap_kingcrab_righttorso_laser_eh1",
                    "chrPrfWeap_kingcrab_righttorso_ppc_eh1"
                ],
                [
                    "chrPrfWeap_kingcrab_righttorso_flamer_eh2",
                    "chrPrfWeap_kingcrab_righttorso_laser_eh2",
                    "chrPrfWeap_kingcrab_righttorso_ppc_eh2"
                ],
                [
                    "chrPrfWeap_kingcrab_righttorso_flamer_eh3",
                    "chrPrfWeap_kingcrab_righttorso_laser_eh3",
                    "chrPrfWeap_kingcrab_righttorso_ppc_eh3"
                ],
                [
                    "chrPrfWeap_kingcrab_righttorso_flamer_eh4",
                    "chrPrfWeap_kingcrab_righttorso_laser_eh4",
                    "chrPrfWeap_kingcrab_righttorso_ppc_eh4"
                ]
            ],
            "blanks" : [
                
            ],
            "mountingPoints" : [
                
            ]
        }
    ]
}