{
    "ID" : "hardpointdatadef_cataphract",
    "HardpointData" : [
        {
            "location" : "centertorso",
            "weapons" : [
                [
                    "chrPrfWeap_cataphract_centertorso_flamer_eh1",
                    "chrPrfWeap_cataphract_centertorso_laser_eh1"
                ],
                [
                    "chrPrfWeap_cataphract_centertorso_flamer_eh2",
                    "chrPrfWeap_cataphract_centertorso_laser_eh2"
                ]
            ],
            "blanks" : [
                
            ],
            "mountingPoints" : [
                
            ]
        },
        {
            "location" : "head",
            "weapons" : [
                [
                    "chrPrfWeap_cataphract_head_lrm5_mh1",
                    "chrPrfWeap_cataphract_head_srm2_mh1",
                    "chrPrfWeap_cataphract_head_srm4_mh1"
                ]
            ],
            "blanks" : [
                
            ],
            "mountingPoints" : [
                
            ]
        },
        {
            "location" : "leftarm",
            "weapons" : [
                [
                    "chrPrfWeap_cataphract_leftarm_ac10_bh1",
                    "chrPrfWeap_cataphract_leftarm_ac2_bh1",
                    "chrPrfWeap_cataphract_leftarm_ac5_bh1",
                    "chrPrfWeap_cataphract_leftarm_flamer_eh1",
                    "chrPrfWeap_cataphract_leftarm_gauss_bh1",
                    "chrPrfWeap_cataphract_leftarm_laser_eh1",
                    "chrPrfWeap_cataphract_leftarm_lbx10_bh1",
                    "chrPrfWeap_cataphract_leftarm_lrm10_mh1",
                    "chrPrfWeap_cataphract_leftarm_lrm15_mh1",
                    "chrPrfWeap_cataphract_leftarm_lrm5_mh1",
                    "chrPrfWeap_cataphract_leftarm_mg_bh1",
                    "chrPrfWeap_cataphract_leftarm_narc_mh1",
                    "chrPrfWeap_cataphract_leftarm_ppc_eh1",
                    "chrPrfWeap_cataphract_leftarm_srm20_mh1",
                    "chrPrfWeap_cataphract_leftarm_srm2_mh1",
                    "chrPrfWeap_cataphract_leftarm_srm4_mh1",
                    "chrPrfWeap_cataphract_leftarm_srm6_mh1",
                    "chrPrfWeap_cataphract_leftarm_uac5_bh1"
                ],
                [
                    "chrPrfWeap_cataphract_leftarm_ac2_bh2",
                    "chrPrfWeap_cataphract_leftarm_ac5_bh2",
                    "chrPrfWeap_cataphract_leftarm_flamer_eh2",
                    "chrPrfWeap_cataphract_leftarm_laser_eh2",
                    "chrPrfWeap_cataphract_leftarm_mg_bh2",
                    "chrPrfWeap_cataphract_leftarm_ppc_eh2",
					"chrPrfWeap_cataphract_leftarm_lrm10_mh1",
                    "chrPrfWeap_cataphract_leftarm_lrm15_mh1",
                    "chrPrfWeap_cataphract_leftarm_lrm5_mh1",
					"chrPrfWeap_cataphract_leftarm_narc_mh1",
					"chrPrfWeap_cataphract_leftarm_srm20_mh1",
                    "chrPrfWeap_cataphract_leftarm_srm2_mh1",
                    "chrPrfWeap_cataphract_leftarm_srm4_mh1",
                    "chrPrfWeap_cataphract_leftarm_srm6_mh1",
                    "chrPrfWeap_cataphract_leftarm_uac5_bh1"
                ],
				[
                    "chrPrfWeap_cataphract_leftarm_lrm10_mh2",
                    "chrPrfWeap_cataphract_leftarm_lrm15_mh2",
                    "chrPrfWeap_cataphract_leftarm_lrm5_mh2",
                    "chrPrfWeap_cataphract_leftarm_narc_mh2",
                    "chrPrfWeap_cataphract_leftarm_srm2_mh2",
                    "chrPrfWeap_cataphract_leftarm_srm4_mh2",
                    "chrPrfWeap_cataphract_leftarm_srm6_mh2"
				]
            ],
            "blanks" : [
                
            ],
            "mountingPoints" : [
                
            ]
        },
        {
            "location" : "lefttorso",
            "weapons" : [
                [
                    "chrPrfWeap_cataphract_lefttorso_flamer_eh1",
                    "chrPrfWeap_cataphract_lefttorso_laser_eh1",
                    "chrPrfWeap_cataphract_lefttorso_ppc_eh1"
                ]
            ],
            "blanks" : [
                
            ],
            "mountingPoints" : [
                
            ]
        },
        {
            "location" : "rightarm",
            "weapons" : [
                [
                    "chrPrfWeap_cataphract_rightarm_ac10_bh1",
                    "chrPrfWeap_cataphract_rightarm_ac2_bh1",
                    "chrPrfWeap_cataphract_rightarm_ac5_bh1",
                    "chrPrfWeap_cataphract_rightarm_flamer_eh1",
                    "chrPrfWeap_cataphract_rightarm_gauss_bh1",
                    "chrPrfWeap_cataphract_rightarm_laser_eh1",
                    "chrPrfWeap_cataphract_rightarm_lbx10_bh1",
                    "chrPrfWeap_cataphract_rightarm_mg_bh1",
                    "chrPrfWeap_cataphract_rightarm_ppc_eh1",
                    "chrPrfWeap_cataphract_rightarm_uac5_bh1"
                ],
                [
                    "chrPrfWeap_cataphract_rightarm_ac2_bh2",
                    "chrPrfWeap_cataphract_rightarm_ac5_bh2",
                    "chrPrfWeap_cataphract_rightarm_flamer_eh2",
                    "chrPrfWeap_cataphract_rightarm_laser_eh2",
                    "chrPrfWeap_cataphract_rightarm_mg_bh2",
                    "chrPrfWeap_cataphract_rightarm_ppc_eh2"
                ]
            ],
            "blanks" : [
                
            ],
            "mountingPoints" : [
                
            ]
        },
        {
            "location" : "righttorso",
            "weapons" : [
                [
                    "chrPrfWeap_cataphract_righttorso_ac10_bh1",
                    "chrPrfWeap_cataphract_righttorso_ac20_bh1",
                    "chrPrfWeap_cataphract_righttorso_ac2_bh1",
                    "chrPrfWeap_cataphract_righttorso_ac5_bh1",
                    "chrPrfWeap_cataphract_righttorso_gauss_bh1",
                    "chrPrfWeap_cataphract_righttorso_lbx10_bh1",
                    "chrPrfWeap_cataphract_righttorso_mg_bh1",
                    "chrPrfWeap_cataphract_righttorso_uac5_bh1"
                ],
				[
                    "chrPrfWeap_cataphract_righttorso_flamer_eh1",
                    "chrPrfWeap_cataphract_righttorso_laser_eh1",
                    "chrPrfWeap_cataphract_righttorso_ppc_eh1"
                ]
            ],
            "blanks" : [
                
            ],
            "mountingPoints" : [
                
            ]
        }
    ]
}