{
    "ID" : "hardpointdatadef_bulldog",
    "HardpointData" : [
        {
            "location" : "front",
            "weapons" : [
                [
                    "chrPrfWeap_bulldog_front_generic_bh1"
                ]
            ],
            "blanks" : [
                
            ],
            "mountingPoints" : [
                
            ]
        },
        {
            "location" : "turret",
            "weapons" : [
                [
                    "chrPrfWeap_bulldog_turret_generic_eh1"
                ]
            ],
            "blanks" : [
                
            ],
            "mountingPoints" : [
                
            ]
        }
    ]
}