{
    "ID" : "hardpointdatadef_orion",
    "HardpointData" : [
        {
            "location" : "centertorso",
            "weapons" : [
                [
                    "chrPrfWeap_orion_centertorso_lrm5_mh1",
                    "chrPrfWeap_orion_centertorso_narc_mh1",
                    "chrPrfWeap_orion_centertorso_srm6_mh1"
                ]
            ],
            "blanks" : [
                
            ],
            "mountingPoints" : [
                
            ]
        },
        {
            "location" : "leftarm",
            "weapons" : [
                [
                    "chrPrfWeap_orion_leftarm_flamer_eh1",
                    "chrPrfWeap_orion_leftarm_laser_eh1",
                    "chrPrfWeap_orion_leftarm_ppc_eh1"
                ],
                [
                    "chrPrfWeap_orion_leftarm_flamer_eh2",
                    "chrPrfWeap_orion_leftarm_laser_eh2",
                    "chrPrfWeap_orion_leftarm_ppc_eh2"
                ],
				[
					"chrPrfWeap_orion_leftarm_lrm15_mh1",
                    "chrPrfWeap_orion_leftarm_lrm5_mh1",
					"chrPrfWeap_orion_leftarm_srm4_mh1",
                    "chrPrfWeap_orion_leftarm_srm6_mh1"
				],
				[
					"chrPrfWeap_orion_leftarm_lrm10_mh2",
					"chrPrfWeap_orion_leftarm_srm6_mh2"
				]
            ],
            "blanks" : [
                
            ],
            "mountingPoints" : [
                "chrPrfWeap_orion_leftarm_hardpoint_eh2"
            ]
        },
        {
            "location" : "lefttorso",
            "weapons" : [
                [
                    "chrPrfWeap_orion_lefttorso_flamer_eh1",
                    "chrPrfWeap_orion_lefttorso_laser_eh1",
                    "chrPrfWeap_orion_lefttorso_ppc_eh1",
                    "chrPrfWeap_orion_lefttorso_srm20_mh1",
					"chrPrfWeap_orion_lefttorso_lrm5_mh1",
                    "chrPrfWeap_orion_lefttorso_srm2_mh1",
                    "chrPrfWeap_orion_lefttorso_srm4_mh1",
                    "chrPrfWeap_orion_lefttorso_srm6_mh1"
                ],
                [
                    "chrPrfWeap_orion_lefttorso_lrm10_mh2",
                    "chrPrfWeap_orion_lefttorso_srm6_mh2"
                ]
            ],
            "blanks" : [
                "chrPrfWeap_orion_lefttorso_blank_mh1"
            ],
            "mountingPoints" : [
                
            ]
        },
        {
            "location" : "rightarm",
            "weapons" : [
                [
                    "chrPrfWeap_orion_rightarm_flamer_eh1",
                    "chrPrfWeap_orion_rightarm_laser_eh1",
                    "chrPrfWeap_orion_rightarm_ppc_eh1"   
                ],
                [
                    "chrPrfWeap_orion_rightarm_flamer_eh2",
                    "chrPrfWeap_orion_rightarm_laser_eh2",
                    "chrPrfWeap_orion_rightarm_ppc_eh2"   
                ],
				[
					"chrPrfWeap_orion_rightarm_lrm15_mh1",
                    "chrPrfWeap_orion_rightarm_lrm5_mh1",
					"chrPrfWeap_orion_rightarm_srm4_mh1",
                    "chrPrfWeap_orion_rightarm_srm6_mh1"
				],
				[
					"chrPrfWeap_orion_rightarm_lrm10_mh2",
					"chrPrfWeap_orion_rightarm_srm6_mh2"
				]
            ],
            "blanks" : [
                
            ],
            "mountingPoints" : [
                "chrPrfWeap_orion_rightarm_hardpoint_eh2"
            ]
        },
        {
            "location" : "righttorso",
            "weapons" : [
                [
                    "chrPrfWeap_orion_righttorso_ac10_bh1",
                    "chrPrfWeap_orion_righttorso_ac20_bh1",
                    "chrPrfWeap_orion_righttorso_ac5_bh1",
                    "chrPrfWeap_orion_righttorso_gauss_bh1",
                    "chrPrfWeap_orion_righttorso_lbx_bh1",
                    "chrPrfWeap_orion_righttorso_mg_bh1",
                    "chrPrfWeap_orion_righttorso_uac5_bh1"
                ],
                [
                    "chrPrfWeap_orion_righttorso_ac5_bh2",
                    "chrPrfWeap_orion_righttorso_lbx_bh2",
                    "chrPrfWeap_orion_righttorso_mg_bh2",
                    "chrPrfWeap_orion_righttorso_uac5_bh2"
                ]
            ],
            "blanks" : [
                
            ],
            "mountingPoints" : [
                "chrPrfWeap_orion_righttorso_hardpoint_bh1"
            ]
        }
    ]
}