{
    "ID" : "hardpointdatadef_quickdraw",
    "HardpointData" : [
        {
            "location" : "centertorso",
            "weapons" : [
                [
                    "chrPrfWeap_quickdraw_centertorso_flamer_eh1",
                    "chrPrfWeap_quickdraw_centertorso_laser_eh1",
                    "chrPrfWeap_quickdraw_centertorso_srm2_mh1",
                    "chrPrfWeap_quickdraw_centertorso_srm4_mh1"
                ],
                [
                    "chrPrfWeap_quickdraw_centertorso_flamer_eh2",
                    "chrPrfWeap_quickdraw_centertorso_laser_eh2"
                ]
            ],
            "blanks" : [
                "chrPrfWeap_quickdraw_centertorso_blank_mh1"
            ],
            "mountingPoints" : [
                "chrPrfWeap_quickdraw_centertorso_hardpoint_eh1"
            ]
        },
        {
            "location" : "leftarm",
            "weapons" : [
                [
                    "chrPrfWeap_quickdraw_leftarm_ac10_bh1",
                    "chrPrfWeap_quickdraw_leftarm_ac5_bh1",
                    "chrPrfWeap_quickdraw_leftarm_flamer_eh1",
                    "chrPrfWeap_quickdraw_leftarm_gauss_bh1",
                    "chrPrfWeap_quickdraw_leftarm_laser_eh1",
                    "chrPrfWeap_quickdraw_leftarm_lbx10_bh1",
                    "chrPrfWeap_quickdraw_leftarm_mg_bh1",
                    "chrPrfWeap_quickdraw_leftarm_ppc_eh1",
                    "chrPrfWeap_quickdraw_leftarm_uac5_bh1"
                ]
            ],
            "blanks" : [
                
            ],
            "mountingPoints" : [
                
            ]
        },
        {
            "location" : "lefttorso",
            "weapons" : [
                [
                    "chrPrfWeap_quickdraw_lefttorso_flamer_eh1",
                    "chrPrfWeap_quickdraw_lefttorso_laser_eh1",
                    "chrPrfWeap_quickdraw_lefttorso_lrm10_mh1",
                    "chrPrfWeap_quickdraw_lefttorso_srm4_mh1",
                    "chrPrfWeap_quickdraw_lefttorso_srm6_mh1",
                    "chrPrfWeap_quickdraw_lefttorso_ppc_eh1"
                ],
                [
                    "chrPrfWeap_quickdraw_lefttorso_flamer_eh2",
                    "chrPrfWeap_quickdraw_lefttorso_laser_eh2",
                    "chrPrfWeap_quickdraw_lefttorso_ppc_eh2"
                ],
				[
					"chrPrfWeap_quickdraw_lefttorso_lrm5_mh2"
				]
            ],
            "blanks" : [
                "chrPrfWeap_quickdraw_lefttorso_blank_eh1",
                "chrPrfWeap_quickdraw_lefttorso_blank_eh2"
            ],
            "mountingPoints" : [
                
            ]
        },
        {
            "location" : "rightarm",
            "weapons" : [
                [
                    "chrPrfWeap_quickdraw_rightarm_ac10_bh1",
                    "chrPrfWeap_quickdraw_rightarm_ac5_bh1",
                    "chrPrfWeap_quickdraw_rightarm_flamer_eh1",
                    "chrPrfWeap_quickdraw_rightarm_gauss_bh1",
                    "chrPrfWeap_quickdraw_rightarm_laser_eh1",
                    "chrPrfWeap_quickdraw_rightarm_lbx10_bh1",
                    "chrPrfWeap_quickdraw_rightarm_mg_bh1",
                    "chrPrfWeap_quickdraw_rightarm_ppc_eh1",
                    "chrPrfWeap_quickdraw_rightarm_uac5_bh1"
                ]
            ],
            "blanks" : [
                
            ],
            "mountingPoints" : [
                
            ]
        },
        {
            "location" : "righttorso",
            "weapons" : [
                [
                    "chrPrfWeap_quickdraw_righttorso_flamer_eh1",
                    "chrPrfWeap_quickdraw_righttorso_laser_eh1",
                    "chrPrfWeap_quickdraw_righttorso_lrm10_mh1",
                    "chrPrfWeap_quickdraw_righttorso_ppc_eh1",
                    "chrPrfWeap_quickdraw_righttorso_srm4_mh1",
                    "chrPrfWeap_quickdraw_righttorso_srm6_mh1"
                ],
                [
                    "chrPrfWeap_quickdraw_righttorso_flamer_eh2",
                    "chrPrfWeap_quickdraw_righttorso_laser_eh2",
                    "chrPrfWeap_quickdraw_righttorso_ppc_eh2"
                ]
            ],
            "blanks" : [
                "chrPrfWeap_quickdraw_righttorso_blank_eh1",
                "chrPrfWeap_quickdraw_righttorso_blank_eh2"
            ],
            "mountingPoints" : [
                
            ]
        }
    ]
}