{
    "ID": "CaptureBase_SurveillanceOutpost",
    "contractName": "Surveillance Outpost",
    "contractDisplayStyle": "BaseCampaignNormal",
    "difficulty": 5,
    "weight": 1,
    "scope": "STANDARD",
    "finalDifficulty": 0,
    "shortDescription": "Unremarkable, empty systems like this one are the perfect location for covert intelligence gathering operations. We believe there's a {TEAM_TAR.FactionDef.Demonym} facility here on {TGT_SYSTEM.Name} doing exactly that. Monitoring the pattern of DropShips making landings on the planet has led {TEAM_EMP.FactionDef.Demonym} analysts to a remote, apparently empty facility. Until just a few days ago, when we picked up the unmasked signature of a 'Mech's fusion engine powering up. That facility isn't empty, and we want the data stored there.",
    "longDescription": "How relevant can intel from the ass end of nowhere really be? We're still being paid, so I suppose it doesn't matter, honestly.",
    "salvagePotential": "16",
    "requirementList": [
        {
            "Scope": "StarSystem",
            "RequirementTags": {
                "items": [
                    "planet_other_empty"
                ],
                "tagSetSourceFile": ""
            },
            "ExclusionTags": {
                "items": [],
                "tagSetSourceFile": ""
            },
            "RequirementComparisons": [
                {
                    "obj": "Employer.AuriganRestoration",
                    "op": "Equal",
                    "val": "0"
                }
            ]
        }
    ],
    "OnContractSuccessResults": [],
    "OnContractFailureResults": [],
    "contractType": "CaptureBase",
    "encounterPlayStyle": "SinglePlayer",
    "maxNumberOfPlayerUnits": 4,
    "mapMood": null,
    "startingFogOfWarVisibility": "Surveyed",
    "contractObjectiveList": [
        {
            "contractObjective": {
                "EncounterObjectGuid": "dee3ebc7-d9df-4e5f-bfbb-0fb7dff587f8"
            },
            "title": "Capture the Surveillance Outpost",
            "description": "",
            "isPrimary": true,
            "forPlayer": "Player1",
            "objectiveGuids": [
                "caf2acf6-f7d4-43eb-8044-826b6180e2d6",
                "c02cca7e-6e2c-4a3d-beb0-f9af713a466f",
                "3a4192be-2a53-4383-94ac-19c08883ea5f",
                "7617cb28-c434-4a14-8698-a93ccfc3d750",
                "08f55f37-3afa-4ba6-9e68-d2bdaca90407",
                "cef5d321-a421-4c1d-a9d7-82fb0ce0551b",
                "1e13d14a-9a12-4b6f-b567-8bde83e77275"
            ]
        }
    ],
    "objectiveList": [
        {
            "objective": {
                "EncounterObjectGuid": "caf2acf6-f7d4-43eb-8044-826b6180e2d6"
            },
            "title": "Scout the Outpost",
            "description": "The objective to scout the base that is being captured. Must be completed before the actual capture of the base.",
            "isPrimary": true,
            "OnSuccessResults": [],
            "OnFailureResults": []
        },
        {
            "objective": {
                "EncounterObjectGuid": "c02cca7e-6e2c-4a3d-beb0-f9af713a466f"
            },
            "title": "Destroy the Enemy Force",
            "description": "The objective to optionally destroy the defenders of the base.",
            "isPrimary": false,
            "OnSuccessResults": [
                {
                    "Scope": "Company",
                    "Requirements": {
                        "Scope": "Company",
                        "RequirementTags": {
                            "items": [],
                            "tagSetSourceFile": ""
                        },
                        "ExclusionTags": {
                            "items": [],
                            "tagSetSourceFile": ""
                        },
                        "RequirementComparisons": []
                    },
                    "AddedTags": {
                        "items": [],
                        "tagSetSourceFile": ""
                    },
                    "RemovedTags": {
                        "items": [],
                        "tagSetSourceFile": ""
                    },
                    "Stats": [
                        {
                            "typeString": "System.Single",
                            "name": "ContractBonusRewardPct",
                            "value": 0.1
                        }
                    ]
                }
            ],
            "OnFailureResults": []
        },
        {
            "objective": {
                "EncounterObjectGuid": "3a4192be-2a53-4383-94ac-19c08883ea5f"
            },
            "title": "Occupy the Outpost",
            "description": "The objective for the player to move into and capture the base.",
            "isPrimary": true,
            "OnSuccessResults": [],
            "OnFailureResults": []
        },
        {
            "objective": {
                "EncounterObjectGuid": "cef5d321-a421-4c1d-a9d7-82fb0ce0551b"
            },
            "title": "Hold Out as Enemies Counter Attack",
            "description": "HIDDEN TIMER, NO NEED TO EDIT: This is the hidden timer objective that will trigger the enemy reinforcements.",
            "isPrimary": true,
            "OnSuccessResults": [],
            "OnFailureResults": []
        },
        {
            "objective": {
                "EncounterObjectGuid": "1e13d14a-9a12-4b6f-b567-8bde83e77275"
            },
            "title": "Pacify the Area Around the Outpost",
            "description": "This is a general objective to indicate the player must keep playing and eliminate enemies as they come.",
            "isPrimary": true,
            "OnSuccessResults": [],
            "OnFailureResults": []
        },
        {
            "objective": {
                "EncounterObjectGuid": "7617cb28-c434-4a14-8698-a93ccfc3d750"
            },
            "title": "Destroy Enemy Reinforcements",
            "description": "The primary objective to destroy the force that tries to remove the player from the captured base.",
            "isPrimary": true,
            "OnSuccessResults": [],
            "OnFailureResults": []
        },
        {
            "objective": {
                "EncounterObjectGuid": "08f55f37-3afa-4ba6-9e68-d2bdaca90407"
            },
            "title": "Eliminate Base Turrets",
            "description": "The chunk controlled objective to destroy the turrets for the base, if the chunk is active.",
            "isPrimary": false,
            "OnSuccessResults": [
                {
                    "Scope": "Company",
                    "Requirements": {
                        "Scope": "Company",
                        "RequirementTags": {
                            "items": [],
                            "tagSetSourceFile": ""
                        },
                        "ExclusionTags": {
                            "items": [],
                            "tagSetSourceFile": ""
                        },
                        "RequirementComparisons": []
                    },
                    "AddedTags": {
                        "items": [],
                        "tagSetSourceFile": ""
                    },
                    "RemovedTags": {
                        "items": [],
                        "tagSetSourceFile": ""
                    },
                    "Stats": [
                        {
                            "typeString": "System.Single",
                            "name": "ContractBonusRewardPct",
                            "value": 0.1
                        }
                    ]
                }
            ],
            "OnFailureResults": []
        }
    ],
    "buildingList": [],
    "chunkList": [
        {
            "name": "Chunk_DestroyLance_Defenders (Bonus)",
            "encounterChunk": {
                "EncounterObjectGuid": "a47386d9-3d67-4e83-ac45-ab438af31f4c"
            },
            "enableChunkFromContract": true
        },
        {
            "name": "Chunk_BaseDefense_Turrets (Bonus)",
            "encounterChunk": {
                "EncounterObjectGuid": "2ffe52ba-8dbe-4893-8161-4f33a01d4335"
            },
            "enableChunkFromContract": false
        }
    ],
    "cameraFocusHelperList": [
        {
            "name": "Spawner_PlayerLance",
            "encounterObject": {
                "EncounterObjectGuid": "76b654a6-4f2c-4a6f-86e6-d4cf868335fe"
            }
        },
        {
            "name": "Lance_Enemy_BaseDefenders",
            "encounterObject": {
                "EncounterObjectGuid": "3590aedb-bead-423d-afcf-3d98ca0f301a"
            }
        },
        {
            "name": "Lance_Enemy_Reinforcements",
            "encounterObject": {
                "EncounterObjectGuid": "1ed1ecd2-449b-4df9-8ab5-29846b40c1ad"
            }
        },
        {
            "name": "Lance_Enemy_BaseTurrets",
            "encounterObject": {
                "EncounterObjectGuid": "9a1bfa77-fc82-4e20-be61-63ebe1d1949e"
            }
        },
        {
            "name": "Region_GoTo",
            "encounterObject": {
                "EncounterObjectGuid": "181efcdf-0e34-477b-8a06-39b0ead2d69e"
            }
        },
        {
            "name": "Region_Occupy",
            "encounterObject": {
                "EncounterObjectGuid": "a85da736-7a2e-4cc6-aff3-feb9d73fc7e1"
            }
        },
        {
            "name": "chrPrfVhcl_leopard-MANAGED",
            "encounterObject": {
                "EncounterObjectGuid": "fa771906-ac63-4e43-b9b8-aa9c54b4620c"
            }
        },
        {
            "name": "chrPrfVhcl_union-MANAGED",
            "encounterObject": {
                "EncounterObjectGuid": "1ef40f50-870a-45a5-9f0f-e76916408d1d"
            }
        }
    ],
    "dialogueList": [
        {
            "dialogue": {
                "EncounterObjectGuid": "73df8d9c-a274-48fd-98c9-2bd0d7860e83"
            },
            "name": "Dialogue_MissionStart",
            "overrideDialogueBucketId": "",
            "dialogueContent": [
                {
                    "words": "These are the coordinates we received from {TEAM_EMP.FactionDef.Demonym} intelligence.",
                    "wordsColor": {
                        "r": "1",
                        "g": "1",
                        "b": "1",
                        "a": "1"
                    },
                    "selectedCastDefId": "castDef_DariusDefault",
                    "emote": "Default",
                    "audioName": "NONE",
                    "cameraFocusGuid": "",
                    "cameraDistance": "Far",
                    "cameraHeight": "Default",
                    "revealRadius": -1
                },
                {
                    "words": "Move into position to survey the outpost, and let's figure out what we're dealing with here.",
                    "wordsColor": {
                        "r": "1",
                        "g": "1",
                        "b": "1",
                        "a": "1"
                    },
                    "selectedCastDefId": "castDef_DariusDefault",
                    "emote": "Default",
                    "audioName": "NONE",
                    "cameraFocusGuid": "181efcdf-0e34-477b-8a06-39b0ead2d69e",
                    "cameraDistance": "Far",
                    "cameraHeight": "Default",
                    "revealRadius": -1
                },
                {
                    "words": "Good luck, Commander. Oliveira out.",
                    "wordsColor": {
                        "r": "1",
                        "g": "1",
                        "b": "1",
                        "a": "1"
                    },
                    "selectedCastDefId": "castDef_DariusDefault",
                    "emote": "Default",
                    "audioName": "NONE",
                    "cameraFocusGuid": "76b654a6-4f2c-4a6f-86e6-d4cf868335fe",
                    "cameraDistance": "Far",
                    "cameraHeight": "Default",
                    "revealRadius": -1
                }
            ]
        },
        {
            "dialogue": {
                "EncounterObjectGuid": "4011a4c3-cba2-4d22-b2b3-3b19a3297ab9"
            },
            "name": "Dialogue_MissionSuccess",
            "overrideDialogueBucketId": "",
            "dialogueContent": [
                {
                    "words": "The outpost is ours, Commander. Our employer has agents inbound to take possession of the data archives.",
                    "wordsColor": {
                        "r": "1",
                        "g": "1",
                        "b": "1",
                        "a": "1"
                    },
                    "selectedCastDefId": "castDef_DariusDefault",
                    "emote": "Default",
                    "audioName": "NONE",
                    "cameraFocusGuid": "",
                    "cameraDistance": "Far",
                    "cameraHeight": "Default",
                    "revealRadius": -1
                }
            ]
        },
        {
            "dialogue": {
                "EncounterObjectGuid": "d3d33d95-9ed7-4686-b9eb-954ebe51cc02"
            },
            "name": "Dialogue_MissionFailure",
            "overrideDialogueBucketId": "",
            "dialogueContent": [
                {
                    "words": "I think we're done here, Commander. What a mess.",
                    "wordsColor": {
                        "r": "1",
                        "g": "1",
                        "b": "1",
                        "a": "1"
                    },
                    "selectedCastDefId": "castDef_DariusDefault",
                    "emote": "Default",
                    "audioName": "NONE",
                    "cameraFocusGuid": "",
                    "cameraDistance": "Far",
                    "cameraHeight": "Default",
                    "revealRadius": -1
                }
            ]
        },
        {
            "dialogue": {
                "EncounterObjectGuid": "692713e2-ddc8-4e4e-963b-81163f2fc598"
            },
            "name": "Dialogue_EnemiesSpotted",
            "overrideDialogueBucketId": "DialogBucketDef_Universal_HostilesInbound",
            "dialogueContent": [
                {
                    "words": "Bogeys on sensors!",
                    "wordsColor": {
                        "r": 1,
                        "g": 1,
                        "b": 1,
                        "a": 1
                    },
                    "selectedCastDefId": "castDef_DariusDefault",
                    "emote": "Default",
                    "audioName": "NONE",
                    "cameraFocusGuid": "",
                    "cameraDistance": "Far",
                    "cameraHeight": "Default",
                    "revealRadius": -1
                }
            ]
        },
        {
            "dialogue": {
                "EncounterObjectGuid": "9071057f-44c7-44ee-a23e-10bc7bab3e00"
            },
            "name": "Dialogue_GoToComplete_EnemiesRemain",
            "overrideDialogueBucketId": "DialogBucketDef_CaptureBase_AreaNotClear",
            "dialogueContent": [
                {
                    "words": "[GENERIC VO] Area is not clear, Commander. Eliminate the hostiles before continuing to the next Objective.",
                    "wordsColor": {
                        "r": 1,
                        "g": 1,
                        "b": 1,
                        "a": 1
                    },
                    "selectedCastDefId": "castDef_DariusDefault",
                    "emote": "Default",
                    "audioName": "NONE",
                    "cameraFocusGuid": "",
                    "cameraDistance": "Far",
                    "cameraHeight": "Default",
                    "revealRadius": -1
                }
            ]
        },
        {
            "dialogue": {
                "EncounterObjectGuid": "774f075d-acb4-43d0-aeb2-607292ecd3db"
            },
            "name": "Dialogue_EnemiesComplete_GoToRemain",
            "overrideDialogueBucketId": "DialogBucketDef_CaptureBase_GoToNextObj",
            "dialogueContent": [
                {
                    "words": "[GENERIC VO] Sensors are clear, proceed to the next objective.",
                    "wordsColor": {
                        "r": 1,
                        "g": 1,
                        "b": 1,
                        "a": 1
                    },
                    "selectedCastDefId": "castDef_DariusDefault",
                    "emote": "Default",
                    "audioName": "NONE",
                    "cameraFocusGuid": "",
                    "cameraDistance": "Far",
                    "cameraHeight": "Default",
                    "revealRadius": -1
                }
            ]
        },
        {
            "dialogue": {
                "EncounterObjectGuid": "d61f12a3-f820-4026-b7ca-9d263d1525fa"
            },
            "name": "Dialogue_Interrupt_DropshipLanding",
            "overrideDialogueBucketId": "",
            "dialogueContent": [
                {
                    "words": "Dropship inbound for landing! We're going to get in and out quick!",
                    "wordsColor": {
                        "r": "1",
                        "g": "1",
                        "b": "1",
                        "a": "1"
                    },
                    "selectedCastDefId": "castDef_DariusDefault",
                    "emote": "Default",
                    "audioName": "NONE",
                    "cameraFocusGuid": "",
                    "cameraDistance": "Far",
                    "cameraHeight": "Default",
                    "revealRadius": -1
                }
            ]
        },
        {
            "dialogue": {
                "EncounterObjectGuid": "9193a080-418b-4e46-aeb0-f8ac55fb63b5"
            },
            "name": "Dialogue_Interrupt_TurretWarning",
            "overrideDialogueBucketId": "",
            "dialogueContent": [
                {
                    "words": "Commander, bad news. We're seeing energy signatures for fixed defenses powering up.",
                    "wordsColor": {
                        "r": "1",
                        "g": "1",
                        "b": "1",
                        "a": "1"
                    },
                    "selectedCastDefId": "castDef_DariusDefault",
                    "emote": "Default",
                    "audioName": "NONE",
                    "cameraFocusGuid": "9a1bfa77-fc82-4e20-be61-63ebe1d1949e",
                    "cameraDistance": "Far",
                    "cameraHeight": "Default",
                    "revealRadius": -1
                },
                {
                    "words": " Turrets. Remember they can spot you from a very long way off, Commander.",
                    "wordsColor": {
                        "r": "1",
                        "g": "1",
                        "b": "1",
                        "a": "1"
                    },
                    "selectedCastDefId": "castDef_DariusDefault",
                    "emote": "Default",
                    "audioName": "NONE",
                    "cameraFocusGuid": "",
                    "cameraDistance": "Far",
                    "cameraHeight": "Default",
                    "revealRadius": -1
                }
            ]
        },
        {
            "dialogue": {
                "EncounterObjectGuid": "37173dfd-65d9-40dc-b498-906086595931"
            },
            "name": "Dialogue_Interrupt_GoToComplete",
            "overrideDialogueBucketId": "",
            "dialogueContent": [
                {
                    "words": "Sure enough, that facility isn't abandoned at all. We need to sweep it for hostiles and clear them out.",
                    "wordsColor": {
                        "r": "1",
                        "g": "1",
                        "b": "1",
                        "a": "1"
                    },
                    "selectedCastDefId": "castDef_DariusDefault",
                    "emote": "Default",
                    "audioName": "NONE",
                    "cameraFocusGuid": "a85da736-7a2e-4cc6-aff3-feb9d73fc7e1",
                    "cameraDistance": "Far",
                    "cameraHeight": "Default",
                    "revealRadius": 400
                },
                {
                    "words": "Remember there may be more enemy units in the field, so stay alert.",
                    "wordsColor": {
                        "r": "1",
                        "g": "1",
                        "b": "1",
                        "a": "1"
                    },
                    "selectedCastDefId": "castDef_DariusDefault",
                    "emote": "Default",
                    "audioName": "NONE",
                    "cameraFocusGuid": "",
                    "cameraDistance": "Far",
                    "cameraHeight": "Default",
                    "revealRadius": -1
                }
            ]
        }
    ],
    "disableNegotations": false,
    "disableLanceConfiguration": false,
    "disableCancelButton": false,
    "disableAfterAction": false,
    "contractRewardOverride": -1,
    "travelOnly": false,
    "useTravelCostPenalty": false,
    "usesExpiration": false,
    "expirationTimeOverride": -1,
    "negotiatedSalary": 1,
    "negotiatedSalvage": 0,
    "player1Team": {
        "encounterLayerData": {
            "EncounterObjectGuid": "d11cae27-a850-4dd9-b97e-19ed63e966fb"
        },
        "teamGuid": "bf40fd39-ccf9-47c4-94a6-061809681140",
        "teamName": "Player 1",
        "faction": "Player1sMercUnit",
        "teamLeaderCastDefId": "castDef_TeamLeader_Current",
        "lanceOverrideList": [
            {
                "lanceSpawner": {
                    "EncounterObjectGuid": "76b654a6-4f2c-4a6f-86e6-d4cf868335fe"
                },
                "name": "Spawner_PlayerLance",
                "lanceDefId": "Manual",
                "lanceTagSet": {
                    "items": [],
                    "tagSetSourceFile": ""
                },
                "lanceExcludedTagSet": {
                    "items": [],
                    "tagSetSourceFile": "Tags/LanceTags"
                },
                "spawnEffectTags": {
                    "items": [],
                    "tagSetSourceFile": "Tags/SpawnEffectTags"
                },
                "lanceDifficultyAdjustment": 0,
                "selectedLanceDefId": null,
                "selectedLanceDifficulty": 0,
                "unitSpawnPointOverrideList": [
                    {
                        "unitSpawnPoint": {
                            "EncounterObjectGuid": "ec9d2280-ca9a-4d90-8a20-963d8a4c0a39"
                        },
                        "customUnitName": null,
                        "unitType": "Mech",
                        "unitDefId": "mechDef_None",
                        "unitTagSet": {
                            "items": [],
                            "tagSetSourceFile": ""
                        },
                        "unitExcludedTagSet": {
                            "items": [],
                            "tagSetSourceFile": "Tags/UnitTags"
                        },
                        "spawnEffectTags": {
                            "items": [],
                            "tagSetSourceFile": "Tags/SpawnEffectTags"
                        },
                        "pilotDefId": "pilotDef_InheritLance",
                        "pilotTagSet": {
                            "items": [],
                            "tagSetSourceFile": ""
                        },
                        "pilotExcludedTagSet": {
                            "items": [],
                            "tagSetSourceFile": "Tags/PilotTags"
                        },
                        "selectedUnitType": "UNDEFINED",
                        "selectedUnitDefId": null,
                        "selectedPilotDefId": null
                    },
                    {
                        "unitSpawnPoint": {
                            "EncounterObjectGuid": "ebc06b6a-c5a8-4165-95ce-480bcf335570"
                        },
                        "customUnitName": null,
                        "unitType": "Mech",
                        "unitDefId": "mechDef_None",
                        "unitTagSet": {
                            "items": [],
                            "tagSetSourceFile": ""
                        },
                        "unitExcludedTagSet": {
                            "items": [],
                            "tagSetSourceFile": "Tags/UnitTags"
                        },
                        "spawnEffectTags": {
                            "items": [],
                            "tagSetSourceFile": "Tags/SpawnEffectTags"
                        },
                        "pilotDefId": "pilotDef_InheritLance",
                        "pilotTagSet": {
                            "items": [],
                            "tagSetSourceFile": ""
                        },
                        "pilotExcludedTagSet": {
                            "items": [],
                            "tagSetSourceFile": "Tags/PilotTags"
                        },
                        "selectedUnitType": "UNDEFINED",
                        "selectedUnitDefId": null,
                        "selectedPilotDefId": null
                    },
                    {
                        "unitSpawnPoint": {
                            "EncounterObjectGuid": "d50f1e9d-0a0b-4dc8-9a06-a33233aaa8a1"
                        },
                        "customUnitName": null,
                        "unitType": "Mech",
                        "unitDefId": "mechDef_None",
                        "unitTagSet": {
                            "items": [],
                            "tagSetSourceFile": ""
                        },
                        "unitExcludedTagSet": {
                            "items": [],
                            "tagSetSourceFile": "Tags/UnitTags"
                        },
                        "spawnEffectTags": {
                            "items": [],
                            "tagSetSourceFile": "Tags/SpawnEffectTags"
                        },
                        "pilotDefId": "pilotDef_InheritLance",
                        "pilotTagSet": {
                            "items": [],
                            "tagSetSourceFile": ""
                        },
                        "pilotExcludedTagSet": {
                            "items": [],
                            "tagSetSourceFile": "Tags/PilotTags"
                        },
                        "selectedUnitType": "UNDEFINED",
                        "selectedUnitDefId": null,
                        "selectedPilotDefId": null
                    },
                    {
                        "unitSpawnPoint": {
                            "EncounterObjectGuid": "461141c2-f956-49a5-b2c6-6f951b957a94"
                        },
                        "customUnitName": null,
                        "unitType": "Mech",
                        "unitDefId": "mechDef_None",
                        "unitTagSet": {
                            "items": [],
                            "tagSetSourceFile": ""
                        },
                        "unitExcludedTagSet": {
                            "items": [],
                            "tagSetSourceFile": "Tags/UnitTags"
                        },
                        "spawnEffectTags": {
                            "items": [],
                            "tagSetSourceFile": "Tags/SpawnEffectTags"
                        },
                        "pilotDefId": "pilotDef_InheritLance",
                        "pilotTagSet": {
                            "items": [],
                            "tagSetSourceFile": ""
                        },
                        "pilotExcludedTagSet": {
                            "items": [],
                            "tagSetSourceFile": "Tags/PilotTags"
                        },
                        "selectedUnitType": "UNDEFINED",
                        "selectedUnitDefId": null,
                        "selectedPilotDefId": null
                    }
                ]
            }
        ]
    },
    "player2Team": {
        "encounterLayerData": {
            "EncounterObjectGuid": "d11cae27-a850-4dd9-b97e-19ed63e966fb"
        },
        "teamGuid": "757173dd-b4e1-4bb5-9bee-d78e623cc867",
        "teamName": "Player 2",
        "faction": "Player2sMercUnit",
        "teamLeaderCastDefId": "castDef_TeamLeader_Current",
        "lanceOverrideList": []
    },
    "employerTeam": {
        "encounterLayerData": {
            "EncounterObjectGuid": "d11cae27-a850-4dd9-b97e-19ed63e966fb"
        },
        "teamGuid": "ecc8d4f2-74b4-465d-adf6-84445e5dfc230",
        "teamName": "Employer",
        "faction": "INVALID_UNSET",
        "teamLeaderCastDefId": "castDef_TeamLeader_Current",
        "lanceOverrideList": []
    },
    "targetTeam": {
        "encounterLayerData": {
            "EncounterObjectGuid": "d11cae27-a850-4dd9-b97e-19ed63e966fb"
        },
        "teamGuid": "be77cadd-e245-4240-a93e-b99cc98902a5",
        "teamName": "Target",
        "faction": "INVALID_UNSET",
        "teamLeaderCastDefId": "castDef_TeamLeader_Current",
        "lanceOverrideList": [
            {
                "lanceSpawner": {
                    "EncounterObjectGuid": "3590aedb-bead-423d-afcf-3d98ca0f301a"
                },
                "name": "Lance_Enemy_BaseDefenders",
                "lanceDefId": "Tagged",
                "lanceTagSet": {
                    "items": [
                        "lance_type_recon",
                        "lance_type_notallvehicles"
                    ],
                    "tagSetSourceFile": "Tags/LanceTags"
                },
                "lanceExcludedTagSet": {
                    "items": [],
                    "tagSetSourceFile": "Tags/LanceTags"
                },
                "spawnEffectTags": {
                    "items": [],
                    "tagSetSourceFile": "Tags/SpawnEffectTags"
                },
                "lanceDifficultyAdjustment": 0,
                "selectedLanceDefId": null,
                "selectedLanceDifficulty": 0,
                "unitSpawnPointOverrideList": [
                    {
                        "unitSpawnPoint": {
                            "EncounterObjectGuid": "9ebcd9b3-cdbe-41c5-9304-076e0b41be75"
                        },
                        "customUnitName": null,
                        "unitType": "Mech",
                        "unitDefId": "UseLance",
                        "unitTagSet": {
                            "items": [],
                            "tagSetSourceFile": "Tags/UnitTags"
                        },
                        "unitExcludedTagSet": {
                            "items": [],
                            "tagSetSourceFile": "Tags/UnitTags"
                        },
                        "spawnEffectTags": {
                            "items": [],
                            "tagSetSourceFile": "Tags/SpawnEffectTags"
                        },
                        "pilotDefId": "pilotDef_InheritLance",
                        "pilotTagSet": {
                            "items": [],
                            "tagSetSourceFile": ""
                        },
                        "pilotExcludedTagSet": {
                            "items": [],
                            "tagSetSourceFile": "Tags/PilotTags"
                        },
                        "selectedUnitType": "UNDEFINED",
                        "selectedUnitDefId": null,
                        "selectedPilotDefId": null
                    },
                    {
                        "unitSpawnPoint": {
                            "EncounterObjectGuid": "617fe41f-463c-4f6a-9089-a4701d1fca3b"
                        },
                        "customUnitName": null,
                        "unitType": "Mech",
                        "unitDefId": "UseLance",
                        "unitTagSet": {
                            "items": [],
                            "tagSetSourceFile": "Tags/UnitTags"
                        },
                        "unitExcludedTagSet": {
                            "items": [],
                            "tagSetSourceFile": "Tags/UnitTags"
                        },
                        "spawnEffectTags": {
                            "items": [],
                            "tagSetSourceFile": "Tags/SpawnEffectTags"
                        },
                        "pilotDefId": "pilotDef_InheritLance",
                        "pilotTagSet": {
                            "items": [],
                            "tagSetSourceFile": ""
                        },
                        "pilotExcludedTagSet": {
                            "items": [],
                            "tagSetSourceFile": "Tags/PilotTags"
                        },
                        "selectedUnitType": "UNDEFINED",
                        "selectedUnitDefId": null,
                        "selectedPilotDefId": null
                    },
                    {
                        "unitSpawnPoint": {
                            "EncounterObjectGuid": "71ba6f5e-9d80-4fa2-9ecf-9b7e2d1f3f74"
                        },
                        "customUnitName": null,
                        "unitType": "Mech",
                        "unitDefId": "UseLance",
                        "unitTagSet": {
                            "items": [],
                            "tagSetSourceFile": "Tags/UnitTags"
                        },
                        "unitExcludedTagSet": {
                            "items": [],
                            "tagSetSourceFile": "Tags/UnitTags"
                        },
                        "spawnEffectTags": {
                            "items": [],
                            "tagSetSourceFile": "Tags/SpawnEffectTags"
                        },
                        "pilotDefId": "pilotDef_InheritLance",
                        "pilotTagSet": {
                            "items": [],
                            "tagSetSourceFile": ""
                        },
                        "pilotExcludedTagSet": {
                            "items": [],
                            "tagSetSourceFile": "Tags/PilotTags"
                        },
                        "selectedUnitType": "UNDEFINED",
                        "selectedUnitDefId": null,
                        "selectedPilotDefId": null
                    },
                    {
                        "unitSpawnPoint": {
                            "EncounterObjectGuid": "6058ef06-7093-4e92-a65c-4e903ff241a6"
                        },
                        "customUnitName": null,
                        "unitType": "Mech",
                        "unitDefId": "UseLance",
                        "unitTagSet": {
                            "items": [],
                            "tagSetSourceFile": "Tags/UnitTags"
                        },
                        "unitExcludedTagSet": {
                            "items": [],
                            "tagSetSourceFile": "Tags/UnitTags"
                        },
                        "spawnEffectTags": {
                            "items": [],
                            "tagSetSourceFile": "Tags/SpawnEffectTags"
                        },
                        "pilotDefId": "pilotDef_InheritLance",
                        "pilotTagSet": {
                            "items": [],
                            "tagSetSourceFile": ""
                        },
                        "pilotExcludedTagSet": {
                            "items": [],
                            "tagSetSourceFile": "Tags/PilotTags"
                        },
                        "selectedUnitType": "UNDEFINED",
                        "selectedUnitDefId": null,
                        "selectedPilotDefId": null
                    }
                ]
            },
            {
                "lanceSpawner": {
                    "EncounterObjectGuid": "1ed1ecd2-449b-4df9-8ab5-29846b40c1ad"
                },
                "name": "Lance_Enemy_Reinforcements",
                "lanceDefId": "Tagged",
                "lanceTagSet": {
                    "items": [
                        "lance_type_support",
                        "lance_type_notallvehicles"
                    ],
                    "tagSetSourceFile": "Tags/LanceTags"
                },
                "lanceExcludedTagSet": {
                    "items": [],
                    "tagSetSourceFile": "Tags/LanceTags"
                },
                "spawnEffectTags": {
                    "items": [],
                    "tagSetSourceFile": "Tags/SpawnEffectTags"
                },
                "lanceDifficultyAdjustment": 1,
                "selectedLanceDefId": null,
                "selectedLanceDifficulty": 0,
                "unitSpawnPointOverrideList": [
                    {
                        "unitSpawnPoint": {
                            "EncounterObjectGuid": "2d8b623b-049d-4dd1-b50f-742b47844399"
                        },
                        "customUnitName": null,
                        "unitType": "Mech",
                        "unitDefId": "UseLance",
                        "unitTagSet": {
                            "items": [],
                            "tagSetSourceFile": "Tags/UnitTags"
                        },
                        "unitExcludedTagSet": {
                            "items": [],
                            "tagSetSourceFile": "Tags/UnitTags"
                        },
                        "spawnEffectTags": {
                            "items": [],
                            "tagSetSourceFile": "Tags/SpawnEffectTags"
                        },
                        "pilotDefId": "pilotDef_InheritLance",
                        "pilotTagSet": {
                            "items": [],
                            "tagSetSourceFile": ""
                        },
                        "pilotExcludedTagSet": {
                            "items": [],
                            "tagSetSourceFile": "Tags/PilotTags"
                        },
                        "selectedUnitType": "UNDEFINED",
                        "selectedUnitDefId": null,
                        "selectedPilotDefId": null
                    },
                    {
                        "unitSpawnPoint": {
                            "EncounterObjectGuid": "08f8295b-f403-498f-adad-bc52b180df92"
                        },
                        "customUnitName": null,
                        "unitType": "Mech",
                        "unitDefId": "UseLance",
                        "unitTagSet": {
                            "items": [],
                            "tagSetSourceFile": "Tags/UnitTags"
                        },
                        "unitExcludedTagSet": {
                            "items": [],
                            "tagSetSourceFile": "Tags/UnitTags"
                        },
                        "spawnEffectTags": {
                            "items": [],
                            "tagSetSourceFile": "Tags/SpawnEffectTags"
                        },
                        "pilotDefId": "pilotDef_InheritLance",
                        "pilotTagSet": {
                            "items": [],
                            "tagSetSourceFile": ""
                        },
                        "pilotExcludedTagSet": {
                            "items": [],
                            "tagSetSourceFile": "Tags/PilotTags"
                        },
                        "selectedUnitType": "UNDEFINED",
                        "selectedUnitDefId": null,
                        "selectedPilotDefId": null
                    },
                    {
                        "unitSpawnPoint": {
                            "EncounterObjectGuid": "60946406-ace9-4816-93c8-7edec76f60c6"
                        },
                        "customUnitName": null,
                        "unitType": "Mech",
                        "unitDefId": "UseLance",
                        "unitTagSet": {
                            "items": [],
                            "tagSetSourceFile": "Tags/UnitTags"
                        },
                        "unitExcludedTagSet": {
                            "items": [],
                            "tagSetSourceFile": "Tags/UnitTags"
                        },
                        "spawnEffectTags": {
                            "items": [],
                            "tagSetSourceFile": "Tags/SpawnEffectTags"
                        },
                        "pilotDefId": "pilotDef_InheritLance",
                        "pilotTagSet": {
                            "items": [],
                            "tagSetSourceFile": ""
                        },
                        "pilotExcludedTagSet": {
                            "items": [],
                            "tagSetSourceFile": "Tags/PilotTags"
                        },
                        "selectedUnitType": "UNDEFINED",
                        "selectedUnitDefId": null,
                        "selectedPilotDefId": null
                    },
                    {
                        "unitSpawnPoint": {
                            "EncounterObjectGuid": "63300bf5-d443-4258-b78a-e4914f2e7dd3"
                        },
                        "customUnitName": null,
                        "unitType": "Mech",
                        "unitDefId": "UseLance",
                        "unitTagSet": {
                            "items": [],
                            "tagSetSourceFile": "Tags/UnitTags"
                        },
                        "unitExcludedTagSet": {
                            "items": [],
                            "tagSetSourceFile": "Tags/UnitTags"
                        },
                        "spawnEffectTags": {
                            "items": [],
                            "tagSetSourceFile": "Tags/SpawnEffectTags"
                        },
                        "pilotDefId": "pilotDef_InheritLance",
                        "pilotTagSet": {
                            "items": [],
                            "tagSetSourceFile": ""
                        },
                        "pilotExcludedTagSet": {
                            "items": [],
                            "tagSetSourceFile": "Tags/PilotTags"
                        },
                        "selectedUnitType": "UNDEFINED",
                        "selectedUnitDefId": null,
                        "selectedPilotDefId": null
                    }
                ]
            },
            {
                "lanceSpawner": {
                    "EncounterObjectGuid": "9a1bfa77-fc82-4e20-be61-63ebe1d1949e"
                },
                "name": "Lance_Enemy_BaseTurrets",
                "lanceDefId": "Tagged",
                "lanceTagSet": {
                    "items": [
                        "lance_type_turret"
                    ],
                    "tagSetSourceFile": "Tags/LanceTags"
                },
                "lanceExcludedTagSet": {
                    "items": [],
                    "tagSetSourceFile": "Tags/LanceTags"
                },
                "spawnEffectTags": {
                    "items": [],
                    "tagSetSourceFile": "Tags/SpawnEffectTags"
                },
                "lanceDifficultyAdjustment": 0,
                "selectedLanceDefId": null,
                "selectedLanceDifficulty": 0,
                "unitSpawnPointOverrideList": [
                    {
                        "unitSpawnPoint": {
                            "EncounterObjectGuid": "250eaaa4-6cbf-4ae2-bf23-dd8ab2fa0883"
                        },
                        "customUnitName": null,
                        "unitType": "Turret",
                        "unitDefId": "UseLance",
                        "unitTagSet": {
                            "items": [],
                            "tagSetSourceFile": "Tags/UnitTags"
                        },
                        "unitExcludedTagSet": {
                            "items": [],
                            "tagSetSourceFile": "Tags/UnitTags"
                        },
                        "spawnEffectTags": {
                            "items": [],
                            "tagSetSourceFile": "Tags/SpawnEffectTags"
                        },
                        "pilotDefId": "pilotDef_InheritLance",
                        "pilotTagSet": {
                            "items": [],
                            "tagSetSourceFile": ""
                        },
                        "pilotExcludedTagSet": {
                            "items": [],
                            "tagSetSourceFile": "Tags/PilotTags"
                        },
                        "selectedUnitType": "UNDEFINED",
                        "selectedUnitDefId": null,
                        "selectedPilotDefId": null
                    },
                    {
                        "unitSpawnPoint": {
                            "EncounterObjectGuid": "3033608e-9551-4c83-96d5-74946b8e4ea8"
                        },
                        "customUnitName": null,
                        "unitType": "Turret",
                        "unitDefId": "UseLance",
                        "unitTagSet": {
                            "items": [],
                            "tagSetSourceFile": "Tags/UnitTags"
                        },
                        "unitExcludedTagSet": {
                            "items": [],
                            "tagSetSourceFile": "Tags/UnitTags"
                        },
                        "spawnEffectTags": {
                            "items": [],
                            "tagSetSourceFile": "Tags/SpawnEffectTags"
                        },
                        "pilotDefId": "pilotDef_InheritLance",
                        "pilotTagSet": {
                            "items": [],
                            "tagSetSourceFile": ""
                        },
                        "pilotExcludedTagSet": {
                            "items": [],
                            "tagSetSourceFile": "Tags/PilotTags"
                        },
                        "selectedUnitType": "UNDEFINED",
                        "selectedUnitDefId": null,
                        "selectedPilotDefId": null
                    },
                    {
                        "unitSpawnPoint": {
                            "EncounterObjectGuid": "420c7662-0f08-4687-ad60-9134038f9ca6"
                        },
                        "customUnitName": null,
                        "unitType": "Turret",
                        "unitDefId": "UseLance",
                        "unitTagSet": {
                            "items": [],
                            "tagSetSourceFile": "Tags/UnitTags"
                        },
                        "unitExcludedTagSet": {
                            "items": [],
                            "tagSetSourceFile": "Tags/UnitTags"
                        },
                        "spawnEffectTags": {
                            "items": [],
                            "tagSetSourceFile": "Tags/SpawnEffectTags"
                        },
                        "pilotDefId": "pilotDef_InheritLance",
                        "pilotTagSet": {
                            "items": [],
                            "tagSetSourceFile": ""
                        },
                        "pilotExcludedTagSet": {
                            "items": [],
                            "tagSetSourceFile": "Tags/PilotTags"
                        },
                        "selectedUnitType": "UNDEFINED",
                        "selectedUnitDefId": null,
                        "selectedPilotDefId": null
                    },
                    {
                        "unitSpawnPoint": {
                            "EncounterObjectGuid": "6e366cb6-fb37-44d5-94f1-8ca595d1e8aa"
                        },
                        "customUnitName": null,
                        "unitType": "Turret",
                        "unitDefId": "UseLance",
                        "unitTagSet": {
                            "items": [],
                            "tagSetSourceFile": "Tags/UnitTags"
                        },
                        "unitExcludedTagSet": {
                            "items": [],
                            "tagSetSourceFile": "Tags/UnitTags"
                        },
                        "spawnEffectTags": {
                            "items": [],
                            "tagSetSourceFile": "Tags/SpawnEffectTags"
                        },
                        "pilotDefId": "pilotDef_InheritLance",
                        "pilotTagSet": {
                            "items": [],
                            "tagSetSourceFile": ""
                        },
                        "pilotExcludedTagSet": {
                            "items": [],
                            "tagSetSourceFile": "Tags/PilotTags"
                        },
                        "selectedUnitType": "UNDEFINED",
                        "selectedUnitDefId": null,
                        "selectedPilotDefId": null
                    }
                ]
            }
        ]
    },
    "targetsAllyTeam": {
        "encounterLayerData": {
            "EncounterObjectGuid": "d11cae27-a850-4dd9-b97e-19ed63e966fb"
        },
        "teamGuid": "31151ed6-cfc2-467e-98c4-9ae5bea784cf",
        "teamName": "Target's Ally",
        "faction": "INVALID_UNSET",
        "teamLeaderCastDefId": "castDef_TeamLeader_Current",
        "lanceOverrideList": []
    },
    "neutralToAllTeam": {
        "encounterLayerData": {
            "EncounterObjectGuid": "d11cae27-a850-4dd9-b97e-19ed63e966fb"
        },
        "teamGuid": "61612bb3-abf9-4586-952a-0559fa9dcd75",
        "teamName": "Neutral to All",
        "faction": "INVALID_UNSET",
        "teamLeaderCastDefId": "castDef_TeamLeader_Current",
        "lanceOverrideList": []
    },
    "hostileToAllTeam": {
        "encounterLayerData": {
            "EncounterObjectGuid": "d11cae27-a850-4dd9-b97e-19ed63e966fb"
        },
        "teamGuid": "3c9f3a20-ab03-4bcb-8ab6-b1ef0442bbf0",
        "teamName": "Hostile to All",
        "faction": "INVALID_UNSET",
        "teamLeaderCastDefId": "castDef_TeamLeader_Current",
        "lanceOverrideList": []
    },
    "stopTellingMe": false,
    "difficultyUIModifier": "1",
    "filename": "CaptureBase_SurveillanceOutpost.json"
}