{
	"Description" : {
		"Id" : "AbilityDefG8",
		"Name" : "BREACHING SHOT",
		"Details" : "PASSIVE: Attacks with a single weapon ignore COVER and GUARDED on the target.",
		"Icon" : "uixSvgIcon_ability_precisionstrike"
	},
    "DisplayParams" : "ShowInMWTRay",
	"ReqSkill" : "Gunnery",
	"ReqSkillLevel" : 8,
	"ActivationTime" : "Passive",
	"EffectData" :
	[
		{
			"durationData" :
			{
				"duration" : -1
			},
			"targetingData" :
			{
				"effectTriggerType" : "OnActivation",
				"effectTargetType" : "Creator"
			},
			"effectType" : "StatisticEffect",
			"Description" :
			{
				"Id" : "AbilityDefG8",
				"Name" : "BREACHING SHOT",
				"Details" : "PASSIVE: Attacking with a single weapon ignores COVER and GUARDED on the target.",
				"Icon" : "uixSvgIcon_ability_precisionstrike"
			},
			"statisticData" :
			{
				"statName" : "PrecisionStrike",
				"operation" : "Set",
				"modValue" : "true",
				"modType" : "System.Boolean"
			},
			"nature" : "Buff"
		}
	],
	"IsPrimaryAbility" : true
}
