{
   "behaviorVariables" : [
      {
         "k" : "Float_AccuracyNeededForOverheatAttack",
         "v" : {
            "type" : "Float",
            "floatVal" : 0.75,
         }
      },
      {
         "k" : "Float_ExistingTargetDamageForOverheatAttack",
         "v" : {
            "type" : "Float",
            "floatVal" : 0.85,
         }
      },
      {
         "k" : "Float_ExistingTargetDamageForDFAAttack",
         "v" : {
            "type" : "Float",
			"floatVal" : 0.5,
         }
      },
      {
         "k" : "Float_OwnMaxLegDamageForDFAAttack",
         "v" : {
            "type" : "Float",
			"floatVal" : 0.4,
         }
      },
      {
         "k" : "Float_LancePatrolRadius",
         "v" : {
            "type" : "Float",
            "floatVal" : 70,
         }
      },
      {
         "k" : "Float_LanceMoveRadius",
         "v" : {
            "type" : "Float",
            "floatVal" : 10,
         }
      },
      {
         "k" : "Bool_PatrolShouldLoop",
         "v" : {
            "type" : "Bool",
            "boolVal" : true,
         }
      },
      {
         "k" : "Int_RecentTargetThresholdPhases",
         "v" : {
            "type" : "Int",
            "intVal" : 11,
         }
      },
      {
         "k" : "Float_PreferredTargetToHitThreshold",
         "v" : {
            "type" : "Float",
            "floatVal" : 0.3,
         }
      },
      {
         "k" : "Float_RouteWaypointRadius",
         "v" : {
            "type" : "Float",
            "floatVal" : 40,
         }
      },
      {
         "k" : "Float_PersonalSpaceRadius",
         "v" : {
            "type" : "Float",
            "floatVal" : 8,
         }
      },
      {
         "k" : "Bool_ProhibitTargetingPriorityTargetsAfterBeingTargeted",
         "v" : {
            "type" : "Bool",
            "boolVal" : true,
         }
      },
      {
         "k" : "Float_PriorityAttackPercentage",
         "v" : {
            "type" : "Float",
            "floatVal" : 100,
         }
      },
      {
         "k" : "Float_PriorityMovePercentage",
         "v" : {
            "type" : "Float",
            "floatVal" : 100,
         }
      }
      {
         "k" : "Float_PreferLowerMovementFactorWeight",
         "v" : {
            "type" : "Float",
            "floatVal" : -1,
         }
      },
      {
         "k" : "Float_PreferHigherPositionFactorWeight",
         "v" : {
            "type" : "Float",
            "floatVal" : 0.1,
         }
      },
      {
         "k" : "Float_PreferHigherExpectedDamageToHostileFactorWeight",
         "v" : {
            "type" : "Float",
            "floatVal" : 0.5,
         }
      },
      {
         "k" : "Float_PreferAttackFromBehindHostileFactorWeight",
         "v" : {
            "type" : "Float",
            "floatVal" : -1.0,
         }
      },
      {
         "k" : "Float_PreferAttackFrom90DegreesToHostileFactorWeight",
         "v" : {
            "type" : "Float",
            "floatVal" : 0.0,
         }
      },
      {
         "k" : "Float_PreferNoCloserThanMinDistToHostileFactorWeight",
         "v" : {
            "type" : "Float",
            "floatVal" : 10,
         }
      },
      {
         "k" : "Float_PreferNoCloserThanPersonalSpaceToAllyFactorWeight",
         "v" : {
            "type" : "Float",
            "floatVal" : 10.0,
         }
      },
      {
         "k" : "Float_InfluenceMapSampleDistance",
         "v" : {
            "type" : "Float",
            "floatVal" : 20.0,
         }
      },
      {
         "k" : "Float_PreferFacingHostileFactorWeight",
         "v" : {
            "type" : "Float",
            "floatVal" : 0.6,
         }
      },
      {
         "k" : "Float_PreferLessSteepPositionFactorWeight",
         "v" : {
            "type" : "Float",
            "floatVal" : 0.0,
         }
      },
      {
         "k" : "Float_PreferHigherDistanceFromClosestHostileFactorWeight",
         "v" : {
            "type" : "Float",
            "floatVal" : 0.0,
         }
      },
      {
         "k" : "Float_PreferLOSToFewestHostileFactorWeight",
         "v" : {
            "type" : "Float",
            "floatVal" : 0.5,
         }
      },
      {
         "k" : "Float_OptimalAllyDistance",
         "v" : {
            "type" : "Float",
            "floatVal" : 30.0,
         }
      },
      {
         "k" : "Float_PreferOptimalDistanceToAllyFactorWeight",
         "v" : {
            "type" : "Float",
            "floatVal" : 0.3,
         }
      },
      {
         "k" : "Float_AcceptableHeatLevel",
         "v" : {
            "type" : "Float",
            "floatVal" : 1.4,
         }
      },
      {
         "k" : "Float_SprintToCombatPercentage",
         "v" : {
            "type" : "Float",
            "floatVal" : 60.0,
         }
      },
      {
         "k" : "Float_ThreatBattleValueRoot",
         "v" : {
            "type" : "Float",
			"floatVal" : 2.0,
         }
      },
      {
         "k" : "Float_ShootingDamageMultiplier",
         "v" : {
            "type" : "Float",
            "floatVal" : 1.0,
         }
      },
      {
         "k" : "Float_MeleeDamageMultiplier",
         "v" : {
            "type" : "Float",
            "floatVal" : 1.0,
         }
      },
      {
         "k" : "Float_DFADamageMultiplier",
         "v" : {
            "type" : "Float",
            "floatVal" : 0,
         }
      },
    ]
}
