{
   "behaviorVariables" : [
   	{
	    /* Weight to prefer not being in locations that have
	       lethal amounts of expected damage */
	    "k" : "Float_PreferNotLethalPositionFactorWeight",
	    "v" : {
		"type" : "Float",
		"floatVal" : 0.8
	    }
	},
	{
	    /* Weight to prefer sprinting to locations that do not
	       have lethal amounts of expected damage */
	    "k" : "Float_SprintPreferNotLethalPositionFactorWeight",
	    "v" : {
		"type" : "Float",
		"floatVal" : 1.7
	    }
	},
		{
	    "k" : "Float_OverkillThresholdLowForLethalPositionFactor",
	    /* Percentage (100.0 equals 100%) of unit's hit points
	       below which damage is considered not lethal. Used by
	       PreferNotLethalPositionFactor. */
	    "v" : {
		"type" : "Float",
		"floatVal" : 100,
	    }
	},
	{
	    "k" : "Float_OverkillThresholdHighForLethalPositionFactor",
	    /* Percentage (100.0 equals 100%) of unit's hit points
	       above which damage is considered lethal. Used by
	       PreferNotLethalPositionFactor. */
	    "v" : {
		"type" : "Float",
		"floatVal" : 200,
	    }
	},
		{
	    /* Influence Factor to prefer this lance to surround hostile units.*/
	    "k" : "Float_PreferSurroundingHostileUnitsFactorWeight",
	    "v" : {
		"type" : "Float",
		"floatVal" : 1.0,
	    }
	},
	{
	    /* Influence Factor to prefer this lance to surround
	       hostile units WHEN SPRINTING.*/
	    "k" : "Float_SprintPreferSurroundingHostileUnitsFactorWeight",
	    "v" : {
		"type" : "Float",
		"floatVal" : 1.25,
	    }
	},
		{
	    /* How much of expected melee damage to add in again as
	       bonus damage when attacking evasive targets (0 - none,
	       1 - 100% bonus damage) */
            "k" : "Float_MeleeBonusMultiplierWhenAttackingEvasiveTargets",
            "v" : {
		"type" : "Float",
		"floatVal" : 0,
            }
	},
	{
	    /* How much of expected melee damage to add in again as
	       bonus damage when attacking braced targets (0 - none,
	       1 - 100% bonus damage) */
            "k" : "Float_MeleeBonusMultiplierWhenAttackingBracedTargets",
            "v" : {
		"type" : "Float",
		"floatVal" : 0,
            }
	},
		{
	    /* When considering different kinds of attacks, multiply
	       the melee damage by this value to decide which attack
	       to use. */
            "k" : "Float_MeleeDamageMultiplier",
            "v" : {
		"type" : "Float",
		"floatVal" : 1,
            }
	},
		{
	    /* Influence Factor Weight to maximize expected damage to
	       hostiles.
	       Hostile Factor: 1.0 / 0.5 / 0.25 based on threat
	    */
            "k" : "Float_PreferHigherExpectedDamageToHostileFactorWeight",
            "v" : {
		"type" : "Float",
		"floatVal" : 1.6,
            }
	},
		{
	    /* When considering different kinds of attacks, multiply
	       the DFA damage by this value to decide which attack to
	       use. */
            "k" : "Float_DFADamageMultiplier",
            "v" : {
		"type" : "Float",
		"floatVal" : 0.0,
            }
	},
		{
	    /* Influence Factor to prefer not to be surrounded by hostile units.*/
	    "k" : "Float_PreferNotSurroundedByHostileUnitsFactorWeight",
	    "v" : {
		"type" : "Float",
		"floatVal" : 0.25,
	    }
	},
	{
	    /* Whether to use Bulwark actions*/
            "k" : "Bool_UseBulwarkActions",
            "v" : {
		"type" : "Bool",
		"boolVal" : false,
            }
	},
    ]
}
