{
   "Description" : {
      "Id" : "lancedef_arena_light_support",
      "Name" : "Light Support",
      "Details" : "",
      "Icon" : "",
      "Cost" : 14710000,
      "Rarity" : 0,
      "Purchasable" : false
   },
   "Difficulty" : 4,
   "LanceTags" : {
      "items" : [
         "lance_bracket_low",
         "lance_bracket_skirmish",
         "lance_release",
         "lance_type_support",
         "lance_type_light",
		 "BLACKLISTED"
      ],
      "tagSetSourceFile" : "Tags/LanceTags"
   },
   "LanceUnits" : [
      {
         "unitType" : "Mech",
         "unitId" : "mechdef_locust_LCT-1V",
         
         "pilotId" : "pilot_kbeta_paradise",
         
         "unitTagSet" : null,
         "excludedUnitTagSet" : null,
         "pilotTagSet" : null,
         "excludedPilotTagSet" : null
      },
      {
         "unitType" : "Mech",
         "unitId" : "mechdef_panther_PNT-9R",
         
         "pilotId" : "pilot_kbeta_mockingbird",
         
         "unitTagSet" : null,
         "excludedUnitTagSet" : null,
         "pilotTagSet" : null,
         "excludedPilotTagSet" : null
      },
      {
         "unitType" : "Mech",
         "unitId" : "mechdef_panther_PNT-9R",
         
         "pilotId" : "pilot_kbeta_showboat",
         
         "unitTagSet" : null,
         "excludedUnitTagSet" : null,
         "pilotTagSet" : null,
         "excludedPilotTagSet" : null
      },
      {
         "unitType" : "Mech",
         "unitId" : "mechdef_trebuchet_TBT-5N",
         
         "pilotId" : "pilot_kbeta_kraken",
         
         "unitTagSet" : null,
         "excludedUnitTagSet" : null,
         "pilotTagSet" : null,
         "excludedPilotTagSet" : null
      }
   ]
}
