{
   "Description" : {
      "Id" : "lancedef_arena_medium_recon",
      "Name" : "Medium Recon",
      "Details" : "",
      "Icon" : "",
      "Cost" : 19830000,
      "Rarity" : 0,
      "Purchasable" : false
   },
   "Difficulty" : 6,
   "LanceTags" : {
      "items" : [
         "lance_bracket_med",
         "lance_bracket_skirmish",
         "lance_release",
         "lance_type_recon",
         "lance_type_medium",
		 "BLACKLISTED"
      ],
      "tagSetSourceFile" : "Tags/LanceTags"
   },
   "LanceUnits" : [
      {
         "unitType" : "Mech",
         "unitId" : "mechdef_firestarter_FS9-H",
         
         "pilotId" : "pilot_kbeta_showboat",
         
         "unitTagSet" : null,
         "excludedUnitTagSet" : null,
         "pilotTagSet" : null,
         "excludedPilotTagSet" : null
      },
      {
         "unitType" : "Mech",
         "unitId" : "mechdef_cicada_CDA-2A",
         
         "pilotId" : "pilot_kbeta_paradise",
         
         "unitTagSet" : null,
         "excludedUnitTagSet" : null,
         "pilotTagSet" : null,
         "excludedPilotTagSet" : null
      },
      {
         "unitType" : "Mech",
         "unitId" : "mechdef_griffin_GRF-1N",
         
         "pilotId" : "pilot_kbeta_arclight",
         
         "unitTagSet" : null,
         "excludedUnitTagSet" : null,
         "pilotTagSet" : null,
         "excludedPilotTagSet" : null
      },
      {
         "unitType" : "Mech",
         "unitId" : "mechdef_shadowhawk_SHD-2H",
         
         "pilotId" : "pilot_kbeta_sumo",
         
         "unitTagSet" : null,
         "excludedUnitTagSet" : null,
         "pilotTagSet" : null,
         "excludedPilotTagSet" : null
      }
   ]
}
