{
   "Description" : {
      "Id" : "lancedef_arena_medium_battle",
      "Name" : "Medium Battle",
      "Details" : "",
      "Icon" : "",
      "Cost" : 19960000,
      "Rarity" : 0,
      "Purchasable" : false
   },
   "Difficulty" : 6,
   "LanceTags" : {
      "items" : [
         "lance_bracket_med",
         "lance_bracket_skirmish",
         "lance_release",
         "lance_type_battle",
         "lance_type_medium",
		 "BLACKLISTED"
      ],
      "tagSetSourceFile" : "Tags/LanceTags"
   },
   "LanceUnits" : [
      {
         "unitType" : "Mech",
         "unitId" : "mechdef_locust_LCT-1V",
         
         "pilotId" : "pilot_kbeta_mockingbird",
         
         "unitTagSet" : null,
         "excludedUnitTagSet" : null,
         "pilotTagSet" : null,
         "excludedPilotTagSet" : null
      },
      {
         "unitType" : "Mech",
         "unitId" : "mechdef_vindicator_VND-1R",
         
         "pilotId" : "pilot_kbeta_buckshot",
         
         "unitTagSet" : null,
         "excludedUnitTagSet" : null,
         "pilotTagSet" : null,
         "excludedPilotTagSet" : null
      },
      {
         "unitType" : "Mech",
         "unitId" : "mechdef_centurion_CN9-A",
         
         "pilotId" : "pilot_kbeta_ozone",
         
         "unitTagSet" : null,
         "excludedUnitTagSet" : null,
         "pilotTagSet" : null,
         "excludedPilotTagSet" : null
      },
      {
         "unitType" : "Mech",
         "unitId" : "mechdef_cataphract_CTF-1X",
         
         "pilotId" : "pilot_kbeta_sumo",
         
         "unitTagSet" : null,
         "excludedUnitTagSet" : null,
         "pilotTagSet" : null,
         "excludedPilotTagSet" : null
      }
   ]
}
