{
   "Description" : {
      "Id" : "lancedef_arena_medium_assault",
      "Name" : "Medium Assault",
      "Details" : "",
      "Icon" : "",
      "Cost" : 19820000,
      "Rarity" : 0,
      "Purchasable" : false
   },
   "Difficulty" : 6,
   "LanceTags" : {
      "items" : [
         "lance_bracket_med",
         "lance_bracket_skirmish",
         "lance_release",
         "lance_type_assault",
         "lance_type_medium",
		 "BLACKLISTED"
      ],
      "tagSetSourceFile" : "Tags/LanceTags"
   },
   "LanceUnits" : [
      {
         "unitType" : "Mech",
         "unitId" : "mechdef_locust_LCT-1V",
         
         "pilotId" : "pilot_kbeta_witness",
         
         "unitTagSet" : null,
         "excludedUnitTagSet" : null,
         "pilotTagSet" : null,
         "excludedPilotTagSet" : null
      },
      {
         "unitType" : "Mech",
         "unitId" : "mechdef_jenner_JR7-D",
         
         "pilotId" : "pilot_kbeta_ozone",
         
         "unitTagSet" : null,
         "excludedUnitTagSet" : null,
         "pilotTagSet" : null,
         "excludedPilotTagSet" : null
      },
      {
         "unitType" : "Mech",
         "unitId" : "mechdef_hunchback_HBK-4G",
         
         "pilotId" : "pilot_kbeta_showboat",
         
         "unitTagSet" : null,
         "excludedUnitTagSet" : null,
         "pilotTagSet" : null,
         "excludedPilotTagSet" : null
      },
      {
         "unitType" : "Mech",
         "unitId" : "mechdef_orion_ON1-K",
         
         "pilotId" : "pilot_kbeta_apex",
         
         "unitTagSet" : null,
         "excludedUnitTagSet" : null,
         "pilotTagSet" : null,
         "excludedPilotTagSet" : null
      }
   ]
}
