{
   "Description" : {
      "Id" : "lancedef_arena_light_fire",
      "Name" : "Light Fire",
      "Details" : "",
      "Icon" : "",
      "Cost" : 14960000,
      "Rarity" : 0,
      "Purchasable" : false
   },
   "Difficulty" : 4,
   "LanceTags" : {
      "items" : [
         "lance_bracket_low",
         "lance_bracket_skirmish",
         "lance_release",
         "lance_type_fire",
         "lance_type_light",
		 "BLACKLISTED"
      ],
      "tagSetSourceFile" : "Tags/LanceTags"
   },
   "LanceUnits" : [
      {
         "unitType" : "Mech",
         "unitId" : "mechdef_urbanmech_UM-R60",
         
         "pilotId" : "pilot_kbeta_witness",
         
         "unitTagSet" : null,
         "excludedUnitTagSet" : null,
         "pilotTagSet" : null,
         "excludedPilotTagSet" : null
      },
      {
         "unitType" : "Mech",
         "unitId" : "mechdef_firestarter_FS9-H",
         
         "pilotId" : "pilot_kbeta_bulwark",
         
         "unitTagSet" : null,
         "excludedUnitTagSet" : null,
         "pilotTagSet" : null,
         "excludedPilotTagSet" : null
      },
      {
         "unitType" : "Mech",
         "unitId" : "mechdef_jenner_JR7-D",
         
         "pilotId" : "pilot_kbeta_buckshot",
         
         "unitTagSet" : null,
         "excludedUnitTagSet" : null,
         "pilotTagSet" : null,
         "excludedPilotTagSet" : null
      },
      {
         "unitType" : "Mech",
         "unitId" : "mechdef_blackjack_BJ-1",
         
         "pilotId" : "pilot_kbeta_apex",
         
         "unitTagSet" : null,
         "excludedUnitTagSet" : null,
         "pilotTagSet" : null,
         "excludedPilotTagSet" : null
      }
   ]
}
