{
   "Description" : {
      "Id" : "lancedef_arena_heavy_assault",
      "Name" : "Heavy Assault",
      "Details" : "",
      "Icon" : "",
      "Cost" : 24780000,
      "Rarity" : 0,
      "Purchasable" : false
   },
   "Difficulty" : 8,
   "LanceTags" : {
      "items" : [
         "lance_bracket_high",
         "lance_bracket_skirmish",
         "lance_release",
         "lance_type_assault",
         "lance_type_heavy",
		 "BLACKLISTED"
      ],
      "tagSetSourceFile" : "Tags/LanceTags"
   },
   "LanceUnits" : [
      {
         "unitType" : "Mech",
         "unitId" : "mechdef_locust_LCT-1V",
         
         "pilotId" : "pilot_kbeta_witness",
         
         "unitTagSet" : null,
         "excludedUnitTagSet" : null,
         "pilotTagSet" : null,
         "excludedPilotTagSet" : null
      },
      {
         "unitType" : "Mech",
         "unitId" : "mechdef_commando_COM-2D",
         
         "pilotId" : "pilot_kbeta_bulwark",
         
         "unitTagSet" : null,
         "excludedUnitTagSet" : null,
         "pilotTagSet" : null,
         "excludedPilotTagSet" : null
      },
      {
         "unitType" : "Mech",
         "unitId" : "mechdef_thunderbolt_TDR-5S",
         
         "pilotId" : "pilot_kbeta_buckshot",
         
         "unitTagSet" : null,
         "excludedUnitTagSet" : null,
         "pilotTagSet" : null,
         "excludedPilotTagSet" : null
      },
      {
         "unitType" : "Mech",
         "unitId" : "mechdef_kingcrab_KGC-0000",
         
         "pilotId" : "pilot_kbeta_apex",
         
         "unitTagSet" : null,
         "excludedUnitTagSet" : null,
         "pilotTagSet" : null,
         "excludedPilotTagSet" : null
      }
   ]
}
