{
   "Description" : {
      "Id" : "lancedef_mech_d2_dynamic_solo",
      "Name" : "Dynamic Dif 2 Solo",
      "Details" : "",
      "Icon" : "",
      "Cost" : 0,
      "Rarity" : 0,
      "Purchasable" : false
   },
   "Difficulty" : 2,
   "LanceTags" : {
      "items" : [
		 "lance_type_dynamic",
         "lance_type_solo"
		 "lance_type_mech"
      ],
      "tagSetSourceFile" : "Tags/LanceTags"
   },
   "LanceUnits" : [
      {
         "unitType" : "Mech",
         "unitId" : "Tagged",
         "pilotId" : "Tagged",
         "unitTagSet" : {
            "items" : [
               "unit_mech",
               "unit_medium"
            ],
            "tagSetSourceFile" : "Tags/UnitTags"
         },
         "excludedUnitTagSet" : {
            "items" : [
               "unit_noncombatant",
			   "unit_urbie"
            ],
            "tagSetSourceFile" : "Tags/UnitTags"
         },
         "pilotTagSet" : {
            "items" : [
               "pilot_npc_d6"
            ],
            "tagSetSourceFile" : "Tags/PilotTags"
         },
         "excludedPilotTagSet" : {
            "items" : null,
            "tagSetSourceFile" : "Tags/PilotTags"
         }
      },
      {
         "unitType" : "Mech",
         "unitId" : "Tagged",
         "pilotId" : "Tagged",
         "unitTagSet" : {
            "items" : [
               "unit_light",
               "unit_mech"
            ],
            "tagSetSourceFile" : "Tags/UnitTags"
         },
         "excludedUnitTagSet" : {
            "items" : [
               "unit_noncombatant",
			   "unit_urbie"
            ],
			"tagSetSourceFile" : "Tags/UnitTags"
         },
         "pilotTagSet" : {
            "items" : [
               "pilot_npc_d2"
            ],
            "tagSetSourceFile" : "Tags/PilotTags"
         },
         "excludedPilotTagSet" : {
            "items" : null,
            "tagSetSourceFile" : "Tags/PilotTags"
         }
      }
   ]
}
