{
   "Description" : {
      "Id" : "lancedef_mech_d10_dynamic_assaultCavalry",
      "Name" : "Dynamic Dif 10 Assault Cavalry",
      "Details" : "",
      "Icon" : "",
      "Cost" : 0,
      "Rarity" : 0,
      "Purchasable" : false
   },
   "Difficulty" : 10,
   "LanceTags" : {
      "items" : [
         "lance_bracket_high",
         "lance_type_assault",
         "lance_type_cavalry",
         "lance_type_dynamic",
		 "lance_type_mech",
		 "lance_type_notallvehicles"
      ],
      "tagSetSourceFile" : "Tags/LanceTags"
   },
   "LanceUnits" : [
      {
         "unitType" : "Mech",
         "unitId" : "Tagged",
         "pilotId" : "Tagged",
         "unitTagSet" : {
            "items" : [
               "unit_assault",
               "unit_jumpOK",
               "unit_mech"
            ],
            "tagSetSourceFile" : "Tags/UnitTags"
         },
         "excludedUnitTagSet" : {
            "items" : [
               "unit_noncombatant",
			   "unit_urbie"
            ],
			"tagSetSourceFile" : "Tags/UnitTags"
         },
         "pilotTagSet" : {
            "items" : [
               "pilot_npc_d10"
            ],
            "tagSetSourceFile" : "Tags/PilotTags"
         },
         "excludedPilotTagSet" : {
            "items" : null,
            "tagSetSourceFile" : "Tags/PilotTags"
         }
      },
      {
         "unitType" : "Mech",
         "unitId" : "Tagged",
         "pilotId" : "Tagged",
         "unitTagSet" : {
            "items" : [
               "unit_assault",
               "unit_jumpOK",
               "unit_mech"
            ],
            "tagSetSourceFile" : "Tags/UnitTags"
         },
         "excludedUnitTagSet" : {
            "items" : [
               "unit_noncombatant",
			   "unit_urbie"
            ],
			"tagSetSourceFile" : "Tags/UnitTags"
         },
         "pilotTagSet" : {
            "items" : [
               "pilot_npc_d10"
            ],
            "tagSetSourceFile" : "Tags/PilotTags"
         },
         "excludedPilotTagSet" : {
            "items" : null,
            "tagSetSourceFile" : "Tags/PilotTags"
         }
      },
      {
         "unitType" : "Mech",
         "unitId" : "Tagged",
         "pilotId" : "Tagged",
         "unitTagSet" : {
            "items" : [
               "unit_indirectFire",
               "unit_mech",
               "unit_assault"
            ],
            "tagSetSourceFile" : "Tags/UnitTags"
         },
         "excludedUnitTagSet" : {
            "items" : [
               "unit_light",
               "unit_medium",
               "unit_noncombatant",
			   "unit_urbie"
            ],
            "tagSetSourceFile" : "Tags/UnitTags"
         },
         "pilotTagSet" : {
            "items" : [
               "pilot_npc_d10"
            ],
            "tagSetSourceFile" : "Tags/PilotTags"
         },
         "excludedPilotTagSet" : {
            "items" : null,
            "tagSetSourceFile" : "Tags/PilotTags"
         }
      },
      {
         "unitType" : "Mech",
         "unitId" : "Tagged",
         "pilotId" : "Tagged",
         "unitTagSet" : {
            "items" : [
               "unit_assault",
               "unit_jumpOK",
               "unit_mech"
            ],
            "tagSetSourceFile" : "Tags/UnitTags"
         },
         "excludedUnitTagSet" : {
            "items" : [
               "unit_noncombatant",
			   "unit_urbie"
            ],
			"tagSetSourceFile" : "Tags/UnitTags"
         },
         "pilotTagSet" : {
            "items" : [
               "pilot_npc_d10"
            ],
            "tagSetSourceFile" : "Tags/PilotTags"
         },
         "excludedPilotTagSet" : {
            "items" : null,
            "tagSetSourceFile" : "Tags/PilotTags"
         }
      }
   ]
}
