{
   "Description" : {
      "Id" : "lancedef_arena_medium_support",
      "Name" : "Medium Support",
      "Details" : "",
      "Icon" : "",
      "Cost" : 19780000,
      "Rarity" : 0,
      "Purchasable" : false
   },
   "Difficulty" : 6,
   "LanceTags" : {
      "items" : [
         "lance_bracket_med",
         "lance_bracket_skirmish",
         "lance_release",
         "lance_type_support",
         "lance_type_medium",
		 "BLACKLISTED"
      ],
      "tagSetSourceFile" : "Tags/LanceTags"
   },
   "LanceUnits" : [
      {
         "unitType" : "Mech",
         "unitId" : "mechdef_spider_SDR-5V",
         
         "pilotId" : "pilot_kbeta_witness",
         
         "unitTagSet" : null,
         "excludedUnitTagSet" : null,
         "pilotTagSet" : null,
         "excludedPilotTagSet" : null
      },
      {
         "unitType" : "Mech",
         "unitId" : "mechdef_panther_PNT-9R",
         
         "pilotId" : "pilot_kbeta_mockingbird",
         
         "unitTagSet" : null,
         "excludedUnitTagSet" : null,
         "pilotTagSet" : null,
         "excludedPilotTagSet" : null
      },
      {
         "unitType" : "Mech",
         "unitId" : "mechdef_trebuchet_TBT-5N",
         
         "pilotId" : "pilot_kbeta_kraken",
         
         "unitTagSet" : null,
         "excludedUnitTagSet" : null,
         "pilotTagSet" : null,
         "excludedPilotTagSet" : null
      },
      {
         "unitType" : "Mech",
         "unitId" : "mechdef_catapult_CPLT-C1",
         
         "pilotId" : "pilot_kbeta_arclight",
         
         "unitTagSet" : null,
         "excludedUnitTagSet" : null,
         "pilotTagSet" : null,
         "excludedPilotTagSet" : null
      }
   ]
}
