{
   "Description" : {
      "Id" : "lancedef_arena_medium_cavalry",
      "Name" : "Medium Cavalry",
      "Details" : "",
      "Icon" : "",
      "Cost" : 19990000,
      "Rarity" : 0,
      "Purchasable" : false
   },
   "Difficulty" : 6,
   "LanceTags" : {
      "items" : [
         "lance_bracket_med",
         "lance_bracket_skirmish",
         "lance_release",
         "lance_type_cavalry",
         "lance_type_medium",
		 "BLACKLISTED"
      ],
      "tagSetSourceFile" : "Tags/LanceTags"
   },
   "LanceUnits" : [
      {
         "unitType" : "Mech",
         "unitId" : "mechdef_spider_SDR-5V",
         
         "pilotId" : "pilot_kbeta_paradise",
         
         "unitTagSet" : null,
         "excludedUnitTagSet" : null,
         "pilotTagSet" : null,
         "excludedPilotTagSet" : null
      },
      {
         "unitType" : "Mech",
         "unitId" : "mechdef_panther_PNT-9R",
         
         "pilotId" : "pilot_kbeta_mockingbird",
         
         "unitTagSet" : null,
         "excludedUnitTagSet" : null,
         "pilotTagSet" : null,
         "excludedPilotTagSet" : null
      },
      {
         "unitType" : "Mech",
         "unitId" : "mechdef_blackjack_BJ-1",
         
         "pilotId" : "pilot_kbeta_buckshot",
         
         "unitTagSet" : null,
         "excludedUnitTagSet" : null,
         "pilotTagSet" : null,
         "excludedPilotTagSet" : null
      },
      {
         "unitType" : "Mech",
         "unitId" : "mechdef_grasshopper_GHR-5H",
         
         "pilotId" : "pilot_kbeta_bulwark",
         
         "unitTagSet" : null,
         "excludedUnitTagSet" : null,
         "pilotTagSet" : null,
         "excludedPilotTagSet" : null
      }
   ]
}
