{
   "Description" : {
      "Id" : "lancedef_arena_light_cavalry",
      "Name" : "Light Cavalry",
      "Details" : "",
      "Icon" : "",
      "Cost" : 14730000,
      "Rarity" : 0,
      "Purchasable" : false
   },
   "Difficulty" : 4,
   "LanceTags" : {
      "items" : [
         "lance_bracket_low",
         "lance_bracket_skirmish",
         "lance_release",
         "lance_type_cavalry",
         "lance_type_light",
		 "BLACKLISTED"
      ],
      "tagSetSourceFile" : "Tags/LanceTags"
   },
   "LanceUnits" : [
      {
         "unitType" : "Mech",
         "unitId" : "mechdef_locust_LCT-1V",
         
         "pilotId" : "pilot_kbeta_witness",
         
         "unitTagSet" : null,
         "excludedUnitTagSet" : null,
         "pilotTagSet" : null,
         "excludedPilotTagSet" : null
      },
      {
         "unitType" : "Mech",
         "unitId" : "mechdef_firestarter_FS9-H",
         
         "pilotId" : "pilot_kbeta_bulwark",
         
         "unitTagSet" : null,
         "excludedUnitTagSet" : null,
         "pilotTagSet" : null,
         "excludedPilotTagSet" : null
      },
      {
         "unitType" : "Mech",
         "unitId" : "mechdef_panther_PNT-9R",
         
         "pilotId" : "pilot_kbeta_showboat",
         
         "unitTagSet" : null,
         "excludedUnitTagSet" : null,
         "pilotTagSet" : null,
         "excludedPilotTagSet" : null
      },
      {
         "unitType" : "Mech",
         "unitId" : "mechdef_enforcer_ENF-4R",
         
         "pilotId" : "pilot_kbeta_apex",
         
         "unitTagSet" : null,
         "excludedUnitTagSet" : null,
         "pilotTagSet" : null,
         "excludedPilotTagSet" : null
      }
   ]
}
