{
   "Description" : {
      "Id" : "lancedef_arena_heavy_cavalry",
      "Name" : "Heavy Cavalry",
      "Details" : "",
      "Icon" : "",
      "Cost" : 24930000,
      "Rarity" : 0,
      "Purchasable" : false
   },
   "Difficulty" : 8,
   "LanceTags" : {
      "items" : [
         "lance_bracket_high",
         "lance_bracket_skirmish",
         "lance_release",
         "lance_type_cavalry",
         "lance_type_heavy",
		 "BLACKLISTED"
      ],
      "tagSetSourceFile" : "Tags/LanceTags"
   },
   "LanceUnits" : [
      {
         "unitType" : "Mech",
         "unitId" : "mechdef_spider_SDR-5V",
         
         "pilotId" : "pilot_kbeta_witness",
         
         "unitTagSet" : null,
         "excludedUnitTagSet" : null,
         "pilotTagSet" : null,
         "excludedPilotTagSet" : null
      },
      {
         "unitType" : "Mech",
         "unitId" : "mechdef_griffin_GRF-1N",
         
         "pilotId" : "pilot_kbeta_arclight",
         
         "unitTagSet" : null,
         "excludedUnitTagSet" : null,
         "pilotTagSet" : null,
         "excludedPilotTagSet" : null
      },
      {
         "unitType" : "Mech",
         "unitId" : "mechdef_wolverine_WVR-6R",
         
         "pilotId" : "pilot_kbeta_kraken",
         
         "unitTagSet" : null,
         "excludedUnitTagSet" : null,
         "pilotTagSet" : null,
         "excludedPilotTagSet" : null
      },
      {
         "unitType" : "Mech",
         "unitId" : "mechdef_victor_VTR-9B",
         
         "pilotId" : "pilot_kbeta_paradise",
         
         "unitTagSet" : null,
         "excludedUnitTagSet" : null,
         "pilotTagSet" : null,
         "excludedPilotTagSet" : null
      }
   ]
}
