{
   "Description" : {
      "Id" : "lancedef_arena_heavy_battle",
      "Name" : "Heavy Battle",
      "Details" : "",
      "Icon" : "",
      "Cost" : 24870000,
      "Rarity" : 0,
      "Purchasable" : false
   },
   "Difficulty" : 8,
   "LanceTags" : {
      "items" : [
         "lance_bracket_high",
         "lance_bracket_skirmish",
         "lance_release",
         "lance_type_battle",
         "lance_type_heavy",
		 "BLACKLISTED"
      ],
      "tagSetSourceFile" : "Tags/LanceTags"
   },
   "LanceUnits" : [
      {
         "unitType" : "Mech",
         "unitId" : "mechdef_locust_LCT-1V",
         
         "pilotId" : "pilot_kbeta_showboat",
         
         "unitTagSet" : null,
         "excludedUnitTagSet" : null,
         "pilotTagSet" : null,
         "excludedPilotTagSet" : null
      },
      {
         "unitType" : "Mech",
         "unitId" : "mechdef_vindicator_VND-1R",
         
         "pilotId" : "pilot_kbeta_wildfire",
         
         "unitTagSet" : null,
         "excludedUnitTagSet" : null,
         "pilotTagSet" : null,
         "excludedPilotTagSet" : null
      },
      {
         "unitType" : "Mech",
         "unitId" : "mechdef_hunchback_HBK-4G",
         
         "pilotId" : "pilot_kbeta_ozone",
         
         "unitTagSet" : null,
         "excludedUnitTagSet" : null,
         "pilotTagSet" : null,
         "excludedPilotTagSet" : null
      },
      {
         "unitType" : "Mech",
         "unitId" : "mechdef_atlas_AS7-D",
         
         "pilotId" : "pilot_kbeta_sumo",
         
         "unitTagSet" : null,
         "excludedUnitTagSet" : null,
         "pilotTagSet" : null,
         "excludedPilotTagSet" : null
      }
   ]
}
