{
   "Description" : {
      "Id" : "lancedef_arena_light_battle",
      "Name" : "Light Battle",
      "Details" : "",
      "Icon" : "",
      "Cost" : 14650000,
      "Rarity" : 0,
      "Purchasable" : false
   },
   "Difficulty" : 4,
   "LanceTags" : {
      "items" : [
         "lance_bracket_low",
         "lance_bracket_skirmish",
         "lance_release",
         "lance_type_battle",
         "lance_type_light",
		 "BLACKLISTED"
      ],
      "tagSetSourceFile" : "Tags/LanceTags"
   },
   "LanceUnits" : [
      {
         "unitType" : "Mech",
         "unitId" : "mechdef_locust_LCT-1V",
         
         "pilotId" : "pilot_kbeta_mockingbird",
         
         "unitTagSet" : null,
         "excludedUnitTagSet" : null,
         "pilotTagSet" : null,
         "excludedPilotTagSet" : null
      },
      {
         "unitType" : "Mech",
         "unitId" : "mechdef_urbanmech_UM-R60",
         
         "pilotId" : "pilot_kbeta_ozone",
         
         "unitTagSet" : null,
         "excludedUnitTagSet" : null,
         "pilotTagSet" : null,
         "excludedPilotTagSet" : null
      },
      {
         "unitType" : "Mech",
         "unitId" : "mechdef_centurion_CN9-A",
         
         "pilotId" : "pilot_kbeta_wildfire",
         
         "unitTagSet" : null,
         "excludedUnitTagSet" : null,
         "pilotTagSet" : null,
         "excludedPilotTagSet" : null
      },
      {
         "unitType" : "Mech",
         "unitId" : "mechdef_centurion_CN9-A",
         
         "pilotId" : "pilot_kbeta_sumo",
         
         "unitTagSet" : null,
         "excludedUnitTagSet" : null,
         "pilotTagSet" : null,
         "excludedPilotTagSet" : null
      }
   ]
}
