{
    "Description" : {
        "Id" : "lancedef_mech_d1_dynamic_lightCavalry",
        "Name" : "Dynamic Dif 1 Light Cavalry",
        "Details" : "",
        "Icon" : "",
        "Cost" : 0,
        "Rarity" : 0,
        "Purchasable" : false
    },
    "Difficulty" : 1,
    "LanceTags" : {
        "items" : [
            "lance_bracket_low",
            "lance_type_cavalry",
            "lance_type_dynamic",
            "lance_type_light",
            "lance_type_mech",
		 "lance_type_notallvehicles"
        ],
        "tagSetSourceFile" : "Tags/LanceTags"
    },
    "LanceUnits" : [
        {
            "unitType" : "Mech",
            "unitId" : "Tagged",
            "unitSimGameID" : null,
            "pilotId" : "Tagged",
            "pilotSimGameID" : null,
            "unitTagSet" : {
                "items" : [
                    "unit_light",
                    "unit_mech",
                    "unit_lance_support"
                ],
                "tagSetSourceFile" : "Tags/UnitTags"
            },
            "excludedUnitTagSet" : {
                "items" : [
                    "unit_noncombatant",
                    "unit_urbie"
                ],
                "tagSetSourceFile" : "Tags/UnitTags"
            },
            "pilotTagSet" : {
                "items" : [
                    "pilot_npc_d1"
                ],
                "tagSetSourceFile" : "Tags/PilotTags"
            },
            "excludedPilotTagSet" : {
                "items" : null,
                "tagSetSourceFile" : "Tags/PilotTags"
            },
            "locked" : false
        },
        {
            "unitType" : "Mech",
            "unitId" : "Tagged",
            "unitSimGameID" : null,
            "pilotId" : "Tagged",
            "pilotSimGameID" : null,
            "unitTagSet" : {
                "items" : [
                    "unit_jumpOK",
                    "unit_light",
                    "unit_mech",
                    "unit_lance_assassin"
                ],
                "tagSetSourceFile" : "Tags/UnitTags"
            },
            "excludedUnitTagSet" : {
                "items" : [
                    "unit_noncombatant",
                    "unit_urbie"
                ],
                "tagSetSourceFile" : "Tags/UnitTags"
            },
            "pilotTagSet" : {
                "items" : [
                    "pilot_npc_d1"
                ],
                "tagSetSourceFile" : "Tags/PilotTags"
            },
            "excludedPilotTagSet" : {
                "items" : null,
                "tagSetSourceFile" : "Tags/PilotTags"
            },
            "locked" : false
        }
    ]
}
