{
    "ID": "Rescue_Default",
    "contractName": "What Once Was Lost",
    "difficulty": 2,
    "finalDifficulty": 0,
    "shortDescription": "Rescue the lost VIP",
    "longDescription": "Your employer's VIP has been lost for over a month, when a weak signal is finally picked up by sympathetic local officials. Any loyal mechs are several jumps away, so a call has been made to hire any nearby Mercenaries willing to put themselves in harm's way to save the VIP before the enemy Mechs find her!",
    "salvagePotential": "6",
    "requirementList": [],
    "contractType": "Rescue",
    "encounterPlayStyle": "SinglePlayer",
    "mapMood": null,
    "startingFogOfWarVisibility": "Surveyed",
    "contractObjectiveList": [
        {
            "contractObjective": {
                "EncounterObjectGuid": "dee3ebc7-d9df-4e5f-bfbb-0fb7dff587f8",
                "loadingGuid": null
            },
            "title": "Rescue the VIP",
            "description": "Lorem ipsum dolor sit amet, consectetur adipiscing elit.",
            "isPrimary": true,
            "forPlayer": "Player1",
            "objectiveGuids": [
                "3a4192be-2a53-4383-94ac-19c08883ea5f",
                "6f4ceb92-9eef-4765-b345-42ed8fe8e1b3",
                "ff3cb25c-4bd9-4343-be9a-be14fa22718c"
            ]
        }
    ],
    "objectiveList": [
        {
            "objective": {
                "EncounterObjectGuid": "3a4192be-2a53-4383-94ac-19c08883ea5f",
                "loadingGuid": null
            },
            "title": "Rescue the VIP",
            "description": "Lorem ipsum dolor sit amet, consectetur adipiscing elit.",
            "isPrimary": true,
            "OnSuccessResults": [],
            "OnFailureResults": []
        },
        {
            "objective": {
                "EncounterObjectGuid": "6f4ceb92-9eef-4765-b345-42ed8fe8e1b3",
                "loadingGuid": null
            },
            "title": "Get to the Evac Zone",
            "description": "Lorem ipsum dolor sit amet, consectetur adipiscing elit.",
            "isPrimary": true,
            "OnSuccessResults": [],
            "OnFailureResults": []
        },
        {
            "objective": {
                "EncounterObjectGuid": "ff3cb25c-4bd9-4343-be9a-be14fa22718c",
                "loadingGuid": null
            },
            "title": "Ensure recovering unit survives",
            "description": "Lorem ipsum dolor sit amet, consectetur adipiscing elit.",
            "isPrimary": true,
            "OnSuccessResults": [],
            "OnFailureResults": []
        },
        {
            "objective": {
                "EncounterObjectGuid": "b8e94728-f1b4-4c2b-a4b3-6716dd48e721",
                "loadingGuid": null
            },
            "title": "Retrieve the VIP's Assistant",
            "description": "Lorem ipsum dolor sit amet, consectetur adipiscing elit.",
            "isPrimary": true,
            "OnSuccessResults": [],
            "OnFailureResults": []
        },
        {
            "objective": {
                "EncounterObjectGuid": "a9f1746b-e990-4c8f-90be-3c4f229da58f",
                "loadingGuid": null
            },
            "title": "Ensure the recovering unit survives",
            "description": "Lorem ipsum dolor sit amet, consectetur adipiscing elit.",
            "isPrimary": false,
            "OnSuccessResults": [],
            "OnFailureResults": []
        }
    ],
    "chunkList": [
        {
            "name": "Chunk_OccupyRegion_1 (Bonus)",
            "encounterChunk": {
                "EncounterObjectGuid": "a4e9541a-082c-491f-bb80-2f1241b0c349",
                "loadingGuid": null
            },
            "enableChunkFromContract": false
        }
    ],
    "dialogueList": [
        {
            "dialogue": {
                "EncounterObjectGuid": "73df8d9c-a274-48fd-98c9-2bd0d7860e83",
                "loadingGuid": null
            },
            "name": "Dialogue_MissionStart",
            "dialogueContent": [
                {
                    "words": "Here we go. (TODO- Default Mission Start dialogue - need to consider mad libs, randomization, etc.)",
                    "wordsColor": {
                        "r": "1",
                        "g": "1",
                        "b": "1",
                        "a": "1"
                    },
                    "selectedCastDefId": "castDef_None",
                    "emote": "Default",
                    "audioName": null
                }
            ]
        },
        {
            "dialogue": {
                "EncounterObjectGuid": "4011a4c3-cba2-4d22-b2b3-3b19a3297ab9",
                "loadingGuid": null
            },
            "name": "Dialogue_MissionSuccess",
            "dialogueContent": [
                {
                    "words": "Excellent work commander. (TODO - Finailize default success) Consider madlibs and randomization of default things.",
                    "wordsColor": {
                        "r": "1",
                        "g": "1",
                        "b": "1",
                        "a": "1"
                    },
                    "selectedCastDefId": "castDef_None",
                    "emote": "Default",
                    "audioName": null
                }
            ]
        },
        {
            "dialogue": {
                "EncounterObjectGuid": "d3d33d95-9ed7-4686-b9eb-954ebe51cc02",
                "loadingGuid": null
            },
            "name": "Dialogue_MissionFailure",
            "dialogueContent": [
                {
                    "words": "Well. That just happened. (TODO - Finailize default failure)",
                    "wordsColor": {
                        "r": "1",
                        "g": "1",
                        "b": "1",
                        "a": "1"
                    },
                    "selectedCastDefId": "castDef_None",
                    "emote": "Default",
                    "audioName": null
                }
            ]
        },
        {
            "dialogue": {
                "EncounterObjectGuid": "bcbee1e2-4d86-4ddb-89ec-c59295cae62d",
                "loadingGuid": null
            },
            "name": "Dialogue_OccupyRegionSucceeded",
            "dialogueContent": [
                {
                    "words": "The target is onboard, let's get you out of there!",
                    "wordsColor": {
                        "r": "1",
                        "g": "1",
                        "b": "1",
                        "a": "1"
                    },
                    "selectedCastDefId": "castDef_DariusDefault",
                    "emote": "Default",
                    "audioName": null
                }
            ]
        },
        {
            "dialogue": {
                "EncounterObjectGuid": "9d5b076d-c29f-4d82-ae0c-8ff57b0af60e",
                "loadingGuid": null
            },
            "name": "Dialogue_RecoveringUnitDamaged",
            "dialogueContent": [
                {
                    "words": "Your mech that recovered the VIP is taking damage! Keep them safe, keep the VIP alive.",
                    "wordsColor": {
                        "r": 1,
                        "g": 1,
                        "b": 1,
                        "a": 1
                    },
                    "selectedCastDefId": "castDef_DariusDefault",
                    "emote": "Default",
                    "audioName": "NONE"
                }
            ]
        },
        {
            "dialogue": {
                "EncounterObjectGuid": "62f3ce2e-81e0-4082-952c-63d174c82d96",
                "loadingGuid": null
            },
            "name": "Dialogue_RecoveringUnitDamaged1",
            "dialogueContent": [
                {
                    "words": "Direct hit on the unit recovering our Seconday Target. Protect it!",
                    "wordsColor": {
                        "r": 1,
                        "g": 1,
                        "b": 1,
                        "a": 1
                    },
                    "selectedCastDefId": "castDef_DariusDefault",
                    "emote": "Default",
                    "audioName": "NONE"
                }
            ]
        },
        {
            "dialogue": {
                "EncounterObjectGuid": "5cfa1621-2a66-4321-a749-9649c9632db0",
                "loadingGuid": null
            },
            "name": "Dialogue_RecoveredVIP0",
            "dialogueContent": [
                {
                    "words": "The VIP is in our control. Keep them safe and move quickly. ",
                    "wordsColor": {
                        "r": 1,
                        "g": 1,
                        "b": 1,
                        "a": 1
                    },
                    "selectedCastDefId": "castDef_DariusDefault",
                    "emote": "Default",
                    "audioName": "NONE"
                }
            ]
        },
        {
            "dialogue": {
                "EncounterObjectGuid": "8b2c266f-ac37-4f07-acd2-290228af6e04",
                "loadingGuid": null
            },
            "name": "Dialogue_RecoveredVIP1",
            "dialogueContent": [
                {
                    "words": "The secondary target is now in hand. Protect them on the way to extraction.",
                    "wordsColor": {
                        "r": 1,
                        "g": 1,
                        "b": 1,
                        "a": 1
                    },
                    "selectedCastDefId": "castDef_DariusDefault",
                    "emote": "Default",
                    "audioName": "NONE"
                }
            ]
        }
    ],
    "player1Team": {
        "encounterLayerData": {
            "EncounterObjectGuid": "6e35a974-504f-4997-b224-01d07737e560",
            "loadingGuid": null
        },
        "teamGuid": "bf40fd39-ccf9-47c4-94a6-061809681140",
        "teamName": "Player 1",
        "faction": "INVALID_UNSET",
        "teamLeaderCastDefId": "castDef_TeamLeader_Current",
        "lanceOverrideList": [
            {
                "lanceSpawner": {
                    "EncounterObjectGuid": "76b654a6-4f2c-4a6f-86e6-d4cf868335fe",
                    "loadingGuid": null
                },
                "name": "Spawner_PlayerLance",
                "lanceDefId": "Manual",
                "lanceTagSet": {
                    "items": [],
                    "tagSetSourceFile": ""
                },
                "lanceExcludedTagSet": {
                    "items": [],
                    "tagSetSourceFile": "Tags/LanceTags"
                },
                "spawnEffectTags": {
                    "items": [],
                    "tagSetSourceFile": "Tags/SpawnEffectTags"
                },
                "lanceDifficultyAdjustment": 0,
                "selectedLanceDefId": null,
                "selectedLanceDifficulty": 0,
                "unitSpawnPointOverrideList": [
                    {
                        "unitSpawnPoint": {
                            "EncounterObjectGuid": "ec9d2280-ca9a-4d90-8a20-963d8a4c0a39",
                            "loadingGuid": null
                        },
                        "unitType": "UNDEFINED",
                        "unitDefId": null,
                        "unitTagSet": {
                            "items": [],
                            "tagSetSourceFile": ""
                        },
                        "unitExcludedTagSet": {
                            "items": [],
                            "tagSetSourceFile": "Tags/UnitTags"
                        },
                        "spawnEffectTags": {
                            "items": [],
                            "tagSetSourceFile": "Tags/SpawnEffectTags"
                        },
                        "pilotDefId": "pilot_default",
                        "pilotTagSet": {
                            "items": [],
                            "tagSetSourceFile": ""
                        },
                        "pilotExcludedTagSet": {
                            "items": [],
                            "tagSetSourceFile": "Tags/PilotTags"
                        },
                        "selectedUnitType": "UNDEFINED",
                        "selectedUnitDefId": null,
                        "selectedPilotDefId": null
                    },
                    {
                        "unitSpawnPoint": {
                            "EncounterObjectGuid": "ebc06b6a-c5a8-4165-95ce-480bcf335570",
                            "loadingGuid": null
                        },
                        "unitType": "UNDEFINED",
                        "unitDefId": null,
                        "unitTagSet": {
                            "items": [],
                            "tagSetSourceFile": ""
                        },
                        "unitExcludedTagSet": {
                            "items": [],
                            "tagSetSourceFile": "Tags/UnitTags"
                        },
                        "spawnEffectTags": {
                            "items": [],
                            "tagSetSourceFile": "Tags/SpawnEffectTags"
                        },
                        "pilotDefId": "pilot_default",
                        "pilotTagSet": {
                            "items": [],
                            "tagSetSourceFile": ""
                        },
                        "pilotExcludedTagSet": {
                            "items": [],
                            "tagSetSourceFile": "Tags/PilotTags"
                        },
                        "selectedUnitType": "UNDEFINED",
                        "selectedUnitDefId": null,
                        "selectedPilotDefId": null
                    },
                    {
                        "unitSpawnPoint": {
                            "EncounterObjectGuid": "d50f1e9d-0a0b-4dc8-9a06-a33233aaa8a1",
                            "loadingGuid": null
                        },
                        "unitType": "UNDEFINED",
                        "unitDefId": null,
                        "unitTagSet": {
                            "items": [],
                            "tagSetSourceFile": ""
                        },
                        "unitExcludedTagSet": {
                            "items": [],
                            "tagSetSourceFile": "Tags/UnitTags"
                        },
                        "spawnEffectTags": {
                            "items": [],
                            "tagSetSourceFile": "Tags/SpawnEffectTags"
                        },
                        "pilotDefId": "pilot_default",
                        "pilotTagSet": {
                            "items": [],
                            "tagSetSourceFile": ""
                        },
                        "pilotExcludedTagSet": {
                            "items": [],
                            "tagSetSourceFile": "Tags/PilotTags"
                        },
                        "selectedUnitType": "UNDEFINED",
                        "selectedUnitDefId": null,
                        "selectedPilotDefId": null
                    },
                    {
                        "unitSpawnPoint": {
                            "EncounterObjectGuid": "461141c2-f956-49a5-b2c6-6f951b957a94",
                            "loadingGuid": null
                        },
                        "unitType": "UNDEFINED",
                        "unitDefId": null,
                        "unitTagSet": {
                            "items": [],
                            "tagSetSourceFile": ""
                        },
                        "unitExcludedTagSet": {
                            "items": [],
                            "tagSetSourceFile": "Tags/UnitTags"
                        },
                        "spawnEffectTags": {
                            "items": [],
                            "tagSetSourceFile": "Tags/SpawnEffectTags"
                        },
                        "pilotDefId": "pilot_default",
                        "pilotTagSet": {
                            "items": [],
                            "tagSetSourceFile": ""
                        },
                        "pilotExcludedTagSet": {
                            "items": [],
                            "tagSetSourceFile": "Tags/PilotTags"
                        },
                        "selectedUnitType": "UNDEFINED",
                        "selectedUnitDefId": null,
                        "selectedPilotDefId": null
                    }
                ],
                "GenerateLanceComplete": null
            }
        ],
        "GenerateTeamComplete": null
    },
    "player2Team": {
        "encounterLayerData": {
            "EncounterObjectGuid": "6e35a974-504f-4997-b224-01d07737e560",
            "loadingGuid": null
        },
        "teamGuid": "757173dd-b4e1-4bb5-9bee-d78e623cc867",
        "teamName": "Player 2",
        "faction": "INVALID_UNSET",
        "teamLeaderCastDefId": "castDef_TeamLeader_Current",
        "lanceOverrideList": [],
        "GenerateTeamComplete": null
    },
    "employerTeam": {
        "encounterLayerData": {
            "EncounterObjectGuid": "6e35a974-504f-4997-b224-01d07737e560",
            "loadingGuid": null
        },
        "teamGuid": "ecc8d4f2-74b4-465d-adf6-84445e5dfc230",
        "teamName": "Employer",
        "faction": "INVALID_UNSET",
        "teamLeaderCastDefId": "castDef_TeamLeader_Current",
        "lanceOverrideList": [],
        "GenerateTeamComplete": null
    },
    "targetTeam": {
        "encounterLayerData": {
            "EncounterObjectGuid": "6e35a974-504f-4997-b224-01d07737e560",
            "loadingGuid": null
        },
        "teamGuid": "be77cadd-e245-4240-a93e-b99cc98902a5",
        "teamName": "Target",
        "faction": "INVALID_UNSET",
        "teamLeaderCastDefId": "castDef_TeamLeader_Current",
        "lanceOverrideList": [
            {
                "lanceSpawner": {
                    "EncounterObjectGuid": "9a1bfa77-fc82-4e20-be61-63ebe1d1949e",
                    "loadingGuid": null
                },
                "name": "Lance_OpposingForce_0",
                "lanceDefId": "Manual",
                "lanceTagSet": {
                    "items": [],
                    "tagSetSourceFile": ""
                },
                "lanceExcludedTagSet": {
                    "items": [],
                    "tagSetSourceFile": "Tags/LanceTags"
                },
                "spawnEffectTags": {
                    "items": [],
                    "tagSetSourceFile": "Tags/SpawnEffectTags"
                },
                "lanceDifficultyAdjustment": 0,
                "selectedLanceDefId": null,
                "selectedLanceDifficulty": 0,
                "unitSpawnPointOverrideList": [
                    {
                        "unitSpawnPoint": {
                            "EncounterObjectGuid": "250eaaa4-6cbf-4ae2-bf23-dd8ab2fa0883",
                            "loadingGuid": null
                        },
                        "unitType": "Mech",
                        "unitDefId": "mechdef_commando_COM-2D",
                        "unitTagSet": {
                            "items": [],
                            "tagSetSourceFile": ""
                        },
                        "unitExcludedTagSet": {
                            "items": [],
                            "tagSetSourceFile": "Tags/UnitTags"
                        },
                        "spawnEffectTags": {
                            "items": [],
                            "tagSetSourceFile": "Tags/SpawnEffectTags"
                        },
                        "pilotDefId": "pilot_default",
                        "pilotTagSet": {
                            "items": [],
                            "tagSetSourceFile": ""
                        },
                        "pilotExcludedTagSet": {
                            "items": [],
                            "tagSetSourceFile": "Tags/PilotTags"
                        },
                        "selectedUnitType": "UNDEFINED",
                        "selectedUnitDefId": null,
                        "selectedPilotDefId": null
                    },
                    {
                        "unitSpawnPoint": {
                            "EncounterObjectGuid": "3033608e-9551-4c83-96d5-74946b8e4ea8",
                            "loadingGuid": null
                        },
                        "unitType": "Mech",
                        "unitDefId": "mechdef_commando_COM-2D",
                        "unitTagSet": {
                            "items": [],
                            "tagSetSourceFile": ""
                        },
                        "unitExcludedTagSet": {
                            "items": [],
                            "tagSetSourceFile": "Tags/UnitTags"
                        },
                        "spawnEffectTags": {
                            "items": [],
                            "tagSetSourceFile": "Tags/SpawnEffectTags"
                        },
                        "pilotDefId": "pilot_default",
                        "pilotTagSet": {
                            "items": [],
                            "tagSetSourceFile": ""
                        },
                        "pilotExcludedTagSet": {
                            "items": [],
                            "tagSetSourceFile": "Tags/PilotTags"
                        },
                        "selectedUnitType": "UNDEFINED",
                        "selectedUnitDefId": null,
                        "selectedPilotDefId": null
                    },
                    {
                        "unitSpawnPoint": {
                            "EncounterObjectGuid": "420c7662-0f08-4687-ad60-9134038f9ca6",
                            "loadingGuid": null
                        },
                        "unitType": "Mech",
                        "unitDefId": "mechDef_None",
                        "unitTagSet": {
                            "items": [],
                            "tagSetSourceFile": ""
                        },
                        "unitExcludedTagSet": {
                            "items": [],
                            "tagSetSourceFile": "Tags/UnitTags"
                        },
                        "spawnEffectTags": {
                            "items": [],
                            "tagSetSourceFile": "Tags/SpawnEffectTags"
                        },
                        "pilotDefId": "pilot_default",
                        "pilotTagSet": {
                            "items": [],
                            "tagSetSourceFile": ""
                        },
                        "pilotExcludedTagSet": {
                            "items": [],
                            "tagSetSourceFile": "Tags/PilotTags"
                        },
                        "selectedUnitType": "UNDEFINED",
                        "selectedUnitDefId": null,
                        "selectedPilotDefId": null
                    },
                    {
                        "unitSpawnPoint": {
                            "EncounterObjectGuid": "6e366cb6-fb37-44d5-94f1-8ca595d1e8aa",
                            "loadingGuid": null
                        },
                        "unitType": "Mech",
                        "unitDefId": "mechDef_None",
                        "unitTagSet": {
                            "items": [],
                            "tagSetSourceFile": ""
                        },
                        "unitExcludedTagSet": {
                            "items": [],
                            "tagSetSourceFile": "Tags/UnitTags"
                        },
                        "spawnEffectTags": {
                            "items": [],
                            "tagSetSourceFile": "Tags/SpawnEffectTags"
                        },
                        "pilotDefId": "pilot_default",
                        "pilotTagSet": {
                            "items": [],
                            "tagSetSourceFile": ""
                        },
                        "pilotExcludedTagSet": {
                            "items": [],
                            "tagSetSourceFile": "Tags/PilotTags"
                        },
                        "selectedUnitType": "UNDEFINED",
                        "selectedUnitDefId": null,
                        "selectedPilotDefId": null
                    }
                ],
                "GenerateLanceComplete": null
            },
            {
                "lanceSpawner": {
                    "EncounterObjectGuid": "31356694-7216-4a0b-985c-235e2a2d8bb4",
                    "loadingGuid": null
                },
                "name": "Lance_OpposingForce_1",
                "lanceDefId": "Manual",
                "lanceTagSet": {
                    "items": [],
                    "tagSetSourceFile": ""
                },
                "lanceExcludedTagSet": {
                    "items": [],
                    "tagSetSourceFile": "Tags/LanceTags"
                },
                "spawnEffectTags": {
                    "items": [],
                    "tagSetSourceFile": "Tags/SpawnEffectTags"
                },
                "lanceDifficultyAdjustment": 0,
                "selectedLanceDefId": null,
                "selectedLanceDifficulty": 0,
                "unitSpawnPointOverrideList": [
                    {
                        "unitSpawnPoint": {
                            "EncounterObjectGuid": "34c6b3c4-c466-47d4-af9c-2804a6e57fb5",
                            "loadingGuid": null
                        },
                        "unitType": "Mech",
                        "unitDefId": "mechdef_commando_COM-2D",
                        "unitTagSet": {
                            "items": [],
                            "tagSetSourceFile": ""
                        },
                        "unitExcludedTagSet": {
                            "items": [],
                            "tagSetSourceFile": "Tags/UnitTags"
                        },
                        "spawnEffectTags": {
                            "items": [],
                            "tagSetSourceFile": "Tags/SpawnEffectTags"
                        },
                        "pilotDefId": "pilot_default",
                        "pilotTagSet": {
                            "items": [],
                            "tagSetSourceFile": ""
                        },
                        "pilotExcludedTagSet": {
                            "items": [],
                            "tagSetSourceFile": "Tags/PilotTags"
                        },
                        "selectedUnitType": "UNDEFINED",
                        "selectedUnitDefId": null,
                        "selectedPilotDefId": null
                    },
                    {
                        "unitSpawnPoint": {
                            "EncounterObjectGuid": "d086cbbd-6a84-4452-9ac1-fc8536531959",
                            "loadingGuid": null
                        },
                        "unitType": "Mech",
                        "unitDefId": "mechdef_commando_COM-2D",
                        "unitTagSet": {
                            "items": [],
                            "tagSetSourceFile": ""
                        },
                        "unitExcludedTagSet": {
                            "items": [],
                            "tagSetSourceFile": "Tags/UnitTags"
                        },
                        "spawnEffectTags": {
                            "items": [],
                            "tagSetSourceFile": "Tags/SpawnEffectTags"
                        },
                        "pilotDefId": "pilot_default",
                        "pilotTagSet": {
                            "items": [],
                            "tagSetSourceFile": ""
                        },
                        "pilotExcludedTagSet": {
                            "items": [],
                            "tagSetSourceFile": "Tags/PilotTags"
                        },
                        "selectedUnitType": "UNDEFINED",
                        "selectedUnitDefId": null,
                        "selectedPilotDefId": null
                    },
                    {
                        "unitSpawnPoint": {
                            "EncounterObjectGuid": "ce16d609-ecb3-448a-a887-cc1b1544cc2b",
                            "loadingGuid": null
                        },
                        "unitType": "Mech",
                        "unitDefId": "mechDef_None",
                        "unitTagSet": {
                            "items": [],
                            "tagSetSourceFile": ""
                        },
                        "unitExcludedTagSet": {
                            "items": [],
                            "tagSetSourceFile": "Tags/UnitTags"
                        },
                        "spawnEffectTags": {
                            "items": [],
                            "tagSetSourceFile": "Tags/SpawnEffectTags"
                        },
                        "pilotDefId": "pilot_default",
                        "pilotTagSet": {
                            "items": [],
                            "tagSetSourceFile": ""
                        },
                        "pilotExcludedTagSet": {
                            "items": [],
                            "tagSetSourceFile": "Tags/PilotTags"
                        },
                        "selectedUnitType": "UNDEFINED",
                        "selectedUnitDefId": null,
                        "selectedPilotDefId": null
                    },
                    {
                        "unitSpawnPoint": {
                            "EncounterObjectGuid": "0e94c058-66e2-461b-aaf2-d23345bc2a7f",
                            "loadingGuid": null
                        },
                        "unitType": "Mech",
                        "unitDefId": "mechDef_None",
                        "unitTagSet": {
                            "items": [],
                            "tagSetSourceFile": ""
                        },
                        "unitExcludedTagSet": {
                            "items": [],
                            "tagSetSourceFile": "Tags/UnitTags"
                        },
                        "spawnEffectTags": {
                            "items": [],
                            "tagSetSourceFile": "Tags/SpawnEffectTags"
                        },
                        "pilotDefId": "pilot_default",
                        "pilotTagSet": {
                            "items": [],
                            "tagSetSourceFile": ""
                        },
                        "pilotExcludedTagSet": {
                            "items": [],
                            "tagSetSourceFile": "Tags/PilotTags"
                        },
                        "selectedUnitType": "UNDEFINED",
                        "selectedUnitDefId": null,
                        "selectedPilotDefId": null
                    }
                ],
                "GenerateLanceComplete": null
            }
        ],
        "GenerateTeamComplete": null
    },
    "targetsAllyTeam": {
        "encounterLayerData": {
            "EncounterObjectGuid": "6e35a974-504f-4997-b224-01d07737e560",
            "loadingGuid": null
        },
        "teamGuid": "31151ed6-cfc2-467e-98c4-9ae5bea784cf",
        "teamName": "Target's Ally",
        "faction": "INVALID_UNSET",
        "teamLeaderCastDefId": "castDef_TeamLeader_Current",
        "lanceOverrideList": [],
        "GenerateTeamComplete": null
    },
    "neutralToAllTeam": {
        "encounterLayerData": {
            "EncounterObjectGuid": "6e35a974-504f-4997-b224-01d07737e560",
            "loadingGuid": null
        },
        "teamGuid": "61612bb3-abf9-4586-952a-0559fa9dcd75",
        "teamName": "Neutral to All",
        "faction": "INVALID_UNSET",
        "teamLeaderCastDefId": "castDef_TeamLeader_Current",
        "lanceOverrideList": [],
        "GenerateTeamComplete": null
    },
    "hostileToAllTeam": {
        "encounterLayerData": {
            "EncounterObjectGuid": "6e35a974-504f-4997-b224-01d07737e560",
            "loadingGuid": null
        },
        "teamGuid": "3c9f3a20-ab03-4bcb-8ab6-b1ef0442bbf0",
        "teamName": "Hostile to All",
        "faction": "INVALID_UNSET",
        "teamLeaderCastDefId": "castDef_TeamLeader_Current",
        "lanceOverrideList": [],
        "GenerateTeamComplete": null
    },
    "folder": "D:/Dev/battleTechRepo/BattleTech/Assets/StreamingAssetsSource/data/contracts/rescue/",
    "filename": "Rescue_Default.json",
    "GenerateUnitsComplete": null
}