{
    "ID": "AmbushConvoy_GuerrillaInterception",
    "contractName": "Guerrilla Interception",
    "contractDisplayStyle": "BaseCampaignNormal",
    "difficulty": 2,
    "difficultyUIModifier": 0,
    "weight": 1,
    "scope": "TUTORIAL",
    "finalDifficulty": 0,
    "shortDescription": "Guerrilla strikes against our facilities have increased, and our intel says {TEAM_TAR.FactionDef.Name} is bankrolling the guerrillas and providing logistical support in the form of small arms, explosives, and medical supplies. We need you to intercept the {TEAM_TAR.FactionDef.Demonym} supply convoy and destroy it before it reaches the guerrilla forces.",
    "longDescription": "Commander, this smells political, and that makes me nervous. I suggest we go in, take care of the convoy, and get out again - without asking too many questions. There's a bonus if we clean up all the enemy forces, but that's at your discretion.",
    "salvagePotential": "8",
    "requirementList": [
        {
            "Scope": "StarSystem",
            "RequirementTags": {
                "items": [],
                "tagSetSourceFile": ""
            },
            "ExclusionTags": {
                "items": [],
                "tagSetSourceFile": ""
            },
            "RequirementComparisons": [
                {
                    "obj": "Target.IsOwner",
                    "op": "Equal",
                    "val": "1"
                },
                {
                    "obj": "Employer.AuriganRestoration",
                    "op": "Equal",
                    "val": "0"
                }
            ]
        }
    ],
    "OnContractSuccessResults": [],
    "OnContractFailureResults": [],
    "contractType": "AmbushConvoy",
    "encounterPlayStyle": "SinglePlayer",
    "maxNumberOfPlayerUnits": 4,
    "mapMood": null,
    "startingFogOfWarVisibility": "Surveyed",
    "contractObjectiveList": [
        {
            "contractObjective": {
                "EncounterObjectGuid": "bad503ac-4f47-47b0-a735-a5b13ff0e352"
            },
            "title": "Destroy the Guerrilla Convoy and Escape",
            "description": "",
            "isPrimary": true,
            "forPlayer": "Player1",
            "objectiveGuids": [
                "aa529050-2feb-4fbf-8838-afa2849caca6",
                "f8f77ed8-c52e-4d19-b8e0-d4c94baf2375",
                "3a4192be-2a53-4383-94ac-19c08883ea5f",
                "9b0f9fdd-2033-469c-8327-4e519ef6c683",
                "4da99cf7-4950-4447-b55b-fcc2986adf75"
            ]
        },
        {
            "contractObjective": {
                "EncounterObjectGuid": "e93b9c15-0cbd-46a7-87a4-1d3de6adfd59"
            },
            "title": "Destroy the Convoy Guards",
            "description": "",
            "isPrimary": false,
            "forPlayer": "Player1",
            "objectiveGuids": [
                "43fe5b1b-6c77-4daf-b6be-5735ab59ea11"
            ]
        }
    ],
    "objectiveList": [
        {
            "objective": {
                "EncounterObjectGuid": "f8f77ed8-c52e-4d19-b8e0-d4c94baf2375"
            },
            "title": "Destroy the Guerrilla Supply Convoy",
            "description": "",
            "isPrimary": false,
            "OnSuccessResults": [],
            "OnFailureResults": []
        },
        {
            "objective": {
                "EncounterObjectGuid": "43fe5b1b-6c77-4daf-b6be-5735ab59ea11"
            },
            "title": "Destroy the Convoy Escort",
            "description": "",
            "isPrimary": false,
            "OnSuccessResults": [
                {
                    "Scope": "Company",
                    "Requirements": {
                        "Scope": "Company",
                        "RequirementTags": {
                            "items": [],
                            "tagSetSourceFile": ""
                        },
                        "ExclusionTags": {
                            "items": [],
                            "tagSetSourceFile": ""
                        },
                        "RequirementComparisons": []
                    },
                    "AddedTags": {
                        "items": [],
                        "tagSetSourceFile": ""
                    },
                    "RemovedTags": {
                        "items": [],
                        "tagSetSourceFile": ""
                    },
                    "Stats": [
                        {
                            "typeString": "System.Single",
                            "name": "ContractBonusRewardPct",
                            "value": 0.25
                        }
                    ]
                }
            ],
            "OnFailureResults": []
        },
        {
            "objective": {
                "EncounterObjectGuid": "4da99cf7-4950-4447-b55b-fcc2986adf75"
            },
            "title": "Stop Convoy From Escaping",
            "description": "",
            "isPrimary": false,
            "OnSuccessResults": [],
            "OnFailureResults": []
        },
        {
            "objective": {
                "EncounterObjectGuid": "aa529050-2feb-4fbf-8838-afa2849caca6"
            },
            "title": "Intercept the Supply Convoy",
            "description": "",
            "isPrimary": false,
            "OnSuccessResults": [],
            "OnFailureResults": []
        },
        {
            "objective": {
                "EncounterObjectGuid": "3a4192be-2a53-4383-94ac-19c08883ea5f"
            },
            "title": "Get to the Evac Zone",
            "description": "",
            "isPrimary": false,
            "OnSuccessResults": [],
            "OnFailureResults": []
        },
        {
            "objective": {
                "EncounterObjectGuid": "9b0f9fdd-2033-469c-8327-4e519ef6c683"
            },
            "title": "Destroy Enemy Reinforcement Units",
            "description": "",
            "isPrimary": false,
            "OnSuccessResults": [
                {
                    "Scope": "Company",
                    "Requirements": {
                        "Scope": "Company",
                        "RequirementTags": {
                            "items": [],
                            "tagSetSourceFile": ""
                        },
                        "ExclusionTags": {
                            "items": [],
                            "tagSetSourceFile": ""
                        },
                        "RequirementComparisons": []
                    },
                    "AddedTags": {
                        "items": [],
                        "tagSetSourceFile": ""
                    },
                    "RemovedTags": {
                        "items": [],
                        "tagSetSourceFile": ""
                    },
                    "Stats": [
                        {
                            "typeString": "System.Single",
                            "name": "ContractBonusRewardPct",
                            "value": 0.1
                        }
                    ]
                }
            ],
            "OnFailureResults": []
        }
    ],
    "buildingList": [],
    "chunkList": [
        {
            "name": "Chunk_AmbushByNumKilled (Bonus)",
            "encounterChunk": {
                "EncounterObjectGuid": "2e0d2e69-6335-49ae-b2bb-61ff3185306b"
            },
            "enableChunkFromContract": false
        }
    ],
    "cameraFocusHelperList": [
        {
            "name": "Spawner_PlayerLance",
            "encounterObject": {
                "EncounterObjectGuid": "76b654a6-4f2c-4a6f-86e6-d4cf868335fe"
            }
        },
        {
            "name": "Lance_Enemy_Convoy",
            "encounterObject": {
                "EncounterObjectGuid": "d3d75b1e-ace5-43e8-b037-79a2dd2b3d4e"
            }
        },
        {
            "name": "Lance_Enemy_Bodyguard",
            "encounterObject": {
                "EncounterObjectGuid": "10e8686f-8d19-4058-9541-119c4dff041c"
            }
        },
        {
            "name": "Ambush Lance Spawner",
            "encounterObject": {
                "EncounterObjectGuid": "f96ff774-d7ee-4486-b513-ce77357d1867"
            }
        },
        {
            "name": "Region_ConvoyTarget",
            "encounterObject": {
                "EncounterObjectGuid": "3560382a-c082-4a0b-8cab-8e6327b74cce"
            }
        },
        {
            "name": "Region_GoTo",
            "encounterObject": {
                "EncounterObjectGuid": "cb50e1e4-aa0c-49b2-bd2e-5339c78dafb5"
            }
        },
        {
            "name": "Region_Escape",
            "encounterObject": {
                "EncounterObjectGuid": "a85da736-7a2e-4cc6-aff3-feb9d73fc7e1"
            }
        }
    ],
    "dialogueList": [
        {
            "dialogue": {
                "EncounterObjectGuid": "73df8d9c-a274-48fd-98c9-2bd0d7860e83"
            },
            "name": "Dialogue_MissionStart",
            "overrideDialogueBucketId": "",
            "dialogueContent": [
                {
                    "words": "The {TEAM_TAR.FactionDef.Demonym} convoy is inbound, Commander.",
                    "wordsColor": {
                        "r": "1",
                        "g": "1",
                        "b": "1",
                        "a": "1"
                    },
                    "selectedCastDefId": "castDef_DariusDefault",
                    "emote": "Default",
                    "audioName": "NONE",
                    "cameraFocusGuid": "",
                    "cameraDistance": "Far",
                    "cameraHeight": "Default",
                    "revealRadius": -1
                },
                {
                    "words": "Let's get eyes on, and intercept the vehicles before they escape the trap.",
                    "wordsColor": {
                        "r": "1",
                        "g": "1",
                        "b": "1",
                        "a": "1"
                    },
                    "selectedCastDefId": "castDef_DariusDefault",
                    "emote": "Default",
                    "audioName": "NONE",
                    "cameraFocusGuid": "cb50e1e4-aa0c-49b2-bd2e-5339c78dafb5",
                    "cameraDistance": "Far",
                    "cameraHeight": "Default",
                    "revealRadius": -1
                },
                {
                    "words": "Then we'll extract at our designated location.",
                    "wordsColor": {
                        "r": "1",
                        "g": "1",
                        "b": "1",
                        "a": "1"
                    },
                    "selectedCastDefId": "castDef_DariusDefault",
                    "emote": "Default",
                    "audioName": "NONE",
                    "cameraFocusGuid": "a85da736-7a2e-4cc6-aff3-feb9d73fc7e1",
                    "cameraDistance": "Far",
                    "cameraHeight": "Default",
                    "revealRadius": -1
                },
                {
                    "words": "Good luck, Commander. Oliveira out.",
                    "wordsColor": {
                        "r": "1",
                        "g": "1",
                        "b": "1",
                        "a": "1"
                    },
                    "selectedCastDefId": "castDef_DariusDefault",
                    "emote": "Default",
                    "audioName": "NONE",
                    "cameraFocusGuid": "76b654a6-4f2c-4a6f-86e6-d4cf868335fe",
                    "cameraDistance": "Far",
                    "cameraHeight": "Default",
                    "revealRadius": -1
                }
            ]
        },
        {
            "dialogue": {
                "EncounterObjectGuid": "4011a4c3-cba2-4d22-b2b3-3b19a3297ab9"
            },
            "name": "Dialogue_MissionSuccess",
            "overrideDialogueBucketId": "",
            "dialogueContent": [
                {
                    "words": "Well done, Commander. Let's debrief back in orbit.",
                    "wordsColor": {
                        "r": "1",
                        "g": "1",
                        "b": "1",
                        "a": "1"
                    },
                    "selectedCastDefId": "castDef_DariusDefault",
                    "emote": "Default",
                    "audioName": "NONE",
                    "cameraFocusGuid": "",
                    "cameraDistance": "Far",
                    "cameraHeight": "Default",
                    "revealRadius": -1
                }
            ]
        },
        {
            "dialogue": {
                "EncounterObjectGuid": "d3d33d95-9ed7-4686-b9eb-954ebe51cc02"
            },
            "name": "Dialogue_MissionFailure",
            "overrideDialogueBucketId": "",
            "dialogueContent": [
                {
                    "words": "What a mess. Time to call this one off, Commander. I'm scrubbing the mission.",
                    "wordsColor": {
                        "r": "1",
                        "g": "1",
                        "b": "1",
                        "a": "1"
                    },
                    "selectedCastDefId": "castDef_DariusDefault",
                    "emote": "Default",
                    "audioName": "NONE",
                    "cameraFocusGuid": "",
                    "cameraDistance": "Far",
                    "cameraHeight": "Default",
                    "revealRadius": -1
                }
            ]
        },
        {
            "dialogue": {
                "EncounterObjectGuid": "2bc99c34-b9a1-4e6d-ad33-a64162819bd0"
            },
            "name": "Dialogue_GoToComplete",
            "overrideDialogueBucketId": "DialogBucketDef_AmbushConvoy_EyesOnTarget",
            "dialogueContent": [
                {
                    "words": "We have a lock on the target vehicles. They should be to your front. Engage and destory, Commander.",
                    "wordsColor": {
                        "r": 1,
                        "g": 1,
                        "b": 1,
                        "a": 1
                    },
                    "selectedCastDefId": "castDef_DariusDefault",
                    "emote": "Default",
                    "audioName": "NONE",
                    "cameraFocusGuid": "",
                    "cameraDistance": "Far",
                    "cameraHeight": "Default",
                    "revealRadius": -1
                }
            ]
        },
        {
            "dialogue": {
                "EncounterObjectGuid": "7cd7f943-20e7-4b74-9a3c-e1d0cfc30fd9"
            },
            "name": "Dialogue_ConvoyDamaged",
            "overrideDialogueBucketId": "DialogBucketDef_AmbushConvoy_PriTarDamaged",
            "dialogueContent": [
                {
                    "words": "That's got it, keep firing on those targets until they are neutralized. ",
                    "wordsColor": {
                        "r": 1,
                        "g": 1,
                        "b": 1,
                        "a": 1
                    },
                    "selectedCastDefId": "castDef_DariusDefault",
                    "emote": "Default",
                    "audioName": "NONE",
                    "cameraFocusGuid": "",
                    "cameraDistance": "Far",
                    "cameraHeight": "Default",
                    "revealRadius": -1
                }
            ]
        },
        {
            "dialogue": {
                "EncounterObjectGuid": "a50ad243-225a-4beb-9317-d7aeffa2bcdc"
            },
            "name": "Dialogue_Interrupt_GuardsDestroyed",
            "overrideDialogueBucketId": "",
            "dialogueContent": [
                {
                    "words": "Convoy guards are all down. Let's finish up and get out of here.",
                    "wordsColor": {
                        "r": "1",
                        "g": "1",
                        "b": "1",
                        "a": "1"
                    },
                    "selectedCastDefId": "castDef_DariusDefault",
                    "emote": "Default",
                    "audioName": "NONE",
                    "cameraFocusGuid": "",
                    "cameraDistance": "Far",
                    "cameraHeight": "Default",
                    "revealRadius": -1
                }
            ]
        },
        {
            "dialogue": {
                "EncounterObjectGuid": "793629ec-2233-4559-988b-460c5fdf6d58"
            },
            "name": "Dialogue_Interrupt_ConvoyReachedExtraction",
            "overrideDialogueBucketId": "",
            "dialogueContent": [
                {
                    "words": "The convoy is reaching its escape point, Commander. We're running out of time. Step it up!",
                    "wordsColor": {
                        "r": "1",
                        "g": "1",
                        "b": "1",
                        "a": "1"
                    },
                    "selectedCastDefId": "castDef_DariusDefault",
                    "emote": "Default",
                    "audioName": "NONE",
                    "cameraFocusGuid": "",
                    "cameraDistance": "Far",
                    "cameraHeight": "Default",
                    "revealRadius": -1
                }
            ]
        },
        {
            "dialogue": {
                "EncounterObjectGuid": "366443c6-7895-4b4c-aea9-544f1a88c43e"
            },
            "name": "Dialogue_ConvoyTargetDestroyed",
            "overrideDialogueBucketId": "DialogBucketDef_Universal_KillConfirmed",
            "dialogueContent": [
                {
                    "words": "One down. Keep engaging those threats and we'll be out of here. ",
                    "wordsColor": {
                        "r": 1,
                        "g": 1,
                        "b": 1,
                        "a": 1
                    },
                    "selectedCastDefId": "castDef_DariusDefault",
                    "emote": "Default",
                    "audioName": "NONE",
                    "cameraFocusGuid": "",
                    "cameraDistance": "Far",
                    "cameraHeight": "Default",
                    "revealRadius": -1
                }
            ]
        },
        {
            "dialogue": {
                "EncounterObjectGuid": "865db024-27b0-4c03-90d6-f257329c5d69"
            },
            "name": "Dialogue_EscapeInstruction",
            "overrideDialogueBucketId": "DialogBucketDef_Universal_Escape",
            "dialogueContent": [
                {
                    "words": "The convoy is finished, now get what mechs you have to the extraction point and we'll pull you out. Move quickly.",
                    "wordsColor": {
                        "r": 1,
                        "g": 1,
                        "b": 1,
                        "a": 1
                    },
                    "selectedCastDefId": "castDef_DariusDefault",
                    "emote": "Default",
                    "audioName": "NONE",
                    "cameraFocusGuid": "",
                    "cameraDistance": "Far",
                    "cameraHeight": "Default",
                    "revealRadius": -1
                }
            ]
        },
        {
            "dialogue": {
                "EncounterObjectGuid": "22fbc109-89c1-4590-bd94-f2f58e53504f"
            },
            "name": "Dialogue_ReinforcementWarning",
            "overrideDialogueBucketId": "DialogBucketDef_Universal_HostilesInbound",
            "dialogueContent": [
                {
                    "words": "Enemy Reinforcements, get ready for contact.",
                    "wordsColor": {
                        "r": 1,
                        "g": 1,
                        "b": 1,
                        "a": 1
                    },
                    "selectedCastDefId": "castDef_DariusDefault",
                    "emote": "Default",
                    "audioName": "NONE",
                    "cameraFocusGuid": "",
                    "cameraDistance": "Far",
                    "cameraHeight": "Default",
                    "revealRadius": -1
                }
            ]
        }
    ],
    "disableNegotations": false,
    "disableLanceConfiguration": false,
    "disableCancelButton": false,
    "disableAfterAction": false,
    "contractRewardOverride": -1,
    "travelOnly": false,
    "useTravelCostPenalty": false,
    "usesExpiration": false,
    "expirationTimeOverride": -1,
    "negotiatedSalary": 1,
    "negotiatedSalvage": 0,
    "player1Team": {
        "encounterLayerData": {
            "EncounterObjectGuid": "e1e9093f-5cb2-4ece-889d-49aa6357e731"
        },
        "teamGuid": "bf40fd39-ccf9-47c4-94a6-061809681140",
        "teamName": "Player 1",
        "faction": "Player1sMercUnit",
        "teamLeaderCastDefId": "castDef_TeamLeader_Current",
        "lanceOverrideList": [
            {
                "lanceSpawner": {
                    "EncounterObjectGuid": "76b654a6-4f2c-4a6f-86e6-d4cf868335fe"
                },
                "name": "Spawner_PlayerLance",
                "lanceDefId": "Manual",
                "lanceTagSet": {
                    "items": [],
                    "tagSetSourceFile": ""
                },
                "lanceExcludedTagSet": {
                    "items": [],
                    "tagSetSourceFile": "Tags/LanceTags"
                },
                "spawnEffectTags": {
                    "items": [],
                    "tagSetSourceFile": "Tags/SpawnEffectTags"
                },
                "lanceDifficultyAdjustment": 0,
                "selectedLanceDefId": null,
                "selectedLanceDifficulty": 0,
                "unitSpawnPointOverrideList": [
                    {
                        "unitSpawnPoint": {
                            "EncounterObjectGuid": "ec9d2280-ca9a-4d90-8a20-963d8a4c0a39"
                        },
                        "customUnitName": "",
                        "customHeraldryDefId": "",
                        "unitType": "Mech",
                        "unitDefId": "mechDef_None",
                        "unitTagSet": {
                            "items": [],
                            "tagSetSourceFile": ""
                        },
                        "unitExcludedTagSet": {
                            "items": [],
                            "tagSetSourceFile": "Tags/UnitTags"
                        },
                        "spawnEffectTags": {
                            "items": [],
                            "tagSetSourceFile": "Tags/SpawnEffectTags"
                        },
                        "pilotDefId": "pilotDef_InheritLance",
                        "pilotTagSet": {
                            "items": [],
                            "tagSetSourceFile": ""
                        },
                        "pilotExcludedTagSet": {
                            "items": [],
                            "tagSetSourceFile": "Tags/PilotTags"
                        },
                        "selectedUnitType": "UNDEFINED",
                        "selectedUnitDefId": null,
                        "selectedPilotDefId": null
                    },
                    {
                        "unitSpawnPoint": {
                            "EncounterObjectGuid": "ebc06b6a-c5a8-4165-95ce-480bcf335570"
                        },
                        "customUnitName": "",
                        "customHeraldryDefId": "",
                        "unitType": "Mech",
                        "unitDefId": "mechDef_None",
                        "unitTagSet": {
                            "items": [],
                            "tagSetSourceFile": ""
                        },
                        "unitExcludedTagSet": {
                            "items": [],
                            "tagSetSourceFile": "Tags/UnitTags"
                        },
                        "spawnEffectTags": {
                            "items": [],
                            "tagSetSourceFile": "Tags/SpawnEffectTags"
                        },
                        "pilotDefId": "pilotDef_InheritLance",
                        "pilotTagSet": {
                            "items": [],
                            "tagSetSourceFile": ""
                        },
                        "pilotExcludedTagSet": {
                            "items": [],
                            "tagSetSourceFile": "Tags/PilotTags"
                        },
                        "selectedUnitType": "UNDEFINED",
                        "selectedUnitDefId": null,
                        "selectedPilotDefId": null
                    },
                    {
                        "unitSpawnPoint": {
                            "EncounterObjectGuid": "d50f1e9d-0a0b-4dc8-9a06-a33233aaa8a1"
                        },
                        "customUnitName": "",
                        "customHeraldryDefId": "",
                        "unitType": "Mech",
                        "unitDefId": "mechDef_None",
                        "unitTagSet": {
                            "items": [],
                            "tagSetSourceFile": ""
                        },
                        "unitExcludedTagSet": {
                            "items": [],
                            "tagSetSourceFile": "Tags/UnitTags"
                        },
                        "spawnEffectTags": {
                            "items": [],
                            "tagSetSourceFile": "Tags/SpawnEffectTags"
                        },
                        "pilotDefId": "pilotDef_InheritLance",
                        "pilotTagSet": {
                            "items": [],
                            "tagSetSourceFile": ""
                        },
                        "pilotExcludedTagSet": {
                            "items": [],
                            "tagSetSourceFile": "Tags/PilotTags"
                        },
                        "selectedUnitType": "UNDEFINED",
                        "selectedUnitDefId": null,
                        "selectedPilotDefId": null
                    },
                    {
                        "unitSpawnPoint": {
                            "EncounterObjectGuid": "461141c2-f956-49a5-b2c6-6f951b957a94"
                        },
                        "customUnitName": "",
                        "customHeraldryDefId": "",
                        "unitType": "Mech",
                        "unitDefId": "mechDef_None",
                        "unitTagSet": {
                            "items": [],
                            "tagSetSourceFile": ""
                        },
                        "unitExcludedTagSet": {
                            "items": [],
                            "tagSetSourceFile": "Tags/UnitTags"
                        },
                        "spawnEffectTags": {
                            "items": [],
                            "tagSetSourceFile": "Tags/SpawnEffectTags"
                        },
                        "pilotDefId": "pilotDef_InheritLance",
                        "pilotTagSet": {
                            "items": [],
                            "tagSetSourceFile": ""
                        },
                        "pilotExcludedTagSet": {
                            "items": [],
                            "tagSetSourceFile": "Tags/PilotTags"
                        },
                        "selectedUnitType": "UNDEFINED",
                        "selectedUnitDefId": null,
                        "selectedPilotDefId": null
                    }
                ]
            }
        ]
    },
    "player2Team": {
        "encounterLayerData": {
            "EncounterObjectGuid": "e1e9093f-5cb2-4ece-889d-49aa6357e731"
        },
        "teamGuid": "757173dd-b4e1-4bb5-9bee-d78e623cc867",
        "teamName": "Player 2",
        "faction": "Player2sMercUnit",
        "teamLeaderCastDefId": "castDef_TeamLeader_Current",
        "lanceOverrideList": []
    },
    "employerTeam": {
        "encounterLayerData": {
            "EncounterObjectGuid": "e1e9093f-5cb2-4ece-889d-49aa6357e731"
        },
        "teamGuid": "ecc8d4f2-74b4-465d-adf6-84445e5dfc230",
        "teamName": "Employer",
        "faction": "INVALID_UNSET",
        "teamLeaderCastDefId": "castDef_TeamLeader_Current",
        "lanceOverrideList": []
    },
    "targetTeam": {
        "encounterLayerData": {
            "EncounterObjectGuid": "e1e9093f-5cb2-4ece-889d-49aa6357e731"
        },
        "teamGuid": "be77cadd-e245-4240-a93e-b99cc98902a5",
        "teamName": "Target",
        "faction": "INVALID_UNSET",
        "teamLeaderCastDefId": "castDef_TeamLeader_Current",
        "lanceOverrideList": [
            {
                "lanceSpawner": {
                    "EncounterObjectGuid": "d3d75b1e-ace5-43e8-b037-79a2dd2b3d4e"
                },
                "name": "Lance_Enemy_Convoy",
                "lanceDefId": "Tagged",
                "lanceTagSet": {
                    "items": [
                        "lance_type_vehicle"
                    ],
                    "tagSetSourceFile": "Tags/LanceTags"
                },
                "lanceExcludedTagSet": {
                    "items": [],
                    "tagSetSourceFile": "Tags/LanceTags"
                },
                "spawnEffectTags": {
                    "items": [],
                    "tagSetSourceFile": "Tags/SpawnEffectTags"
                },
                "lanceDifficultyAdjustment": 0,
                "selectedLanceDefId": null,
                "selectedLanceDifficulty": 0,
                "unitSpawnPointOverrideList": [
                    {
                        "unitSpawnPoint": {
                            "EncounterObjectGuid": "d7109e5f-7e09-4a9d-98a7-a0bf651532e6"
                        },
                        "customUnitName": "",
                        "customHeraldryDefId": "",
                        "unitType": "Vehicle",
                        "unitDefId": "UseLance",
                        "unitTagSet": {
                            "items": [
                                "unit_noncombatant",
                                "unit_vehicle_apc",
                                "unit_vehicle"
                            ],
                            "tagSetSourceFile": "Tags/UnitTags"
                        },
                        "unitExcludedTagSet": {
                            "items": [],
                            "tagSetSourceFile": "Tags/UnitTags"
                        },
                        "spawnEffectTags": {
                            "items": [],
                            "tagSetSourceFile": "Tags/SpawnEffectTags"
                        },
                        "pilotDefId": "pilotDef_InheritLance",
                        "pilotTagSet": {
                            "items": [],
                            "tagSetSourceFile": ""
                        },
                        "pilotExcludedTagSet": {
                            "items": [],
                            "tagSetSourceFile": "Tags/PilotTags"
                        },
                        "selectedUnitType": "UNDEFINED",
                        "selectedUnitDefId": null,
                        "selectedPilotDefId": null
                    },
                    {
                        "unitSpawnPoint": {
                            "EncounterObjectGuid": "bdb37cd1-dff5-4740-b361-d5d1aebfd452"
                        },
                        "customUnitName": "",
                        "customHeraldryDefId": "",
                        "unitType": "Vehicle",
                        "unitDefId": "UseLance",
                        "unitTagSet": {
                            "items": [
                                "unit_noncombatant",
                                "unit_vehicle_apc",
                                "unit_vehicle"
                            ],
                            "tagSetSourceFile": "Tags/UnitTags"
                        },
                        "unitExcludedTagSet": {
                            "items": [],
                            "tagSetSourceFile": "Tags/UnitTags"
                        },
                        "spawnEffectTags": {
                            "items": [],
                            "tagSetSourceFile": "Tags/SpawnEffectTags"
                        },
                        "pilotDefId": "pilotDef_InheritLance",
                        "pilotTagSet": {
                            "items": [],
                            "tagSetSourceFile": ""
                        },
                        "pilotExcludedTagSet": {
                            "items": [],
                            "tagSetSourceFile": "Tags/PilotTags"
                        },
                        "selectedUnitType": "UNDEFINED",
                        "selectedUnitDefId": null,
                        "selectedPilotDefId": null
                    },
                    {
                        "unitSpawnPoint": {
                            "EncounterObjectGuid": "0aed6f9b-c51e-4e76-9c21-b9820620ddb2"
                        },
                        "customUnitName": "",
                        "customHeraldryDefId": "",
                        "unitType": "Vehicle",
                        "unitDefId": "UseLance",
                        "unitTagSet": {
                            "items": [
                                "unit_noncombatant",
                                "unit_vehicle_apc",
                                "unit_vehicle"
                            ],
                            "tagSetSourceFile": "Tags/UnitTags"
                        },
                        "unitExcludedTagSet": {
                            "items": [],
                            "tagSetSourceFile": "Tags/UnitTags"
                        },
                        "spawnEffectTags": {
                            "items": [],
                            "tagSetSourceFile": "Tags/SpawnEffectTags"
                        },
                        "pilotDefId": "pilotDef_InheritLance",
                        "pilotTagSet": {
                            "items": [],
                            "tagSetSourceFile": ""
                        },
                        "pilotExcludedTagSet": {
                            "items": [],
                            "tagSetSourceFile": "Tags/PilotTags"
                        },
                        "selectedUnitType": "UNDEFINED",
                        "selectedUnitDefId": null,
                        "selectedPilotDefId": null
                    },
                    {
                        "unitSpawnPoint": {
                            "EncounterObjectGuid": "d6a9ca5b-40e3-4392-bb03-87512cc30a77"
                        },
                        "customUnitName": "",
                        "customHeraldryDefId": "",
                        "unitType": "Vehicle",
                        "unitDefId": "UseLance",
                        "unitTagSet": {
                            "items": [
                                "unit_noncombatant",
                                "unit_vehicle_apc",
                                "unit_vehicle"
                            ],
                            "tagSetSourceFile": "Tags/UnitTags"
                        },
                        "unitExcludedTagSet": {
                            "items": [],
                            "tagSetSourceFile": "Tags/UnitTags"
                        },
                        "spawnEffectTags": {
                            "items": [],
                            "tagSetSourceFile": "Tags/SpawnEffectTags"
                        },
                        "pilotDefId": "pilotDef_InheritLance",
                        "pilotTagSet": {
                            "items": [],
                            "tagSetSourceFile": ""
                        },
                        "pilotExcludedTagSet": {
                            "items": [],
                            "tagSetSourceFile": "Tags/PilotTags"
                        },
                        "selectedUnitType": "UNDEFINED",
                        "selectedUnitDefId": null,
                        "selectedPilotDefId": null
                    }
                ]
            },
            {
                "lanceSpawner": {
                    "EncounterObjectGuid": "10e8686f-8d19-4058-9541-119c4dff041c"
                },
                "name": "Lance_Enemy_Bodyguard",
                "lanceDefId": "Tagged",
                "lanceTagSet": {
                    "items": [
                        "lance_type_support"
                    ],
                    "tagSetSourceFile": "Tags/LanceTags"
                },
                "lanceExcludedTagSet": {
                    "items": [],
                    "tagSetSourceFile": "Tags/LanceTags"
                },
                "spawnEffectTags": {
                    "items": [
                        "spawn_poorly_maintained_50"
                    ],
                    "tagSetSourceFile": "Tags/SpawnEffectTags"
                },
                "lanceDifficultyAdjustment": 0,
                "selectedLanceDefId": null,
                "selectedLanceDifficulty": 0,
                "unitSpawnPointOverrideList": [
                    {
                        "unitSpawnPoint": {
                            "EncounterObjectGuid": "f6a5d450-d3af-47f0-80d1-c5e53a4d8e45"
                        },
                        "customUnitName": "",
                        "customHeraldryDefId": "",
                        "unitType": "Mech",
                        "unitDefId": "UseLance",
                        "unitTagSet": {
                            "items": [
                                "role-brawler",
                                "light",
                                "mech",
                                "KSBeta"
                            ],
                            "tagSetSourceFile": ""
                        },
                        "unitExcludedTagSet": {
                            "items": [],
                            "tagSetSourceFile": "Tags/UnitTags"
                        },
                        "spawnEffectTags": {
                            "items": [],
                            "tagSetSourceFile": "Tags/SpawnEffectTags"
                        },
                        "pilotDefId": "pilotDef_InheritLance",
                        "pilotTagSet": {
                            "items": [],
                            "tagSetSourceFile": ""
                        },
                        "pilotExcludedTagSet": {
                            "items": [],
                            "tagSetSourceFile": "Tags/PilotTags"
                        },
                        "selectedUnitType": "UNDEFINED",
                        "selectedUnitDefId": null,
                        "selectedPilotDefId": null
                    },
                    {
                        "unitSpawnPoint": {
                            "EncounterObjectGuid": "ae11ab47-d0ce-4980-b3b3-39c957c34a99"
                        },
                        "customUnitName": "",
                        "customHeraldryDefId": "",
                        "unitType": "Mech",
                        "unitDefId": "UseLance",
                        "unitTagSet": {
                            "items": [
                                "role-flanker",
                                "ready",
                                "light",
                                "mech",
                                "KSBeta"
                            ],
                            "tagSetSourceFile": ""
                        },
                        "unitExcludedTagSet": {
                            "items": [],
                            "tagSetSourceFile": "Tags/UnitTags"
                        },
                        "spawnEffectTags": {
                            "items": [],
                            "tagSetSourceFile": "Tags/SpawnEffectTags"
                        },
                        "pilotDefId": "pilotDef_InheritLance",
                        "pilotTagSet": {
                            "items": [],
                            "tagSetSourceFile": ""
                        },
                        "pilotExcludedTagSet": {
                            "items": [],
                            "tagSetSourceFile": "Tags/PilotTags"
                        },
                        "selectedUnitType": "UNDEFINED",
                        "selectedUnitDefId": null,
                        "selectedPilotDefId": null
                    },
                    {
                        "unitSpawnPoint": {
                            "EncounterObjectGuid": "3ad4f797-b397-44cf-9eaf-32e95383f288"
                        },
                        "customUnitName": "",
                        "customHeraldryDefId": "",
                        "unitType": "Mech",
                        "unitDefId": "UseLance",
                        "unitTagSet": {
                            "items": [
                                "role-brawler",
                                "ready",
                                "medium",
                                "mech",
                                "KSBeta"
                            ],
                            "tagSetSourceFile": ""
                        },
                        "unitExcludedTagSet": {
                            "items": [],
                            "tagSetSourceFile": "Tags/UnitTags"
                        },
                        "spawnEffectTags": {
                            "items": [],
                            "tagSetSourceFile": "Tags/SpawnEffectTags"
                        },
                        "pilotDefId": "pilotDef_InheritLance",
                        "pilotTagSet": {
                            "items": [],
                            "tagSetSourceFile": ""
                        },
                        "pilotExcludedTagSet": {
                            "items": [],
                            "tagSetSourceFile": "Tags/PilotTags"
                        },
                        "selectedUnitType": "UNDEFINED",
                        "selectedUnitDefId": null,
                        "selectedPilotDefId": null
                    },
                    {
                        "unitSpawnPoint": {
                            "EncounterObjectGuid": "58ca1b45-de34-4c7d-8482-145742b34a0f"
                        },
                        "customUnitName": "",
                        "customHeraldryDefId": "",
                        "unitType": "Mech",
                        "unitDefId": "UseLance",
                        "unitTagSet": {
                            "items": [
                                "role-brawler",
                                "ready",
                                "medium",
                                "mech",
                                "KSBeta"
                            ],
                            "tagSetSourceFile": ""
                        },
                        "unitExcludedTagSet": {
                            "items": [],
                            "tagSetSourceFile": "Tags/UnitTags"
                        },
                        "spawnEffectTags": {
                            "items": [],
                            "tagSetSourceFile": "Tags/SpawnEffectTags"
                        },
                        "pilotDefId": "pilotDef_InheritLance",
                        "pilotTagSet": {
                            "items": [],
                            "tagSetSourceFile": ""
                        },
                        "pilotExcludedTagSet": {
                            "items": [],
                            "tagSetSourceFile": "Tags/PilotTags"
                        },
                        "selectedUnitType": "UNDEFINED",
                        "selectedUnitDefId": null,
                        "selectedPilotDefId": null
                    }
                ]
            },
            {
                "lanceSpawner": {
                    "EncounterObjectGuid": "f96ff774-d7ee-4486-b513-ce77357d1867"
                },
                "name": "Ambush Lance Spawner",
                "lanceDefId": "Tagged",
                "lanceTagSet": {
                    "items": [
                        "lance_type_support",
                        "lance_type_notallvehicles"
                    ],
                    "tagSetSourceFile": "Tags/LanceTags"
                },
                "lanceExcludedTagSet": {
                    "items": [],
                    "tagSetSourceFile": "Tags/LanceTags"
                },
                "spawnEffectTags": {
                    "items": [
                        "spawn_poorly_maintained_50"
                    ],
                    "tagSetSourceFile": "Tags/SpawnEffectTags"
                },
                "lanceDifficultyAdjustment": 0,
                "selectedLanceDefId": null,
                "selectedLanceDifficulty": 0,
                "unitSpawnPointOverrideList": [
                    {
                        "unitSpawnPoint": {
                            "EncounterObjectGuid": "ab47e469-5887-4a9e-89f2-055d174462c1"
                        },
                        "customUnitName": "",
                        "customHeraldryDefId": "",
                        "unitType": "Vehicle",
                        "unitDefId": "UseLance",
                        "unitTagSet": {
                            "items": [
                                "wheels",
                                "light",
                                "vehicle"
                            ],
                            "tagSetSourceFile": ""
                        },
                        "unitExcludedTagSet": {
                            "items": [],
                            "tagSetSourceFile": "Tags/UnitTags"
                        },
                        "spawnEffectTags": {
                            "items": [],
                            "tagSetSourceFile": "Tags/SpawnEffectTags"
                        },
                        "pilotDefId": "pilotDef_InheritLance",
                        "pilotTagSet": {
                            "items": [],
                            "tagSetSourceFile": ""
                        },
                        "pilotExcludedTagSet": {
                            "items": [],
                            "tagSetSourceFile": "Tags/PilotTags"
                        },
                        "selectedUnitType": "UNDEFINED",
                        "selectedUnitDefId": null,
                        "selectedPilotDefId": null
                    },
                    {
                        "unitSpawnPoint": {
                            "EncounterObjectGuid": "923f0c0d-8266-480a-8d34-8e7c8b12e1d6"
                        },
                        "customUnitName": "",
                        "customHeraldryDefId": "",
                        "unitType": "Vehicle",
                        "unitDefId": "UseLance",
                        "unitTagSet": {
                            "items": [
                                "wheels",
                                "medium",
                                "vehicle"
                            ],
                            "tagSetSourceFile": ""
                        },
                        "unitExcludedTagSet": {
                            "items": [],
                            "tagSetSourceFile": "Tags/UnitTags"
                        },
                        "spawnEffectTags": {
                            "items": [],
                            "tagSetSourceFile": "Tags/SpawnEffectTags"
                        },
                        "pilotDefId": "pilotDef_InheritLance",
                        "pilotTagSet": {
                            "items": [],
                            "tagSetSourceFile": ""
                        },
                        "pilotExcludedTagSet": {
                            "items": [],
                            "tagSetSourceFile": "Tags/PilotTags"
                        },
                        "selectedUnitType": "UNDEFINED",
                        "selectedUnitDefId": null,
                        "selectedPilotDefId": null
                    },
                    {
                        "unitSpawnPoint": {
                            "EncounterObjectGuid": "f7fcc4f1-3f3f-4da3-909d-54098143cef1"
                        },
                        "customUnitName": "",
                        "customHeraldryDefId": "",
                        "unitType": "Vehicle",
                        "unitDefId": "UseLance",
                        "unitTagSet": {
                            "items": [
                                "heavy"
                            ],
                            "tagSetSourceFile": ""
                        },
                        "unitExcludedTagSet": {
                            "items": [],
                            "tagSetSourceFile": "Tags/UnitTags"
                        },
                        "spawnEffectTags": {
                            "items": [],
                            "tagSetSourceFile": "Tags/SpawnEffectTags"
                        },
                        "pilotDefId": "pilotDef_InheritLance",
                        "pilotTagSet": {
                            "items": [],
                            "tagSetSourceFile": ""
                        },
                        "pilotExcludedTagSet": {
                            "items": [],
                            "tagSetSourceFile": "Tags/PilotTags"
                        },
                        "selectedUnitType": "UNDEFINED",
                        "selectedUnitDefId": null,
                        "selectedPilotDefId": null
                    },
                    {
                        "unitSpawnPoint": {
                            "EncounterObjectGuid": "4db659d0-49a5-4b7a-88aa-561538730982"
                        },
                        "customUnitName": "",
                        "customHeraldryDefId": "",
                        "unitType": "Vehicle",
                        "unitDefId": "UseLance",
                        "unitTagSet": {
                            "items": [],
                            "tagSetSourceFile": ""
                        },
                        "unitExcludedTagSet": {
                            "items": [],
                            "tagSetSourceFile": "Tags/UnitTags"
                        },
                        "spawnEffectTags": {
                            "items": [],
                            "tagSetSourceFile": "Tags/SpawnEffectTags"
                        },
                        "pilotDefId": "pilotDef_InheritLance",
                        "pilotTagSet": {
                            "items": [],
                            "tagSetSourceFile": ""
                        },
                        "pilotExcludedTagSet": {
                            "items": [],
                            "tagSetSourceFile": "Tags/PilotTags"
                        },
                        "selectedUnitType": "UNDEFINED",
                        "selectedUnitDefId": null,
                        "selectedPilotDefId": null
                    }
                ]
            }
        ]
    },
    "targetsAllyTeam": {
        "encounterLayerData": {
            "EncounterObjectGuid": "e1e9093f-5cb2-4ece-889d-49aa6357e731"
        },
        "teamGuid": "31151ed6-cfc2-467e-98c4-9ae5bea784cf",
        "teamName": "Target's Ally",
        "faction": "INVALID_UNSET",
        "teamLeaderCastDefId": "castDef_TeamLeader_Current",
        "lanceOverrideList": []
    },
    "neutralToAllTeam": {
        "encounterLayerData": {
            "EncounterObjectGuid": "e1e9093f-5cb2-4ece-889d-49aa6357e731"
        },
        "teamGuid": "61612bb3-abf9-4586-952a-0559fa9dcd75",
        "teamName": "Neutral to All",
        "faction": "INVALID_UNSET",
        "teamLeaderCastDefId": "castDef_TeamLeader_Current",
        "lanceOverrideList": []
    },
    "hostileToAllTeam": {
        "encounterLayerData": {
            "EncounterObjectGuid": "e1e9093f-5cb2-4ece-889d-49aa6357e731"
        },
        "teamGuid": "3c9f3a20-ab03-4bcb-8ab6-b1ef0442bbf0",
        "teamName": "Hostile to All",
        "faction": "INVALID_UNSET",
        "teamLeaderCastDefId": "castDef_TeamLeader_Current",
        "lanceOverrideList": []
    },
    "filename": "AmbushConvoy_GuerrillaInterception.json"
}