{
    "ID" : "Story_5_ServedCold_Default",
    "contractName" : "Served Cold",
    "contractDisplayStyle" : "BaseCampaignStory",
    "difficulty" : 5,
    "difficultyUIModifier" : 0,
    "weight" : 1,
    "scope" : "STANDARD",
    "finalDifficulty" : 0,
    "shortDescription" : "Lord Karosas challenged my authority, and he was right to do so. His daughter died in my name. We're going to do what we can to earn his help and support. That means destroying the <i>Newgrange</i>, a smuggling ship that has been running weapons to the Directorate. I'll be your voice on the comms for this drop, {COMMANDER.Callsign}\u2026 let's get this done.",
    "longDescription" : "Keep your eyes open for the <i>Newgrange</i>'s security detail, and be ready for a fight when it arrives. I'll be rooting for you from here.",
    "salvagePotential" : 28,
    "requirementList" : [
        
    ],
    "OnContractSuccessResults" : [
        {
            "Scope" : "Company",
            "Requirements" : null,
            "AddedTags" : {
                "items" : [
                    
                ],
                "tagSetSourceFile" : ""
            },
            "RemovedTags" : {
                "items" : [
                    
                ],
                "tagSetSourceFile" : ""
            },
            "Stats" : [
                {
                    "typeString" : "System.Int32",
                    "name" : "NextStoryMilestone",
                    "value" : "1",
                    "set" : false,
                    "valueConstant" : ""
                }
            ],
            "Actions" : [
                
            ],
            "ForceEvents" : [
                
            ],
            "TemporaryResult" : false,
            "ResultDuration" : 0
        }
    ],
    "OnContractFailureResults" : [
        {
            "Scope" : "Company",
            "Requirements" : null,
            "AddedTags" : {
                "items" : [
                    
                ],
                "tagSetSourceFile" : ""
            },
            "RemovedTags" : {
                "items" : [
                    
                ],
                "tagSetSourceFile" : ""
            },
            "Stats" : [
                {
                    "typeString" : "System.Int32",
                    "name" : "NextStoryMilestone",
                    "value" : "343",
                    "set" : true,
                    "valueConstant" : ""
                }
            ],
            "Actions" : [
                {
                    "Type" : "System_AddContract",
                    "value" : "trav_story_5_servedCold",
                    "valueConstant" : "",
                    "additionalValues" : [
                        "AuriganDirectorate",
                        "AuriganRestoration",
                        "starsystemdef_Smithon"
                    ]
                }
            ],
            "ForceEvents" : [
                
            ],
            "TemporaryResult" : false,
            "ResultDuration" : 0
        },
        {
            "Scope" : "Company",
            "Requirements" : null,
            "AddedTags" : {
                "items" : [
                    
                ],
                "tagSetSourceFile" : ""
            },
            "RemovedTags" : {
                "items" : [
                    
                ],
                "tagSetSourceFile" : ""
            },
            "Stats" : [
                {
                    "typeString" : "System.Int32",
                    "name" : "NextStoryMilestone",
                    "value" : "343",
                    "set" : true,
                    "valueConstant" : ""
                }
            ],
            "Actions" : [
                {
                    "Type" : "System_SimGameCharacterVisible",
                    "value" : "false",
                    "valueConstant" : "",
                    "additionalValues" : [
                        "Kamea"
                    ]
                }
            ],
            "ForceEvents" : [
                
            ],
            "TemporaryResult" : false,
            "ResultDuration" : 0
        }
    ],
    "contractType" : "Story_5_ServedCold",
    "encounterPlayStyle" : "SinglePlayer",
    "maxNumberOfPlayerUnits" : 4,
    "mapMood" : "Mission5",
    "startingFogOfWarVisibility" : "Surveyed",
    "contractObjectiveList" : [
        {
            "contractObjective" : {
                "EncounterObjectGuid" : "6f5f8d17-70ed-44a8-acc0-ccf9258925aa"
            },
            "title" : "Engage and destroy the <i>Newgrange</i>",
            "description" : "",
            "isPrimary" : true,
            "forPlayer" : "Player1",
            "objectiveGuids" : [
                "3ac1476d-5ab0-436b-aa68-e1a5436e796f",
                "239709c3-a597-4037-b80a-b26959fd2af9",
                "c02cca7e-6e2c-4a3d-beb0-f9af713a466f",
                "05e2ccc8-8640-490a-8469-316f70ff09ac",
                "2ad6ed19-a782-455f-b51e-b3af9a1c2fb5"
            ]
        },
        {
            "contractObjective" : {
                "EncounterObjectGuid" : "28ca5ad8-479b-4b58-8ec5-afe0e13692aa"
            },
            "title" : "Destroy the ship's security team",
            "description" : "",
            "isPrimary" : true,
            "forPlayer" : "Player1",
            "objectiveGuids" : [
                
            ]
        },
        {
            "contractObjective" : {
                "EncounterObjectGuid" : "bc0ed221-11fe-40c2-b4d9-bec7dda43878"
            },
            "title" : "The <i>Newgrange</i> must not escape",
            "description" : "",
            "isPrimary" : true,
            "forPlayer" : "Player1",
            "objectiveGuids" : [
                
            ]
        }
    ],
    "objectiveList" : [
        {
            "objective" : {
                "EncounterObjectGuid" : "be48cf58-447d-424c-84f4-a721515fa545"
            },
            "title" : "Hidden destroy turret generator objective",
            "description" : "",
            "isPrimary" : false,
            "OnSuccessResults" : [
                
            ],
            "OnFailureResults" : [
                
            ]
        },
        {
            "objective" : {
                "EncounterObjectGuid" : "3ac1476d-5ab0-436b-aa68-e1a5436e796f"
            },
            "title" : "Destroy the <i>Newgrange</i> Before it Escapes",
            "description" : "",
            "isPrimary" : false,
            "OnSuccessResults" : [
                
            ],
            "OnFailureResults" : [
                
            ]
        },
        {
            "objective" : {
                "EncounterObjectGuid" : "239709c3-a597-4037-b80a-b26959fd2af9"
            },
            "title" : "Time Until Liftoff:",
            "description" : "",
            "isPrimary" : false,
            "OnSuccessResults" : [
                
            ],
            "OnFailureResults" : [
                
            ]
        },
        {
            "objective" : {
                "EncounterObjectGuid" : "05e2ccc8-8640-490a-8469-316f70ff09ac"
            },
            "title" : "Time Until the Four-Headed Dragon Arrives",
            "description" : "",
            "isPrimary" : false,
            "OnSuccessResults" : [
                
            ],
            "OnFailureResults" : [
                
            ]
        },
        {
            "objective" : {
                "EncounterObjectGuid" : "c02cca7e-6e2c-4a3d-beb0-f9af713a466f"
            },
            "title" : "Destroy the Directorate Kill Team",
            "description" : "",
            "isPrimary" : false,
            "OnSuccessResults" : [
                
            ],
            "OnFailureResults" : [
                
            ]
        },
        {
            "objective" : {
                "EncounterObjectGuid" : "2ad6ed19-a782-455f-b51e-b3af9a1c2fb5"
            },
            "title" : "Defeat Lady Victoria Espinosa",
            "description" : "",
            "isPrimary" : false,
            "OnSuccessResults" : [
                
            ],
            "OnFailureResults" : [
                
            ]
        },
        {
            "objective" : {
                "EncounterObjectGuid" : "81243a34-9373-4248-add7-74a2341fe336"
            },
            "title" : "Kill Avispa",
            "description" : "Kill Avispa",
            "isPrimary" : false,
            "OnSuccessResults" : [
                
            ],
            "OnFailureResults" : [
                
            ]
        },
        {
            "objective" : {
                "EncounterObjectGuid" : "0299b624-c741-43cf-ad52-db42728706db"
            },
            "title" : "Kill Ghaddar",
            "description" : "Kill Ghaddar",
            "isPrimary" : false,
            "OnSuccessResults" : [
                
            ],
            "OnFailureResults" : [
                
            ]
        },
        {
            "objective" : {
                "EncounterObjectGuid" : "ea5804fa-e979-4485-a30c-bbf7b1cf139c"
            },
            "title" : "Kill Dagon",
            "description" : "Kill Dagon",
            "isPrimary" : false,
            "OnSuccessResults" : [
                
            ],
            "OnFailureResults" : [
                
            ]
        },
        {
            "objective" : {
                "EncounterObjectGuid" : "087714ed-e27c-4e8c-8fdf-5f29230531fd"
            },
            "title" : "HIDDEN Blow Up Pump Station",
            "description" : "",
            "isPrimary" : false,
            "OnSuccessResults" : [
                
            ],
            "OnFailureResults" : [
                
            ]
        },
        {
            "objective" : {
                "EncounterObjectGuid" : "7946c16a-3e8e-4759-8339-d38860cf781c"
            },
            "title" : "Artillery hits in ",
            "description" : "",
            "isPrimary" : false,
            "OnSuccessResults" : [
                
            ],
            "OnFailureResults" : [
                
            ]
        }
    ],
    "buildingList" : [
        
    ],
    "chunkList" : [
        
    ],
    "cameraFocusHelperList" : [
        {
            "name" : "Spawner_Turrets",
            "encounterObject" : {
                "EncounterObjectGuid" : "40decd4d-427d-4f2e-8fc7-fc379ae4bbc2"
            }
        },
        {
            "name" : "Spawner_PlayerLance",
            "encounterObject" : {
                "EncounterObjectGuid" : "dafd0d98-c88a-4f90-b137-4fe5ed94ebbb"
            }
        },
        {
            "name" : "Lance_OpposingForce",
            "encounterObject" : {
                "EncounterObjectGuid" : "5a1b1a4a-0325-4a6d-b021-d9ba167e2ac8"
            }
        },
        {
            "name" : "Lance_FourHeadedDragon",
            "encounterObject" : {
                "EncounterObjectGuid" : "fddf5e8b-07c6-492b-861e-2d9c2bde80ee"
            }
        },
        {
            "name" : "Region_Explosion1",
            "encounterObject" : {
                "EncounterObjectGuid" : "31aad404-b300-4b51-a389-c833d031cf87"
            }
        },
        {
            "name" : "Region_Explosion2",
            "encounterObject" : {
                "EncounterObjectGuid" : "cd5939c9-1d10-4ce3-afbc-ba943fa4a51e"
            }
        },
        {
            "name" : "Region_Explosion3",
            "encounterObject" : {
                "EncounterObjectGuid" : "6ca8b04e-82ba-4d5f-97e1-5b06fc89b0a6"
            }
        },
        {
            "name" : "Region",
            "encounterObject" : {
                "EncounterObjectGuid" : "eea65f08-f9c0-4e2d-acc0-e8b9c43a7a6d"
            }
        },
        {
            "name" : "WorldPoint_Generators",
            "encounterObject" : {
                "EncounterObjectGuid" : "673d945a-e9d2-4435-bdcd-4a6bd44cb1a1"
            }
        },
        {
            "name" : "WorldPoint_Victoria",
            "encounterObject" : {
                "EncounterObjectGuid" : "20d56ca9-ef1e-4f4d-927e-e92688575e39"
            }
        },
        {
            "name" : "chrPrfVhcl_leopard-MANAGED",
            "encounterObject" : {
                "EncounterObjectGuid" : "c625f9b5-8238-4a71-a671-5d4886282a38"
            }
        },
        {
            "name" : "chrPrfVhcl_union-MANAGED",
            "encounterObject" : {
                "EncounterObjectGuid" : "89d81b9b-302c-425e-b410-550afdbbe651"
            }
        }
    ],
    "dialogueList" : [
        {
            "dialogue" : {
                "EncounterObjectGuid" : "73df8d9c-a274-48fd-98c9-2bd0d7860e83"
            },
            "name" : "MissionStartDialogue",
            "overrideDialogueBucketId" : "",
            "dialogueContent" : [
                {
                    "words" : "There's a lot of activity on the ground, Commander\u2026",
                    "wordsColor" : {
                        "r" : 1,
                        "g" : 1,
                        "b" : 1,
                        "a" : 1
                    },
                    "selectedCastDefId" : "castDef_KameaDefault",
                    "emote" : "Default",
                    "audioName" : "m050_010_darius",
                    "cameraFocusGuid" : "",
                    "cameraDistance" : "Far",
                    "cameraHeight" : "Default",
                    "revealRadius" : 10
                },
                {
                    "words" : "\u2026it looks like the <i>Newgrange</i>is being prepped for launch. You're going to have a tight timetable to get in there and blow station's fuel reservoir before it lifts off.",
                    "wordsColor" : {
                        "r" : 1,
                        "g" : 1,
                        "b" : 1,
                        "a" : 1
                    },
                    "selectedCastDefId" : "castDef_KameaDefault",
                    "emote" : "Default",
                    "audioName" : "m050_020_darius",
                    "cameraFocusGuid" : "839c56b4-2a1a-4bcd-945b-0e29541ebd88",
                    "cameraDistance" : "Far",
                    "cameraHeight" : "High",
                    "revealRadius" : 150
                },
                {
                    "words" : "I'm seeing turret emplacements and light BattleMech activity on the ground, but it appears that the security detail we were warned about is off-site\u2026 for now. Sumire will be monitoring her sensors for any sign of incoming DropShips.",
                    "wordsColor" : {
                        "r" : 1,
                        "g" : 1,
                        "b" : 1,
                        "a" : 1
                    },
                    "selectedCastDefId" : "castDef_KameaDefault",
                    "emote" : "Default",
                    "audioName" : "NONE",
                    "cameraFocusGuid" : "",
                    "cameraDistance" : "Far",
                    "cameraHeight" : "Default",
                    "revealRadius" : -1
                },
                {
                    "words" : "She's got that right, Commander\u2014if I see anything, you'll be the first to know. And I'd advise you to be wary of this secondary landing pad, up here on the  ridge. If I were dropping a defensive lance, that's where I'd do it.",
                    "wordsColor" : {
                        "r" : 1,
                        "g" : 1,
                        "b" : 1,
                        "a" : 1
                    },
                    "selectedCastDefId" : "castDef_SumireDefault",
                    "emote" : "Default",
                    "audioName" : "NONE",
                    "cameraFocusGuid" : "20d56ca9-ef1e-4f4d-927e-e92688575e39",
                    "cameraDistance" : "Medium",
                    "cameraHeight" : "Default",
                    "revealRadius" : 100
                }
            ]
        },
        {
            "dialogue" : {
                "EncounterObjectGuid" : "4011a4c3-cba2-4d22-b2b3-3b19a3297ab9"
            },
            "name" : "MissionSuccessDialogue",
            "overrideDialogueBucketId" : "",
            "dialogueContent" : [
                {
                    "words" : "Mission successful, Commander\u2014nicely done. Dr. Murad, does the <i>Argo</i> have an empty storeroom that could serve as a makeshift brig?",
                    "wordsColor" : {
                        "r" : 1,
                        "g" : 1,
                        "b" : 1,
                        "a" : 1
                    },
                    "selectedCastDefId" : "castDef_KameaDefault",
                    "emote" : "Default",
                    "audioName" : "m050_040_darius",
                    "cameraFocusGuid" : "",
                    "cameraDistance" : "Far",
                    "cameraHeight" : "Default",
                    "revealRadius" : -1
                },
                {
                    "words" : "I'm sure that something could be arranged, Lady Arano.",
                    "wordsColor" : {
                        "r" : 1,
                        "g" : 1,
                        "b" : 1,
                        "a" : 1
                    },
                    "selectedCastDefId" : "castDef_FarahDefault",
                    "emote" : "Default",
                    "audioName" : "m050_050_alexander",
                    "cameraFocusGuid" : "",
                    "cameraDistance" : "Far",
                    "cameraHeight" : "Default",
                    "revealRadius" : 0
                },
                {
                    "words" : "Then arrange it, and get a lock on Lady Espinosa's ejection pod. She's coming with us.",
                    "wordsColor" : {
                        "r" : 1,
                        "g" : 1,
                        "b" : 1,
                        "a" : 1
                    },
                    "selectedCastDefId" : "castDef_KameaDefault",
                    "emote" : "Default",
                    "audioName" : "NONE",
                    "cameraFocusGuid" : "",
                    "cameraDistance" : "Far",
                    "cameraHeight" : "Default",
                    "revealRadius" : -1
                }
            ]
        },
        {
            "dialogue" : {
                "EncounterObjectGuid" : "d3d33d95-9ed7-4686-b9eb-954ebe51cc02"
            },
            "name" : "MissionFailureDialogue",
            "overrideDialogueBucketId" : "",
            "dialogueContent" : [
                
            ]
        },
        {
            "dialogue" : {
                "EncounterObjectGuid" : "87352b09-cdc4-4b11-82e4-5d3360ace4dc"
            },
            "name" : "Async_PostIntro",
            "overrideDialogueBucketId" : "",
            "dialogueContent" : [
                {
                    "words" : "Good hunting, Commander. I'll be running ops for you from here.",
                    "wordsColor" : {
                        "r" : 1,
                        "g" : 1,
                        "b" : 1,
                        "a" : 1
                    },
                    "selectedCastDefId" : "castDef_KameaDefault",
                    "emote" : "Default",
                    "audioName" : "m050_310_kamea",
                    "cameraFocusGuid" : "",
                    "cameraDistance" : "Far",
                    "cameraHeight" : "Default",
                    "revealRadius" : -1
                }
            ]
        },
        {
            "dialogue" : {
                "EncounterObjectGuid" : "58176c3a-5144-4e5d-828e-adf0237be72c"
            },
            "name" : "Async_VictoriaDropshipIncoming",
            "overrideDialogueBucketId" : "",
            "dialogueContent" : [
                {
                    "words" : "I've got a Directorate Leopard moving in on your position, Commander. Judging by the markings, it's a House Espinosa ship.",
                    "wordsColor" : {
                        "r" : 1,
                        "g" : 1,
                        "b" : 1,
                        "a" : 1
                    },
                    "selectedCastDefId" : "castDef_SumireDefault",
                    "emote" : "Default",
                    "audioName" : "m050_320_sumire",
                    "cameraFocusGuid" : "",
                    "cameraDistance" : "Far",
                    "cameraHeight" : "Default",
                    "revealRadius" : 0
                },
                {
                    "words" : "That must be the defense force Lord Karosas warned us about. Be ready.\r",
                    "wordsColor" : {
                        "r" : 1,
                        "g" : 1,
                        "b" : 1,
                        "a" : 1
                    },
                    "selectedCastDefId" : "castDef_MadeiraDefault",
                    "emote" : "Default",
                    "audioName" : "m050_330_alexander",
                    "cameraFocusGuid" : "",
                    "cameraDistance" : "Far",
                    "cameraHeight" : "Default",
                    "revealRadius" : -1
                }
            ]
        },
        {
            "dialogue" : {
                "EncounterObjectGuid" : "1da0dc66-80ea-4394-9068-9f7f6f087b7b"
            },
            "name" : "Async_FocusDropShip",
            "overrideDialogueBucketId" : "",
            "dialogueContent" : [
                {
                    "words" : "The <i>Newgrange</i> is almost ready for takeoff. Destroy that ship before it's too late!",
                    "wordsColor" : {
                        "r" : 1,
                        "g" : 1,
                        "b" : 1,
                        "a" : 1
                    },
                    "selectedCastDefId" : "castDef_KameaDefault",
                    "emote" : "Default",
                    "audioName" : "m050_340_kamea",
                    "cameraFocusGuid" : "",
                    "cameraDistance" : "Far",
                    "cameraHeight" : "Default",
                    "revealRadius" : -1
                }
            ]
        },
        {
            "dialogue" : {
                "EncounterObjectGuid" : "1f2336c6-6533-4a03-80bf-16f48f09a0a0"
            },
            "name" : "Inter_KameaAndCaptain",
            "overrideDialogueBucketId" : "",
            "dialogueContent" : [
                {
                    "words" : "This is the captain of the <i>Newgrange</i>\u2014hold your fire, damn it! We are a <i>civilian</i> transport, not a military DropShip!",
                    "wordsColor" : {
                        "r" : 1,
                        "g" : 1,
                        "b" : 1,
                        "a" : 1
                    },
                    "selectedCastDefId" : "castDef_SE05_ArmsDealerCaptain",
                    "emote" : "Default",
                    "audioName" : "NONE",
                    "cameraFocusGuid" : "",
                    "cameraDistance" : "Far",
                    "cameraHeight" : "Default",
                    "revealRadius" : -1
                },
                {
                    "words" : "I know what you are. Power down your engines and surrender, or your ship will be destroyed.",
                    "wordsColor" : {
                        "r" : 1,
                        "g" : 1,
                        "b" : 1,
                        "a" : 1
                    },
                    "selectedCastDefId" : "castDef_KameaDefault",
                    "emote" : "Default",
                    "audioName" : "NONE",
                    "cameraFocusGuid" : "",
                    "cameraDistance" : "Far",
                    "cameraHeight" : "Default",
                    "revealRadius" : -1
                },
                {
                    "words" : "I can't do that! I repeat, hold your fire\u2014there are unarmed people on this vessel! We've got a hold full of passengers, and you'll be murdering them if you destroy that tank!",
                    "wordsColor" : {
                        "r" : 1,
                        "g" : 1,
                        "b" : 1,
                        "a" : 1
                    },
                    "selectedCastDefId" : "castDef_SE05_ArmsDealerCaptain",
                    "emote" : "Default",
                    "audioName" : "NONE",
                    "cameraFocusGuid" : "",
                    "cameraDistance" : "Far",
                    "cameraHeight" : "Default",
                    "revealRadius" : -1
                },
                {
                    "words" : "I already know what your ship is carrying, and it <i>isn't</i> civilians. Captain, I'm giving you one last chance to surrender\u2014if you refuse, what happens next will be on <i>your</i> head, not mine. Listen to reason and power down. <i>NOW.</i>",
                    "wordsColor" : {
                        "r" : 1,
                        "g" : 1,
                        "b" : 1,
                        "a" : 1
                    },
                    "selectedCastDefId" : "castDef_KameaDefault",
                    "emote" : "Default",
                    "audioName" : "NONE",
                    "cameraFocusGuid" : "",
                    "cameraDistance" : "Far",
                    "cameraHeight" : "Default",
                    "revealRadius" : -1
                },
                {
                    "words" : "They've cut the comm feed, Lady Arano. I'm picking up increased activity on my sensors\u2014they're making a run for it.",
                    "wordsColor" : {
                        "r" : 1,
                        "g" : 1,
                        "b" : 1,
                        "a" : 1
                    },
                    "selectedCastDefId" : "castDef_SumireDefault",
                    "emote" : "Default",
                    "audioName" : "NONE",
                    "cameraFocusGuid" : "",
                    "cameraDistance" : "Far",
                    "cameraHeight" : "Default",
                    "revealRadius" : -1
                },
                {
                    "words" : "Then they've left us no choice. We're blowing the fuel reservoir.",
                    "wordsColor" : {
                        "r" : 1,
                        "g" : 1,
                        "b" : 1,
                        "a" : 1
                    },
                    "selectedCastDefId" : "castDef_KameaDefault",
                    "emote" : "Default",
                    "audioName" : "NONE",
                    "cameraFocusGuid" : "",
                    "cameraDistance" : "Far",
                    "cameraHeight" : "Default",
                    "revealRadius" : -1
                }
            ]
        },
        {
            "dialogue" : {
                "EncounterObjectGuid" : "716be11b-612c-4f45-9a82-cba02ba6ccf9"
            },
            "name" : "Async_KameaGivesKillOrder",
            "overrideDialogueBucketId" : "",
            "dialogueContent" : [
                {
                    "words" : "Let's do what we came here for, Commander. Take that DropShip out.",
                    "wordsColor" : {
                        "r" : 1,
                        "g" : 1,
                        "b" : 1,
                        "a" : 1
                    },
                    "selectedCastDefId" : "castDef_KameaDefault",
                    "emote" : "Default",
                    "audioName" : "m050_350_kamea",
                    "cameraFocusGuid" : "",
                    "cameraDistance" : "Far",
                    "cameraHeight" : "Default",
                    "revealRadius" : -1
                }
            ]
        },
        {
            "dialogue" : {
                "EncounterObjectGuid" : "f474f715-c387-4fff-9fe1-61154de07583"
            },
            "name" : "Inter_VictoriaLands",
            "overrideDialogueBucketId" : "",
            "dialogueContent" : [
                {
                    "words" : "INCOMING TRANSMISSION.",
                    "wordsColor" : {
                        "r" : 1,
                        "g" : 1,
                        "b" : 1,
                        "a" : 1
                    },
                    "selectedCastDefId" : "castDef_Computer",
                    "emote" : "Default",
                    "audioName" : "NONE",
                    "cameraFocusGuid" : "39045acd-b014-45d3-8bdd-6c0f3a91cb99",
                    "cameraDistance" : "Far",
                    "cameraHeight" : "Default",
                    "revealRadius" : 120
                },
                {
                    "words" : "{COMMANDER.Callsign}. I remember you well\u2014the late Raju Montgomery held you in <i>such</i> high esteem. And now I find you here, serving my exiled cousin. Where is she hiding, I wonder?",
                    "wordsColor" : {
                        "r" : 1,
                        "g" : 1,
                        "b" : 1,
                        "a" : 1
                    },
                    "selectedCastDefId" : "castDef_VictoriaDefault",
                    "emote" : "Default",
                    "audioName" : "m050_100_victoria",
                    "cameraFocusGuid" : "",
                    "cameraDistance" : "Far",
                    "cameraHeight" : "Default",
                    "revealRadius" : 0
                },
                {
                    "words" : "Victoria. If I'd known that we'd find you here, I'd have taken the field myself.",
                    "wordsColor" : {
                        "r" : 1,
                        "g" : 1,
                        "b" : 1,
                        "a" : 1
                    },
                    "selectedCastDefId" : "castDef_KameaDefault",
                    "emote" : "Default",
                    "audioName" : "m050_110_victoria",
                    "cameraFocusGuid" : "39045acd-b014-45d3-8bdd-6c0f3a91cb99",
                    "cameraDistance" : "Far",
                    "cameraHeight" : "Default",
                    "revealRadius" : 0
                },
                {
                    "words" : "A pity you didn't\u2014we could have ended this war here and now. I suppose I'll have to content myself with your prized mercenaries. Watch as I tear them to shreds.",
                    "wordsColor" : {
                        "r" : 1,
                        "g" : 1,
                        "b" : 1,
                        "a" : 1
                    },
                    "selectedCastDefId" : "castDef_VictoriaDefault",
                    "emote" : "Default",
                    "audioName" : "NONE",
                    "cameraFocusGuid" : "",
                    "cameraDistance" : "Far",
                    "cameraHeight" : "Default",
                    "revealRadius" : -1
                }
            ]
        },
        {
            "dialogue" : {
                "EncounterObjectGuid" : "46e61994-ca73-406d-bd1d-51864e8a5a72"
            },
            "name" : "Async_GeneratorsDown",
            "overrideDialogueBucketId" : "",
            "dialogueContent" : [
                {
                    "words" : "Generators down, Commander! That should take their turrets off-line.",
                    "wordsColor" : {
                        "r" : 1,
                        "g" : 1,
                        "b" : 1,
                        "a" : 1
                    },
                    "selectedCastDefId" : "castDef_KameaDefault",
                    "emote" : "Default",
                    "audioName" : "m050_360_kamea",
                    "cameraFocusGuid" : "",
                    "cameraDistance" : "Far",
                    "cameraHeight" : "Default",
                    "revealRadius" : 0
                }
            ]
        },
        {
            "dialogue" : {
                "EncounterObjectGuid" : "89491696-acea-440d-a1bb-5e911fb23408"
            },
            "name" : "Async_AvispaDown",
            "overrideDialogueBucketId" : "",
            "dialogueContent" : [
                {
                    "words" : "I will make you suffer before you die.",
                    "wordsColor" : {
                        "r" : 1,
                        "g" : 1,
                        "b" : 1,
                        "a" : 1
                    },
                    "selectedCastDefId" : "castDef_VictoriaDefault",
                    "emote" : "Default",
                    "audioName" : "m050_370_victoria",
                    "cameraFocusGuid" : "",
                    "cameraDistance" : "Far",
                    "cameraHeight" : "Default",
                    "revealRadius" : 0
                }
            ]
        },
        {
            "dialogue" : {
                "EncounterObjectGuid" : "2b37128f-2d67-4d7b-bf99-18b84cc2c950"
            },
            "name" : "Async_GhaddarDown",
            "overrideDialogueBucketId" : "",
            "dialogueContent" : [
                {
                    "words" : "I will kill you, mercenary.",
                    "wordsColor" : {
                        "r" : 1,
                        "g" : 1,
                        "b" : 1,
                        "a" : 1
                    },
                    "selectedCastDefId" : "castDef_VictoriaDefault",
                    "emote" : "Default",
                    "audioName" : "m050_380_victoria",
                    "cameraFocusGuid" : "",
                    "cameraDistance" : "Far",
                    "cameraHeight" : "Default",
                    "revealRadius" : 0
                }
            ]
        },
        {
            "dialogue" : {
                "EncounterObjectGuid" : "7fad1bcd-a1f5-492d-8fda-22f9b2f81dd0"
            },
            "name" : "Async_DagonDown",
            "overrideDialogueBucketId" : "",
            "dialogueContent" : [
                {
                    "words" : "You will <i>not</i> defeat us! I will <i>break</i> you, mercenary scum.",
                    "wordsColor" : {
                        "r" : 1,
                        "g" : 1,
                        "b" : 1,
                        "a" : 1
                    },
                    "selectedCastDefId" : "castDef_VictoriaDefault",
                    "emote" : "Default",
                    "audioName" : "m050_390_victoria",
                    "cameraFocusGuid" : "",
                    "cameraDistance" : "Far",
                    "cameraHeight" : "Default",
                    "revealRadius" : 0
                }
            ]
        },
        {
            "dialogue" : {
                "EncounterObjectGuid" : "3a9f4d58-e575-4ce2-84bd-7f62477a00f1"
            },
            "name" : "Async_VictoriaDamaged",
            "overrideDialogueBucketId" : "",
            "dialogueContent" : [
                {
                    "words" : "You swine! I'll tear your 'Mech in two!",
                    "wordsColor" : {
                        "r" : 1,
                        "g" : 1,
                        "b" : 1,
                        "a" : 1
                    },
                    "selectedCastDefId" : "castDef_VictoriaDefault",
                    "emote" : "Default",
                    "audioName" : "m050_400_victoria",
                    "cameraFocusGuid" : "",
                    "cameraDistance" : "Far",
                    "cameraHeight" : "Default",
                    "revealRadius" : -1
                }
            ]
        },
        {
            "dialogue" : {
                "EncounterObjectGuid" : "3b038537-56b0-439f-9150-5ab453cf8869"
            },
            "name" : "Async_VictoriaDown",
            "overrideDialogueBucketId" : "",
            "dialogueContent" : [
                {
                    "words" : "[static] No! It's not possible! I can still win this!",
                    "wordsColor" : {
                        "r" : 1,
                        "g" : 1,
                        "b" : 1,
                        "a" : 1
                    },
                    "selectedCastDefId" : "castDef_VictoriaDefault",
                    "emote" : "Default",
                    "audioName" : "m050_410_victoria",
                    "cameraFocusGuid" : "",
                    "cameraDistance" : "Far",
                    "cameraHeight" : "Default",
                    "revealRadius" : 0
                }
            ]
        },
        {
            "dialogue" : {
                "EncounterObjectGuid" : "4c438ff9-9700-4d0a-88fd-530fe87660e6"
            },
            "name" : "Inter_DropShipDown_VictoriaLands",
            "overrideDialogueBucketId" : "",
            "dialogueContent" : [
                {
                    "words" : "That's done it\u2014the <i>Newgrange</i> is down! That should satisfy our obligation to Lord Karosas.",
                    "wordsColor" : {
                        "r" : 1,
                        "g" : 1,
                        "b" : 1,
                        "a" : 1
                    },
                    "selectedCastDefId" : "castDef_KameaDefault",
                    "emote" : "Default",
                    "audioName" : "m050_170_darius",
                    "cameraFocusGuid" : "",
                    "cameraDistance" : "Far",
                    "cameraHeight" : "Default",
                    "revealRadius" : 0
                },
                {
                    "words" : "Heads up, Commander\u2014enemy DropShip coming in hot!",
                    "wordsColor" : {
                        "r" : 1,
                        "g" : 1,
                        "b" : 1,
                        "a" : 1
                    },
                    "selectedCastDefId" : "castDef_SumireDefault",
                    "emote" : "Default",
                    "audioName" : "m050_180_com",
                    "cameraFocusGuid" : "39045acd-b014-45d3-8bdd-6c0f3a91cb99",
                    "cameraDistance" : "Medium",
                    "cameraHeight" : "Default",
                    "revealRadius" : 75
                }
            ]
        },
        {
            "dialogue" : {
                "EncounterObjectGuid" : "152f7564-b4a3-4a0f-9f49-f63bdededc44"
            },
            "name" : "Inter_DropShipDown_VictoriaLands_b",
            "overrideDialogueBucketId" : "",
            "dialogueContent" : [
                {
                    "words" : "INCOMING TRANSMISSION.",
                    "wordsColor" : {
                        "r" : 1,
                        "g" : 1,
                        "b" : 1,
                        "a" : 1
                    },
                    "selectedCastDefId" : "castDef_Computer",
                    "emote" : "Default",
                    "audioName" : "NONE",
                    "cameraFocusGuid" : "",
                    "cameraDistance" : "Far",
                    "cameraHeight" : "Default",
                    "revealRadius" : -1
                },
                {
                    "words" : "You fool. Do you have any idea what you've just done?! You'll pay for that with your life, mercenary filth!",
                    "wordsColor" : {
                        "r" : 1,
                        "g" : 1,
                        "b" : 1,
                        "a" : 1
                    },
                    "selectedCastDefId" : "castDef_VictoriaDefault",
                    "emote" : "Default",
                    "audioName" : "NONE",
                    "cameraFocusGuid" : "20d56ca9-ef1e-4f4d-927e-e92688575e39",
                    "cameraDistance" : "Medium",
                    "cameraHeight" : "Default",
                    "revealRadius" : 75
                },
                {
                    "words" : "Victoria. If I'd known you'd be here, I'd have taken the field myself.",
                    "wordsColor" : {
                        "r" : 1,
                        "g" : 1,
                        "b" : 1,
                        "a" : 1
                    },
                    "selectedCastDefId" : "castDef_KameaDefault",
                    "emote" : "Default",
                    "audioName" : "NONE",
                    "cameraFocusGuid" : "",
                    "cameraDistance" : "Far",
                    "cameraHeight" : "Default",
                    "revealRadius" : -1
                },
                {
                    "words" : "A pity you didn't\u2014we could have ended this war here and now. I suppose I'll have to content myself with your prized mercenaries. Watch as I tear them to shreds.",
                    "wordsColor" : {
                        "r" : 1,
                        "g" : 1,
                        "b" : 1,
                        "a" : 1
                    },
                    "selectedCastDefId" : "castDef_VictoriaDefault",
                    "emote" : "Default",
                    "audioName" : "NONE",
                    "cameraFocusGuid" : "",
                    "cameraDistance" : "Far",
                    "cameraHeight" : "Default",
                    "revealRadius" : -1
                }
            ]
        },
        {
            "dialogue" : {
                "EncounterObjectGuid" : "ef2ce1af-c045-46c0-93c6-fd18021dc49c"
            },
            "name" : "Async_DropShipDown_VictoriaSpawned_VictoriaAlive",
            "overrideDialogueBucketId" : "",
            "dialogueContent" : [
                {
                    "words" : "You fool. Do you have any idea what you've just done? You'll pay for that with your life, mercenary filth!",
                    "wordsColor" : {
                        "r" : 1,
                        "g" : 1,
                        "b" : 1,
                        "a" : 1
                    },
                    "selectedCastDefId" : "castDef_VictoriaDefault",
                    "emote" : "Default",
                    "audioName" : "m050_430_victoria",
                    "cameraFocusGuid" : "",
                    "cameraDistance" : "Far",
                    "cameraHeight" : "Default",
                    "revealRadius" : 0
                }
            ]
        },
        {
            "dialogue" : {
                "EncounterObjectGuid" : "d1785e4d-966d-48f2-9869-197155478bbf"
            },
            "name" : "Async_VictoriaDropshipNearingTakeoff",
            "overrideDialogueBucketId" : "",
            "dialogueContent" : [
                {
                    "words" : "Commander, that DropShip is about to take off! You <i>have to</i> stop it!",
                    "wordsColor" : {
                        "r" : 1,
                        "g" : 1,
                        "b" : 1,
                        "a" : 1
                    },
                    "selectedCastDefId" : "castDef_KameaDefault",
                    "emote" : "Default",
                    "audioName" : "m050_440_kamea",
                    "cameraFocusGuid" : "",
                    "cameraDistance" : "Far",
                    "cameraHeight" : "Default",
                    "revealRadius" : -1
                }
            ]
        }
    ],
    "disableNegotations" : true,
    "disableLanceConfiguration" : false,
    "disableCancelButton" : false,
    "disableAfterAction" : false,
    "contractRewardOverride" : 3388000,
    "travelOnly" : false,
    "useTravelCostPenalty" : false,
    "usesExpiration" : false,
    "expirationTimeOverride" : -1,
    "negotiatedSalary" : 0.5,
    "negotiatedSalvage" : 0.5,
    "player1Team" : {
        "encounterLayerData" : {
            "EncounterObjectGuid" : "253989c6-f40e-47b7-bb71-8e53f311dc2d"
        },
        "teamGuid" : "bf40fd39-ccf9-47c4-94a6-061809681140",
        "teamName" : "Player 1",
        "faction" : "Player1sMercUnit",
        "teamLeaderCastDefId" : "castDef_TeamLeader_Current",
        "lanceOverrideList" : [
            {
                "lanceSpawner" : {
                    "EncounterObjectGuid" : "dafd0d98-c88a-4f90-b137-4fe5ed94ebbb"
                },
                "name" : "Spawner_PlayerLance",
                "lanceDefId" : "Manual",
                "lanceTagSet" : {
                    "items" : [
                        
                    ],
                    "tagSetSourceFile" : ""
                },
                "lanceExcludedTagSet" : {
                    "items" : [
                        
                    ],
                    "tagSetSourceFile" : "Tags/LanceTags"
                },
                "spawnEffectTags" : {
                    "items" : [
                        
                    ],
                    "tagSetSourceFile" : "Tags/SpawnEffectTags"
                },
                "lanceDifficultyAdjustment" : 0,
                "selectedLanceDefId" : "",
                "selectedLanceDifficulty" : 0,
                "unitSpawnPointOverrideList" : [
                    {
                        "unitSpawnPoint" : {
                            "EncounterObjectGuid" : "1668c1ba-b9c6-4ef3-83df-19bfec270da1"
                        },
                        "customUnitName" : "",
                        "customHeraldryDefId" : "",
                        "unitType" : "Mech",
                        "unitDefId" : "mechDef_None",
                        "unitTagSet" : {
                            "items" : [
                                
                            ],
                            "tagSetSourceFile" : ""
                        },
                        "unitExcludedTagSet" : {
                            "items" : [
                                
                            ],
                            "tagSetSourceFile" : "Tags/UnitTags"
                        },
                        "spawnEffectTags" : {
                            "items" : [
                                
                            ],
                            "tagSetSourceFile" : "Tags/SpawnEffectTags"
                        },
                        "pilotDefId" : "pilot_default",
                        "pilotTagSet" : {
                            "items" : [
                                
                            ],
                            "tagSetSourceFile" : ""
                        },
                        "pilotExcludedTagSet" : {
                            "items" : [
                                
                            ],
                            "tagSetSourceFile" : "Tags/PilotTags"
                        },
                        "selectedUnitType" : "UNDEFINED",
                        "selectedUnitDefId" : "",
                        "selectedPilotDefId" : ""
                    },
                    {
                        "unitSpawnPoint" : {
                            "EncounterObjectGuid" : "6b4979b9-b730-460b-8f18-c9b19efbb91c"
                        },
                        "customUnitName" : "",
                        "customHeraldryDefId" : "",
                        "unitType" : "Mech",
                        "unitDefId" : "mechDef_None",
                        "unitTagSet" : {
                            "items" : [
                                
                            ],
                            "tagSetSourceFile" : ""
                        },
                        "unitExcludedTagSet" : {
                            "items" : [
                                
                            ],
                            "tagSetSourceFile" : "Tags/UnitTags"
                        },
                        "spawnEffectTags" : {
                            "items" : [
                                
                            ],
                            "tagSetSourceFile" : "Tags/SpawnEffectTags"
                        },
                        "pilotDefId" : "pilot_default",
                        "pilotTagSet" : {
                            "items" : [
                                
                            ],
                            "tagSetSourceFile" : ""
                        },
                        "pilotExcludedTagSet" : {
                            "items" : [
                                
                            ],
                            "tagSetSourceFile" : "Tags/PilotTags"
                        },
                        "selectedUnitType" : "UNDEFINED",
                        "selectedUnitDefId" : "",
                        "selectedPilotDefId" : ""
                    },
                    {
                        "unitSpawnPoint" : {
                            "EncounterObjectGuid" : "0a320081-2d60-450e-8e00-092c838496b4"
                        },
                        "customUnitName" : "",
                        "customHeraldryDefId" : "",
                        "unitType" : "Mech",
                        "unitDefId" : "mechDef_None",
                        "unitTagSet" : {
                            "items" : [
                                
                            ],
                            "tagSetSourceFile" : ""
                        },
                        "unitExcludedTagSet" : {
                            "items" : [
                                
                            ],
                            "tagSetSourceFile" : "Tags/UnitTags"
                        },
                        "spawnEffectTags" : {
                            "items" : [
                                
                            ],
                            "tagSetSourceFile" : "Tags/SpawnEffectTags"
                        },
                        "pilotDefId" : "pilot_default",
                        "pilotTagSet" : {
                            "items" : [
                                
                            ],
                            "tagSetSourceFile" : ""
                        },
                        "pilotExcludedTagSet" : {
                            "items" : [
                                
                            ],
                            "tagSetSourceFile" : "Tags/PilotTags"
                        },
                        "selectedUnitType" : "UNDEFINED",
                        "selectedUnitDefId" : "",
                        "selectedPilotDefId" : ""
                    },
                    {
                        "unitSpawnPoint" : {
                            "EncounterObjectGuid" : "34a720da-9acc-4c57-bb4a-2cbe22da78a8"
                        },
                        "customUnitName" : "",
                        "customHeraldryDefId" : "",
                        "unitType" : "Mech",
                        "unitDefId" : "mechDef_None",
                        "unitTagSet" : {
                            "items" : [
                                
                            ],
                            "tagSetSourceFile" : ""
                        },
                        "unitExcludedTagSet" : {
                            "items" : [
                                
                            ],
                            "tagSetSourceFile" : "Tags/UnitTags"
                        },
                        "spawnEffectTags" : {
                            "items" : [
                                
                            ],
                            "tagSetSourceFile" : "Tags/SpawnEffectTags"
                        },
                        "pilotDefId" : "pilot_default",
                        "pilotTagSet" : {
                            "items" : [
                                
                            ],
                            "tagSetSourceFile" : ""
                        },
                        "pilotExcludedTagSet" : {
                            "items" : [
                                
                            ],
                            "tagSetSourceFile" : "Tags/PilotTags"
                        },
                        "selectedUnitType" : "UNDEFINED",
                        "selectedUnitDefId" : "",
                        "selectedPilotDefId" : ""
                    }
                ]
            }
        ]
    },
    "player2Team" : {
        "encounterLayerData" : {
            "EncounterObjectGuid" : "253989c6-f40e-47b7-bb71-8e53f311dc2d"
        },
        "teamGuid" : "757173dd-b4e1-4bb5-9bee-d78e623cc867",
        "teamName" : "Player 2",
        "faction" : "Player2sMercUnit",
        "teamLeaderCastDefId" : "castDef_TeamLeader_Current",
        "lanceOverrideList" : [
            
        ]
    },
    "employerTeam" : {
        "encounterLayerData" : {
            "EncounterObjectGuid" : "253989c6-f40e-47b7-bb71-8e53f311dc2d"
        },
        "teamGuid" : "ecc8d4f2-74b4-465d-adf6-84445e5dfc230",
        "teamName" : "Employer",
        "faction" : "INVALID_UNSET",
        "teamLeaderCastDefId" : "castDef_TeamLeader_Current",
        "lanceOverrideList" : [
            
        ]
    },
    "targetTeam" : {
        "encounterLayerData" : {
            "EncounterObjectGuid" : "253989c6-f40e-47b7-bb71-8e53f311dc2d"
        },
        "teamGuid" : "be77cadd-e245-4240-a93e-b99cc98902a5",
        "teamName" : "Target",
        "faction" : "AuriganDirectorate",
        "teamLeaderCastDefId" : "castDef_TeamLeader_Current",
        "lanceOverrideList" : [
            {
                "lanceSpawner" : {
                    "EncounterObjectGuid" : "40decd4d-427d-4f2e-8fc7-fc379ae4bbc2"
                },
                "name" : "Spawner_Turrets",
                "lanceDefId" : "Manual",
                "lanceTagSet" : {
                    "items" : [
                        
                    ],
                    "tagSetSourceFile" : ""
                },
                "lanceExcludedTagSet" : {
                    "items" : [
                        
                    ],
                    "tagSetSourceFile" : "Tags/LanceTags"
                },
                "spawnEffectTags" : {
                    "items" : [
                        
                    ],
                    "tagSetSourceFile" : "Tags/SpawnEffectTags"
                },
                "lanceDifficultyAdjustment" : 0,
                "selectedLanceDefId" : "",
                "selectedLanceDifficulty" : 0,
                "unitSpawnPointOverrideList" : [
                    {
                        "unitSpawnPoint" : {
                            "EncounterObjectGuid" : "26da7487-142c-4be0-bff2-d2d1194df6b8"
                        },
                        "customUnitName" : "",
                        "customHeraldryDefId" : "",
                        "unitType" : "Turret",
                        "unitDefId" : "turretdef_Standard_LRM",
                        "unitTagSet" : {
                            "items" : [
                                
                            ],
                            "tagSetSourceFile" : ""
                        },
                        "unitExcludedTagSet" : {
                            "items" : [
                                
                            ],
                            "tagSetSourceFile" : "Tags/UnitTags"
                        },
                        "spawnEffectTags" : {
                            "items" : [
                                
                            ],
                            "tagSetSourceFile" : "Tags/SpawnEffectTags"
                        },
                        "pilotDefId" : "pilot_d5_turret",
                        "pilotTagSet" : {
                            "items" : [
                                
                            ],
                            "tagSetSourceFile" : ""
                        },
                        "pilotExcludedTagSet" : {
                            "items" : [
                                
                            ],
                            "tagSetSourceFile" : "Tags/PilotTags"
                        },
                        "selectedUnitType" : "UNDEFINED",
                        "selectedUnitDefId" : "",
                        "selectedPilotDefId" : ""
                    },
                    {
                        "unitSpawnPoint" : {
                            "EncounterObjectGuid" : "60b090eb-ec4e-4852-a36e-a942842955d1"
                        },
                        "customUnitName" : "",
                        "customHeraldryDefId" : "",
                        "unitType" : "Turret",
                        "unitDefId" : "turretdef_Light_Sniper",
                        "unitTagSet" : {
                            "items" : [
                                
                            ],
                            "tagSetSourceFile" : ""
                        },
                        "unitExcludedTagSet" : {
                            "items" : [
                                
                            ],
                            "tagSetSourceFile" : "Tags/UnitTags"
                        },
                        "spawnEffectTags" : {
                            "items" : [
                                
                            ],
                            "tagSetSourceFile" : "Tags/SpawnEffectTags"
                        },
                        "pilotDefId" : "pilot_d5_turret",
                        "pilotTagSet" : {
                            "items" : [
                                
                            ],
                            "tagSetSourceFile" : ""
                        },
                        "pilotExcludedTagSet" : {
                            "items" : [
                                
                            ],
                            "tagSetSourceFile" : "Tags/PilotTags"
                        },
                        "selectedUnitType" : "UNDEFINED",
                        "selectedUnitDefId" : "",
                        "selectedPilotDefId" : ""
                    },
                    {
                        "unitSpawnPoint" : {
                            "EncounterObjectGuid" : "08b13e63-0a1d-4299-aea6-9fd4d5365e6a"
                        },
                        "customUnitName" : "",
                        "customHeraldryDefId" : "",
                        "unitType" : "Turret",
                        "unitDefId" : "turretdef_Light_Laser",
                        "unitTagSet" : {
                            "items" : [
                                
                            ],
                            "tagSetSourceFile" : ""
                        },
                        "unitExcludedTagSet" : {
                            "items" : [
                                
                            ],
                            "tagSetSourceFile" : "Tags/UnitTags"
                        },
                        "spawnEffectTags" : {
                            "items" : [
                                
                            ],
                            "tagSetSourceFile" : "Tags/SpawnEffectTags"
                        },
                        "pilotDefId" : "pilot_d5_turret",
                        "pilotTagSet" : {
                            "items" : [
                                
                            ],
                            "tagSetSourceFile" : ""
                        },
                        "pilotExcludedTagSet" : {
                            "items" : [
                                
                            ],
                            "tagSetSourceFile" : "Tags/PilotTags"
                        },
                        "selectedUnitType" : "UNDEFINED",
                        "selectedUnitDefId" : "",
                        "selectedPilotDefId" : ""
                    },
                    {
                        "unitSpawnPoint" : {
                            "EncounterObjectGuid" : "a4b12d91-7431-4565-9134-92ad59610794"
                        },
                        "customUnitName" : "",
                        "customHeraldryDefId" : "",
                        "unitType" : "Turret",
                        "unitDefId" : "turretdef_Light_Shredder",
                        "unitTagSet" : {
                            "items" : [
                                
                            ],
                            "tagSetSourceFile" : ""
                        },
                        "unitExcludedTagSet" : {
                            "items" : [
                                
                            ],
                            "tagSetSourceFile" : "Tags/UnitTags"
                        },
                        "spawnEffectTags" : {
                            "items" : [
                                
                            ],
                            "tagSetSourceFile" : "Tags/SpawnEffectTags"
                        },
                        "pilotDefId" : "pilot_d5_turret",
                        "pilotTagSet" : {
                            "items" : [
                                
                            ],
                            "tagSetSourceFile" : ""
                        },
                        "pilotExcludedTagSet" : {
                            "items" : [
                                
                            ],
                            "tagSetSourceFile" : "Tags/PilotTags"
                        },
                        "selectedUnitType" : "UNDEFINED",
                        "selectedUnitDefId" : "",
                        "selectedPilotDefId" : ""
                    }
                ]
            },
            {
                "lanceSpawner" : {
                    "EncounterObjectGuid" : "5a1b1a4a-0325-4a6d-b021-d9ba167e2ac8"
                },
                "name" : "Lance_OpposingForce",
                "lanceDefId" : "Manual",
                "lanceTagSet" : {
                    "items" : [
                        
                    ],
                    "tagSetSourceFile" : ""
                },
                "lanceExcludedTagSet" : {
                    "items" : [
                        
                    ],
                    "tagSetSourceFile" : "Tags/LanceTags"
                },
                "spawnEffectTags" : {
                    "items" : [
                        
                    ],
                    "tagSetSourceFile" : "Tags/SpawnEffectTags"
                },
                "lanceDifficultyAdjustment" : 0,
                "selectedLanceDefId" : "",
                "selectedLanceDifficulty" : 0,
                "unitSpawnPointOverrideList" : [
                    {
                        "unitSpawnPoint" : {
                            "EncounterObjectGuid" : "63ad3b03-b392-49b8-ac26-1ad827b010b4"
                        },
                        "customUnitName" : "",
                        "customHeraldryDefId" : "",
                        "unitType" : "Mech",
                        "unitDefId" : "mechdef_wolverine_WVR-6R",
                        "unitTagSet" : {
                            "items" : [
                                "unit_mech",
                                "unit_medium",
                                "unit_ready",
                                "unit_release_ksbeta",
                                "unit_role_sniper"
                            ],
                            "tagSetSourceFile" : ""
                        },
                        "unitExcludedTagSet" : {
                            "items" : [
                                
                            ],
                            "tagSetSourceFile" : "Tags/UnitTags"
                        },
                        "spawnEffectTags" : {
                            "items" : [
                                "spawn_poorly_maintained_75"
                            ],
                            "tagSetSourceFile" : "Tags/SpawnEffectTags"
                        },
                        "pilotDefId" : "pilot_d5_pilot",
                        "pilotTagSet" : {
                            "items" : [
                                
                            ],
                            "tagSetSourceFile" : ""
                        },
                        "pilotExcludedTagSet" : {
                            "items" : [
                                
                            ],
                            "tagSetSourceFile" : "Tags/PilotTags"
                        },
                        "selectedUnitType" : "UNDEFINED",
                        "selectedUnitDefId" : "",
                        "selectedPilotDefId" : ""
                    },
                    {
                        "unitSpawnPoint" : {
                            "EncounterObjectGuid" : "74a1e790-8882-4e72-844f-26b1a3804231"
                        },
                        "customUnitName" : "",
                        "customHeraldryDefId" : "",
                        "unitType" : "Mech",
                        "unitDefId" : "mechdef_shadowhawk_SHD-2H",
                        "unitTagSet" : {
                            "items" : [
                                "unit_mech",
                                "unit_medium",
                                "unit_ready",
                                "unit_release_ksbeta",
                                "unit_role_brawler"
                            ],
                            "tagSetSourceFile" : ""
                        },
                        "unitExcludedTagSet" : {
                            "items" : [
                                
                            ],
                            "tagSetSourceFile" : "Tags/UnitTags"
                        },
                        "spawnEffectTags" : {
                            "items" : [
                                "spawn_poorly_maintained_50"
                            ],
                            "tagSetSourceFile" : "Tags/SpawnEffectTags"
                        },
                        "pilotDefId" : "pilot_d5_pilot",
                        "pilotTagSet" : {
                            "items" : [
                                
                            ],
                            "tagSetSourceFile" : ""
                        },
                        "pilotExcludedTagSet" : {
                            "items" : [
                                
                            ],
                            "tagSetSourceFile" : "Tags/PilotTags"
                        },
                        "selectedUnitType" : "UNDEFINED",
                        "selectedUnitDefId" : "",
                        "selectedPilotDefId" : ""
                    },
                    {
                        "unitSpawnPoint" : {
                            "EncounterObjectGuid" : "b7eb8d4e-6b3d-4670-a48a-baf2757e024a"
                        },
                        "customUnitName" : "",
                        "customHeraldryDefId" : "",
                        "unitType" : "Mech",
                        "unitDefId" : "mechdef_commando_COM-2D",
                        "unitTagSet" : {
                            "items" : [
                                "unit_light",
                                "unit_mech",
                                "unit_ready",
                                "unit_release_ksbeta",
                                "unit_role_flanker"
                            ],
                            "tagSetSourceFile" : ""
                        },
                        "unitExcludedTagSet" : {
                            "items" : [
                                
                            ],
                            "tagSetSourceFile" : "Tags/UnitTags"
                        },
                        "spawnEffectTags" : {
                            "items" : [
                                "spawn_poorly_maintained_25"
                            ],
                            "tagSetSourceFile" : "Tags/SpawnEffectTags"
                        },
                        "pilotDefId" : "pilot_d5_gunner",
                        "pilotTagSet" : {
                            "items" : [
                                
                            ],
                            "tagSetSourceFile" : ""
                        },
                        "pilotExcludedTagSet" : {
                            "items" : [
                                
                            ],
                            "tagSetSourceFile" : "Tags/PilotTags"
                        },
                        "selectedUnitType" : "UNDEFINED",
                        "selectedUnitDefId" : "",
                        "selectedPilotDefId" : ""
                    },
                    {
                        "unitSpawnPoint" : {
                            "EncounterObjectGuid" : "74c2e448-9cc6-44bf-9c23-6442756067bf"
                        },
                        "customUnitName" : "",
                        "customHeraldryDefId" : "",
                        "unitType" : "Mech",
                        "unitDefId" : "mechdef_panther_PNT-9R",
                        "unitTagSet" : {
                            "items" : [
                                "unit_mech",
                                "unit_medium",
                                "unit_ready",
                                "unit_release_ksbeta",
                                "unit_role_brawler"
                            ],
                            "tagSetSourceFile" : ""
                        },
                        "unitExcludedTagSet" : {
                            "items" : [
                                
                            ],
                            "tagSetSourceFile" : "Tags/UnitTags"
                        },
                        "spawnEffectTags" : {
                            "items" : [
                                "spawn_poorly_maintained_50"
                            ],
                            "tagSetSourceFile" : "Tags/SpawnEffectTags"
                        },
                        "pilotDefId" : "pilot_d5_defender",
                        "pilotTagSet" : {
                            "items" : [
                                
                            ],
                            "tagSetSourceFile" : ""
                        },
                        "pilotExcludedTagSet" : {
                            "items" : [
                                
                            ],
                            "tagSetSourceFile" : "Tags/PilotTags"
                        },
                        "selectedUnitType" : "UNDEFINED",
                        "selectedUnitDefId" : "",
                        "selectedPilotDefId" : ""
                    }
                ]
            },
            {
                "lanceSpawner" : {
                    "EncounterObjectGuid" : "fddf5e8b-07c6-492b-861e-2d9c2bde80ee"
                },
                "name" : "Lance_FourHeadedDragon",
                "lanceDefId" : "Manual",
                "lanceTagSet" : {
                    "items" : [
                        
                    ],
                    "tagSetSourceFile" : ""
                },
                "lanceExcludedTagSet" : {
                    "items" : [
                        
                    ],
                    "tagSetSourceFile" : "Tags/LanceTags"
                },
                "spawnEffectTags" : {
                    "items" : [
                        
                    ],
                    "tagSetSourceFile" : "Tags/SpawnEffectTags"
                },
                "lanceDifficultyAdjustment" : 0,
                "selectedLanceDefId" : "",
                "selectedLanceDifficulty" : 0,
                "unitSpawnPointOverrideList" : [
                    {
                        "unitSpawnPoint" : {
                            "EncounterObjectGuid" : "37634f3f-6855-4572-b526-1fa66e770831"
                        },
                        "customUnitName" : "",
                        "customHeraldryDefId" : "heraldrydef_directorate",
                        "unitType" : "Mech",
                        "unitDefId" : "mechdef_centurion_CN9-A",
                        "unitTagSet" : {
                            "items" : [
                                
                            ],
                            "tagSetSourceFile" : ""
                        },
                        "unitExcludedTagSet" : {
                            "items" : [
                                
                            ],
                            "tagSetSourceFile" : "Tags/UnitTags"
                        },
                        "spawnEffectTags" : {
                            "items" : [
                                "spawn_poorly_maintained_25"
                            ],
                            "tagSetSourceFile" : "Tags/SpawnEffectTags"
                        },
                        "pilotDefId" : "pilot_d5_gunner",
                        "pilotTagSet" : {
                            "items" : [
                                
                            ],
                            "tagSetSourceFile" : ""
                        },
                        "pilotExcludedTagSet" : {
                            "items" : [
                                
                            ],
                            "tagSetSourceFile" : "Tags/PilotTags"
                        },
                        "selectedUnitType" : "UNDEFINED",
                        "selectedUnitDefId" : "",
                        "selectedPilotDefId" : ""
                    },
                    {
                        "unitSpawnPoint" : {
                            "EncounterObjectGuid" : "c2f52419-e1ba-43db-bb53-f2d21eba4f8c"
                        },
                        "customUnitName" : "",
                        "customHeraldryDefId" : "heraldrydef_directorate",
                        "unitType" : "Mech",
                        "unitDefId" : "mechdef_dragon_DRG-1N",
                        "unitTagSet" : {
                            "items" : [
                                
                            ],
                            "tagSetSourceFile" : ""
                        },
                        "unitExcludedTagSet" : {
                            "items" : [
                                
                            ],
                            "tagSetSourceFile" : "Tags/UnitTags"
                        },
                        "spawnEffectTags" : {
                            "items" : [
                                
                            ],
                            "tagSetSourceFile" : "Tags/SpawnEffectTags"
                        },
                        "pilotDefId" : "pilot_d5_defender",
                        "pilotTagSet" : {
                            "items" : [
                                
                            ],
                            "tagSetSourceFile" : ""
                        },
                        "pilotExcludedTagSet" : {
                            "items" : [
                                
                            ],
                            "tagSetSourceFile" : "Tags/PilotTags"
                        },
                        "selectedUnitType" : "UNDEFINED",
                        "selectedUnitDefId" : "",
                        "selectedPilotDefId" : ""
                    },
                    {
                        "unitSpawnPoint" : {
                            "EncounterObjectGuid" : "3ae6c2d2-470c-4c61-866a-1e2ff3cfb918"
                        },
                        "customUnitName" : "",
                        "customHeraldryDefId" : "heraldrydef_directorate",
                        "unitType" : "Mech",
                        "unitDefId" : "mechdef_firestarter_FS9-H",
                        "unitTagSet" : {
                            "items" : [
                                
                            ],
                            "tagSetSourceFile" : ""
                        },
                        "unitExcludedTagSet" : {
                            "items" : [
                                
                            ],
                            "tagSetSourceFile" : "Tags/UnitTags"
                        },
                        "spawnEffectTags" : {
                            "items" : [
                                
                            ],
                            "tagSetSourceFile" : "Tags/SpawnEffectTags"
                        },
                        "pilotDefId" : "pilot_d5_tactician",
                        "pilotTagSet" : {
                            "items" : [
                                
                            ],
                            "tagSetSourceFile" : ""
                        },
                        "pilotExcludedTagSet" : {
                            "items" : [
                                
                            ],
                            "tagSetSourceFile" : "Tags/PilotTags"
                        },
                        "selectedUnitType" : "UNDEFINED",
                        "selectedUnitDefId" : "",
                        "selectedPilotDefId" : ""
                    },
                    {
                        "unitSpawnPoint" : {
                            "EncounterObjectGuid" : "39045acd-b014-45d3-8bdd-6c0f3a91cb99"
                        },
                        "customUnitName" : "",
                        "customHeraldryDefId" : "heraldrydef_directorate",
                        "unitType" : "Mech",
                        "unitDefId" : "mechdef_catapult_CPLT-K2",
                        "unitTagSet" : {
                            "items" : [
                                
                            ],
                            "tagSetSourceFile" : ""
                        },
                        "unitExcludedTagSet" : {
                            "items" : [
                                
                            ],
                            "tagSetSourceFile" : "Tags/UnitTags"
                        },
                        "spawnEffectTags" : {
                            "items" : [
                                
                            ],
                            "tagSetSourceFile" : "Tags/SpawnEffectTags"
                        },
                        "pilotDefId" : "pilot_story_victoriaMid",
                        "pilotTagSet" : {
                            "items" : [
                                
                            ],
                            "tagSetSourceFile" : ""
                        },
                        "pilotExcludedTagSet" : {
                            "items" : [
                                
                            ],
                            "tagSetSourceFile" : "Tags/PilotTags"
                        },
                        "selectedUnitType" : "UNDEFINED",
                        "selectedUnitDefId" : "",
                        "selectedPilotDefId" : ""
                    }
                ]
            }
        ]
    },
    "targetsAllyTeam" : {
        "encounterLayerData" : {
            "EncounterObjectGuid" : "253989c6-f40e-47b7-bb71-8e53f311dc2d"
        },
        "teamGuid" : "31151ed6-cfc2-467e-98c4-9ae5bea784cf",
        "teamName" : "Target's Ally",
        "faction" : "INVALID_UNSET",
        "teamLeaderCastDefId" : "castDef_TeamLeader_Current",
        "lanceOverrideList" : [
            
        ]
    },
    "neutralToAllTeam" : {
        "encounterLayerData" : {
            "EncounterObjectGuid" : "253989c6-f40e-47b7-bb71-8e53f311dc2d"
        },
        "teamGuid" : "61612bb3-abf9-4586-952a-0559fa9dcd75",
        "teamName" : "Neutral to All",
        "faction" : "INVALID_UNSET",
        "teamLeaderCastDefId" : "castDef_TeamLeader_Current",
        "lanceOverrideList" : [
            
        ]
    },
    "hostileToAllTeam" : {
        "encounterLayerData" : {
            "EncounterObjectGuid" : "253989c6-f40e-47b7-bb71-8e53f311dc2d"
        },
        "teamGuid" : "3c9f3a20-ab03-4bcb-8ab6-b1ef0442bbf0",
        "teamName" : "Hostile to All",
        "faction" : "INVALID_UNSET",
        "teamLeaderCastDefId" : "castDef_TeamLeader_Current",
        "lanceOverrideList" : [
            
        ]
    }
}