{
  "HelpURL" : "https://s3.amazonaws.com/www.harebrained-schemes.com/backer-beta/manual.pdf",
  "EULA_URL": "https://legal.paradoxplaza.com/terms-of-use",
  "PrivacyURL": "https://legal.paradoxplaza.com/privacy",
  "SupportURL" : "https://www.paradoxplaza.com/support-static-info-ca.html",
  "HBSURL" : "http://harebrained-schemes.com/",
  "ParadoxURL" : "https://www.paradoxinteractive.com/",
  "FacebookURL" : "https://www.facebook.com/HarebrainedSchemes/",
  "TwitterURL" : "https://twitter.com/WeBeHarebrained",
  "ForumURL" : "https://forum.paradoxplaza.com/forum/index.php?forums/",
  "BTWebsiteURL" : "http://www.battletechgame.com/",
  "ParadoxForgotPasswordURL" : "https://www.paradoxplaza.com/resetpassword",

   "DefaultMultiplayerMapName" : "mapArena_riverCrossing_vHigh",
   "DefaultMultiplayerMoodName" : "FoggyDay",
   "DefaultSinglePlayerMapName" : "mapArena_riverCrossing_vHigh",
   "DefaultSinglePlayerMoodName" : "FoggyDay",
   "PrewarmRequests": [
    {
      "ResourceType": "UIModulePrefabs",
      "ResourceID": "uixPrfPanl_mainMenu",
      "Priority": "Foreground"
    }
  ]
}
