{
    "DissipationCapacity" : 0,
    "Description" : {
        "Cost" : 320000,
        "Rarity" : 4,
        "Purchasable" : true,
        "Manufacturer" : "Generic",
        "Model" : "Improved Bank",
        "UIName" : "Heat Bank +",
        "Id" : "Gear_HeatSink_Generic_Improved-Bank",
        "Name" : "Improved Bank Heat Bank ",
        "Details" : "Heat Banks are installed to allow for more thermal energy collection, increasing the threshold at which internal damage occurs from excess heat buildup and thus boosting sustained weapons fire capability. ",
        "Icon" : "uixSvgIcon_equipment_HeatBank"
    },
    "BonusValueA" : "+ 20 Max Heat",
    "BonusValueB" : "+ 10 Overheat Threshold",
    "ComponentType" : "HeatSink",
    "ComponentSubType" : "Heatsink",
    "PrefabIdentifier" : "",
    "BattleValue" : 0,
    "InventorySize" : 4,
    "Tonnage" : 1,
    "AllowedLocations" : "All",
    "DisallowedLocations" : "All",
    "CriticalComponent" : false,
    "statusEffects" : [
        {
            "durationData" : {
                "duration" : -1,
                "ticksOnActivations" : false,
                "useActivationsOfTarget" : false,
                "ticksOnEndOfRound" : false,
                "ticksOnMovements" : false,
                "stackLimit" : -1,
                "clearedWhenAttacked" : false
            },
            "targetingData" : {
                "effectTriggerType" : "Passive",
                "triggerLimit" : 0,
                "extendDurationOnTrigger" : 0,
                "specialRules" : "NotSet",
                "effectTargetType" : "Creator",
                "range" : 0,
                "forcePathRebuild" : false,
                "forceVisRebuild" : false,
                "showInTargetPreview" : false,
                "showInStatusPanel" : true
            },
            "effectType" : "StatisticEffect",
            "Description" : {
                "Id" : "StatusEffect-Heat_Max-T2",
                "Name" : "MAX HEAT INCREASED",
                "Details" : "Maximum allowed heat increased by [AMT].",
                "Icon" : "uixSvgIcon_equipment_HeatBank"
            },
            "nature" : "Buff",
            "statisticData" : {
                "appliesEachTick" : false,
                "effectsPersistAfterDestruction" : false,
                "statName" : "MaxHeat",
                "operation" : "Int_Add",
                "modValue" : "20",
                "modType" : "System.Int32",
                "additionalRules" : "NotSet",
                "targetCollection" : "NotSet",
                "targetWeaponCategory" : "NotSet",
                "targetWeaponType" : "NotSet",
                "targetAmmoCategory" : "NotSet",
                "targetWeaponSubType" : "NotSet"
            },
            "tagData" : null,
            "floatieData" : null,
            "actorBurningData" : null,
            "vfxData" : null,
            "instantModData" : null,
            "poorlyMaintainedEffectData" : null
        },
        {
            "durationData" : {
                "duration" : -1,
                "ticksOnActivations" : false,
                "useActivationsOfTarget" : false,
                "ticksOnEndOfRound" : false,
                "ticksOnMovements" : false,
                "stackLimit" : -1,
                "clearedWhenAttacked" : false
            },
            "targetingData" : {
                "effectTriggerType" : "Passive",
                "triggerLimit" : 0,
                "extendDurationOnTrigger" : 0,
                "specialRules" : "NotSet",
                "effectTargetType" : "Creator",
                "range" : 0,
                "forcePathRebuild" : false,
                "forceVisRebuild" : false,
                "showInTargetPreview" : false,
                "showInStatusPanel" : true
            },
            "effectType" : "StatisticEffect",
            "Description" : {
                "Id" : "StatusEffect-Overheat_Threshold-T2",
                "Name" : "Increased Overheat Level",
                "Details" : "Overheat threshold increased by 10",
                "Icon" : "uixSvgIcon_equipment_HeatBank"
            },
            "nature" : "Buff",
            "statisticData" : {
                "appliesEachTick" : false,
                "effectsPersistAfterDestruction" : false,
                "statName" : "OverheatLevel",
                "operation" : "Int_Add",
                "modValue" : "10",
                "modType" : "System.Int32",
                "additionalRules" : "NotSet",
                "targetCollection" : "NotSet",
                "targetWeaponCategory" : "NotSet",
                "targetWeaponType" : "NotSet",
                "targetAmmoCategory" : "NotSet",
                "targetWeaponSubType" : "NotSet"
            },
            "tagData" : null,
            "floatieData" : null,
            "actorBurningData" : null,
            "vfxData" : null,
            "instantModData" : null,
            "poorlyMaintainedEffectData" : null
        }
    ],
    "ComponentTags" : {
        "items" : [
            "component_type_variant",
            "component_type_variant2"
        ],
        "tagSetSourceFile" : ""
    }
}
