{
   "DissipationCapacity" : 1,
   "Description" : {
      "Id" : null,
      "Name" : null,
      "Details" : null,
      "Icon" : null,
      "Cost" : 0,
      "Rarity" : 0,
      "Purchasable" : false
   },
   "BonusValueA" : "",
	"BonusValueB" : "",
    "ComponentType" : "HeatSink",
   "ComponentSubType" : "Heatsink",
   "PrefabIdentifier" : "",
   "BattleValue" : 0,
   "InventorySize" : 1,
   "Tonnage" : 1,
   "AllowedLocations" : "All",
   "DisallowedLocations" : "None",
   "CriticalComponent" : false
}