{
    "ID": "DefendBase_Bodyguards",
    "contractName": "Bodyguards",
    "contractDisplayStyle": "BaseCampaignNormal",
    "difficulty": 2,
    "weight": 1,
    "scope": "STANDARD",
    "finalDifficulty": 0,
    "shortDescription": "We have a VIP at a base on {TGT_SYSTEM.name}, and we've just received a garbled transmission from a local agent that the base will be attacked by {TEAM_TAR.FactionDef.Name}. They're striking at the VIP, and they know our forces are not in position to come to his aid. We need a team of competent mercenaries to protect the facility and our personnel.",
    "longDescription": "They've got to be kicking themselves for letting their VIP go out without more security. Their screw-up is our payday, though.",
    "salvagePotential": "16",
    "requirementList": [
        {
            "Scope": "StarSystem",
            "RequirementTags": {
                "items": [],
                "tagSetSourceFile": ""
            },
            "ExclusionTags": {
                "items": [],
                "tagSetSourceFile": ""
            },
            "RequirementComparisons": [
                {
                    "obj": "Employer.IsOwner",
                    "op": "Equal",
                    "val": "1"
                },
                {
                    "obj": "Employer.AuriganRestoration",
                    "op": "Equal",
                    "val": "0"
                }
            ]
        }
    ],
    "OnContractSuccessResults": [],
    "OnContractFailureResults": [],
    "contractType": "DefendBase",
    "encounterPlayStyle": "SinglePlayer",
    "maxNumberOfPlayerUnits": 4,
    "mapMood": null,
    "startingFogOfWarVisibility": "Surveyed",
    "contractObjectiveList": [
        {
            "contractObjective": {
                "EncounterObjectGuid": "6f5f8d17-70ed-44a8-acc0-ccf9258925aa"
            },
            "title": "Protect the {TEAM_EMP.FactionDef.Name} VIP",
            "description": "",
            "isPrimary": true,
            "forPlayer": "Player1",
            "objectiveGuids": [
                "ca677a4d-19c8-4d0c-9c5e-3ed712081336",
                "0e4ac925-d95a-4019-aeb0-0aa553830f46",
                "d4d20990-fbeb-4f6e-81b7-7e94bba6a2c5",
                "4bfadebf-a277-4ddb-8a36-f70ab7c0c68c",
                "240577eb-b4b0-43b7-b2af-a94d692a022a",
                "d01959cc-5ef1-4856-8918-1848c051368d"
            ]
        }
    ],
    "objectiveList": [
        {
            "objective": {
                "EncounterObjectGuid": "ca677a4d-19c8-4d0c-9c5e-3ed712081336"
            },
            "title": "Defend {TEAM_EMP.FactionDef.Name} Base",
            "description": "",
            "isPrimary": true,
            "OnSuccessResults": [],
            "OnFailureResults": []
        },
        {
            "objective": {
                "EncounterObjectGuid": "0e4ac925-d95a-4019-aeb0-0aa553830f46"
            },
            "title": "Destroy {TEAM_TAR.FactionDef.Demonym} Vanguard",
            "description": "",
            "isPrimary": false,
            "OnSuccessResults": [
                {
                    "Scope": "Company",
                    "Requirements": {
                        "Scope": "Company",
                        "RequirementTags": {
                            "items": [],
                            "tagSetSourceFile": ""
                        },
                        "ExclusionTags": {
                            "items": [],
                            "tagSetSourceFile": ""
                        },
                        "RequirementComparisons": []
                    },
                    "AddedTags": {
                        "items": [],
                        "tagSetSourceFile": ""
                    },
                    "RemovedTags": {
                        "items": [],
                        "tagSetSourceFile": ""
                    },
                    "Stats": [
                        {
                            "typeString": "System.Single",
                            "name": "ContractBonusRewardPct",
                            "value": 0.1
                        }
                    ]
                }
            ],
            "OnFailureResults": []
        },
        {
            "objective": {
                "EncounterObjectGuid": "240577eb-b4b0-43b7-b2af-a94d692a022a"
            },
            "title": "Ensure All Buildings Survive",
            "description": "",
            "isPrimary": false,
            "OnSuccessResults": [
                {
                    "Scope": "Company",
                    "Requirements": {
                        "Scope": "Company",
                        "RequirementTags": {
                            "items": [],
                            "tagSetSourceFile": ""
                        },
                        "ExclusionTags": {
                            "items": [],
                            "tagSetSourceFile": ""
                        },
                        "RequirementComparisons": []
                    },
                    "AddedTags": {
                        "items": [],
                        "tagSetSourceFile": ""
                    },
                    "RemovedTags": {
                        "items": [],
                        "tagSetSourceFile": ""
                    },
                    "Stats": [
                        {
                            "typeString": "System.Single",
                            "name": "ContractBonusRewardPct",
                            "value": 0.2
                        }
                    ]
                }
            ],
            "OnFailureResults": []
        },
        {
            "objective": {
                "EncounterObjectGuid": "4bfadebf-a277-4ddb-8a36-f70ab7c0c68c"
            },
            "title": "Hold Out for Reinforcements",
            "description": "",
            "isPrimary": true,
            "OnSuccessResults": [],
            "OnFailureResults": []
        },
        {
            "objective": {
                "EncounterObjectGuid": "d4d20990-fbeb-4f6e-81b7-7e94bba6a2c5"
            },
            "title": "Escort Engineer APCs to Base Defenses",
            "description": "",
            "isPrimary": false,
            "OnSuccessResults": [
                {
                    "Scope": "Company",
                    "Requirements": {
                        "Scope": "Company",
                        "RequirementTags": {
                            "items": [],
                            "tagSetSourceFile": ""
                        },
                        "ExclusionTags": {
                            "items": [],
                            "tagSetSourceFile": ""
                        },
                        "RequirementComparisons": []
                    },
                    "AddedTags": {
                        "items": [],
                        "tagSetSourceFile": ""
                    },
                    "RemovedTags": {
                        "items": [],
                        "tagSetSourceFile": ""
                    },
                    "Stats": [
                        {
                            "typeString": "System.Single",
                            "name": "ContractBonusRewardPct",
                            "value": 0.1
                        }
                    ]
                }
            ],
            "OnFailureResults": []
        },
        {
            "objective": {
                "EncounterObjectGuid": "46d1c317-2344-4e53-aa9f-d9769edbb89d"
            },
            "title": "Destroy {TEAM_TAR.FactionDef.Demonym} Reinforcements",
            "description": "",
            "isPrimary": false,
            "OnSuccessResults": [
                {
                    "Scope": "Company",
                    "Requirements": {
                        "Scope": "Company",
                        "RequirementTags": {
                            "items": [],
                            "tagSetSourceFile": ""
                        },
                        "ExclusionTags": {
                            "items": [],
                            "tagSetSourceFile": ""
                        },
                        "RequirementComparisons": []
                    },
                    "AddedTags": {
                        "items": [],
                        "tagSetSourceFile": ""
                    },
                    "RemovedTags": {
                        "items": [],
                        "tagSetSourceFile": ""
                    },
                    "Stats": [
                        {
                            "typeString": "System.Single",
                            "name": "ContractBonusRewardPct",
                            "value": 0.1
                        }
                    ]
                }
            ],
            "OnFailureResults": []
        },
        {
            "objective": {
                "EncounterObjectGuid": "00d98f37-5576-43c3-ba74-953fb54bd497"
            },
            "title": "Hidden Objective: Destroy the Third Lance",
            "description": "Hidden Objective: Destroy the Third Lance",
            "isPrimary": false,
            "OnSuccessResults": [],
            "OnFailureResults": []
        },
        {
            "objective": {
                "EncounterObjectGuid": "d01959cc-5ef1-4856-8918-1848c051368d"
            },
            "title": "Baddies Inbound",
            "description": "",
            "isPrimary": false,
            "OnSuccessResults": [],
            "OnFailureResults": []
        }
    ],
    "buildingList": [],
    "chunkList": [
        {
            "name": "Chunk_EscortAPC_DefensiveTurrets (Bonus)",
            "encounterChunk": {
                "EncounterObjectGuid": "2340cc58-51b0-4db7-a9ff-f5ff08d86d01"
            },
            "enableChunkFromContract": true
        },
        {
            "name": "Chunk_Wave3Attackers (Bonus)",
            "encounterChunk": {
                "EncounterObjectGuid": "5dca4e7f-ea4c-4582-8a4c-bb531e2c0754"
            },
            "enableChunkFromContract": true
        }
    ],
    "cameraFocusHelperList": [
        {
            "name": "Spawner_PlayerLance",
            "encounterObject": {
                "EncounterObjectGuid": "dafd0d98-c88a-4f90-b137-4fe5ed94ebbb"
            }
        },
        {
            "name": "Lance_Enemy_Wave1Attackers",
            "encounterObject": {
                "EncounterObjectGuid": "4d39e72c-4f99-4cc6-8fe0-d4d18cad0063"
            }
        },
        {
            "name": "Lance_Neutral_BaseTurrets",
            "encounterObject": {
                "EncounterObjectGuid": "f11631eb-034f-4d16-8f4f-2599481976ff"
            }
        },
        {
            "name": "Lance_Enemy_BaseTurrets",
            "encounterObject": {
                "EncounterObjectGuid": "1245481e-b960-40e5-9c49-015a9de6404d"
            }
        },
        {
            "name": "Lance_Friendly_BaseTurrets",
            "encounterObject": {
                "EncounterObjectGuid": "02048097-1c04-45e5-bbe5-be481a8dc864"
            }
        },
        {
            "name": "Lance_Escort",
            "encounterObject": {
                "EncounterObjectGuid": "d3d75b1e-ace5-43e8-b037-79a2dd2b3d4e"
            }
        },
        {
            "name": "Lance_Enemy_Wave2Attackers",
            "encounterObject": {
                "EncounterObjectGuid": "61699a08-1ed7-4ac3-b1f3-79b6b671c4ca"
            }
        },
        {
            "name": "Lance_Enemy_Wave3Attackers",
            "encounterObject": {
                "EncounterObjectGuid": "574928a1-ee1c-4cd1-a83f-d4a30aa1b05a"
            }
        },
        {
            "name": "Region_EscortDestination",
            "encounterObject": {
                "EncounterObjectGuid": "3560382a-c082-4a0b-8cab-8e6327b74cce"
            }
        }
    ],
    "dialogueList": [
        {
            "dialogue": {
                "EncounterObjectGuid": "73df8d9c-a274-48fd-98c9-2bd0d7860e83"
            },
            "name": "Dialog_MissionStart",
            "overrideDialogueBucketId": "",
            "dialogueContent": [
                {
                    "words": "Commander, we need to protect the {TEAM_EMP.FactionDef.Name} base and keep the VIP safe.",
                    "wordsColor": {
                        "r": "1",
                        "g": "1",
                        "b": "1",
                        "a": "1"
                    },
                    "selectedCastDefId": "castDef_DariusDefault",
                    "emote": "Default",
                    "audioName": "NONE",
                    "cameraFocusGuid": "",
                    "cameraDistance": "Far",
                    "cameraHeight": "Default",
                    "revealRadius": 200
                },
                {
                    "words": "As expected, we have multiple incoming {TEAM_TAR.FactionDef.Demonym} units.",
                    "wordsColor": {
                        "r": "1",
                        "g": "1",
                        "b": "1",
                        "a": "1"
                    },
                    "selectedCastDefId": "castDef_DariusDefault",
                    "emote": "Default",
                    "audioName": "NONE",
                    "cameraFocusGuid": "4d39e72c-4f99-4cc6-8fe0-d4d18cad0063",
                    "cameraDistance": "Far",
                    "cameraHeight": "Default",
                    "revealRadius": -1
                },
                {
                    "words": "Hold the base, keep the buildings upright, and eliminate any threats. Oliveira out.",
                    "wordsColor": {
                        "r": "1",
                        "g": "1",
                        "b": "1",
                        "a": "1"
                    },
                    "selectedCastDefId": "castDef_DariusDefault",
                    "emote": "Default",
                    "audioName": "NONE",
                    "cameraFocusGuid": "dafd0d98-c88a-4f90-b137-4fe5ed94ebbb",
                    "cameraDistance": "Far",
                    "cameraHeight": "Default",
                    "revealRadius": -1
                }
            ]
        },
        {
            "dialogue": {
                "EncounterObjectGuid": "4011a4c3-cba2-4d22-b2b3-3b19a3297ab9"
            },
            "name": "Dialog_MissionSuccess",
            "overrideDialogueBucketId": "",
            "dialogueContent": [
                {
                    "words": "Well done, Commander. I'm guessing {TEAM_EMP.FactionDef.Name} will be pleased, and hopefully learn a lesson about opsec.",
                    "wordsColor": {
                        "r": "1",
                        "g": "1",
                        "b": "1",
                        "a": "1"
                    },
                    "selectedCastDefId": "castDef_DariusDefault",
                    "emote": "Default",
                    "audioName": "NONE",
                    "cameraFocusGuid": "",
                    "cameraDistance": "Far",
                    "cameraHeight": "Default",
                    "revealRadius": -1
                }
            ]
        },
        {
            "dialogue": {
                "EncounterObjectGuid": "d3d33d95-9ed7-4686-b9eb-954ebe51cc02"
            },
            "name": "Dialog_MissionFailure",
            "overrideDialogueBucketId": "",
            "dialogueContent": [
                {
                    "words": "I don't like this. I'm pulling the plug, Commander.",
                    "wordsColor": {
                        "r": "1",
                        "g": "1",
                        "b": "1",
                        "a": "1"
                    },
                    "selectedCastDefId": "castDef_DariusDefault",
                    "emote": "Default",
                    "audioName": "NONE",
                    "cameraFocusGuid": "",
                    "cameraDistance": "Far",
                    "cameraHeight": "Default",
                    "revealRadius": -1
                }
            ]
        },
        {
            "dialogue": {
                "EncounterObjectGuid": "37095331-664a-4ccd-b09a-8693f0ea6653"
            },
            "name": "Dialogue_Interrupt_CapturedTurrets",
            "overrideDialogueBucketId": "",
            "dialogueContent": [
                {
                    "words": "The engineers are in position and have disembarked from the APCs. The vehicles will scatter and support you; just keep those turrets online.",
                    "wordsColor": {
                        "r": "1",
                        "g": "1",
                        "b": "1",
                        "a": "1"
                    },
                    "selectedCastDefId": "castDef_DariusDefault",
                    "emote": "Default",
                    "audioName": "NONE",
                    "cameraFocusGuid": "",
                    "cameraDistance": "Far",
                    "cameraHeight": "Default",
                    "revealRadius": -1
                }
            ]
        },
        {
            "dialogue": {
                "EncounterObjectGuid": "d7184f62-0021-41af-a5a4-34a585aa9d39"
            },
            "name": "Dialogue_ReinforcementWarning",
            "overrideDialogueBucketId": "DialogBucketDef_Universal_HostilesInbound",
            "dialogueContent": [
                {
                    "words": "Warning commander, sensors are reading multiple contacts approaching from multiple vectors. Looks like the attacking force has brought reinforcements. ",
                    "wordsColor": {
                        "r": 1,
                        "g": 1,
                        "b": 1,
                        "a": 1
                    },
                    "selectedCastDefId": "castDef_DariusDefault",
                    "emote": "Default",
                    "audioName": "NONE",
                    "cameraFocusGuid": "",
                    "cameraDistance": "Far",
                    "cameraHeight": "Default",
                    "revealRadius": -1
                }
            ]
        },
        {
            "dialogue": {
                "EncounterObjectGuid": "d382339d-0cc4-483f-b64d-4a93f3009f7e"
            },
            "name": "Dialogue_BuildingDamaged",
            "overrideDialogueBucketId": "DialogBucketDef_DefendBase_AllyStruct-Damaged",
            "dialogueContent": [
                {
                    "words": "Be advised, some of the target buildings are sustaining damage. Your mission is to keep them standing. ",
                    "wordsColor": {
                        "r": 1,
                        "g": 1,
                        "b": 1,
                        "a": 1
                    },
                    "selectedCastDefId": "castDef_KuritaDefault",
                    "emote": "Default",
                    "audioName": "NONE",
                    "cameraFocusGuid": "",
                    "cameraDistance": "Far",
                    "cameraHeight": "Default",
                    "revealRadius": -1
                }
            ]
        },
        {
            "dialogue": {
                "EncounterObjectGuid": "56262d64-510a-45a1-9a7a-cdadd02a27ec"
            },
            "name": "Dialogue_BuildingDestroyed",
            "overrideDialogueBucketId": "DialogBucketDef_DefendBase_AllyStruct-Destroyed",
            "dialogueContent": [
                {
                    "words": "Commander, a target building has been demolished. Ensure the integrity of the remaining buildings.",
                    "wordsColor": {
                        "r": 1,
                        "g": 1,
                        "b": 1,
                        "a": 1
                    },
                    "selectedCastDefId": "castDef_KuritaDefault",
                    "emote": "Default",
                    "audioName": "NONE",
                    "cameraFocusGuid": "",
                    "cameraDistance": "Far",
                    "cameraHeight": "Default",
                    "revealRadius": -1
                }
            ]
        },
        {
            "dialogue": {
                "EncounterObjectGuid": "6830c98e-266c-4185-9358-41aef95b471d"
            },
            "name": "Dialogue_Interrupt_OneBuildingLeft",
            "overrideDialogueBucketId": "",
            "dialogueContent": [
                {
                    "words": "Commander, we're getting signals from the base. That last structure is where they have the VIP secured. If it goes down, so does the VIP.",
                    "wordsColor": {
                        "r": "1",
                        "g": "1",
                        "b": "1",
                        "a": "1"
                    },
                    "selectedCastDefId": "castDef_DariusDefault",
                    "emote": "Default",
                    "audioName": "NONE",
                    "cameraFocusGuid": "",
                    "cameraDistance": "Far",
                    "cameraHeight": "Default",
                    "revealRadius": -1
                }
            ]
        },
        {
            "dialogue": {
                "EncounterObjectGuid": "04aca727-601c-4fea-9f14-9cbef76768b3"
            },
            "name": "Dialogue_HalfwayAlert",
            "overrideDialogueBucketId": "DialogBucketDef_DefendBase_AllyReinforcements",
            "dialogueContent": [
                {
                    "words": "Mercenary Commmander, we've recieved word of the assault on your position. Reinforcements are incoming, they are about halfway there. Maintain position and you will be relieved and reinforced shortly. ",
                    "wordsColor": {
                        "r": 1,
                        "g": 1,
                        "b": 1,
                        "a": 1
                    },
                    "selectedCastDefId": "castDef_KuritaDefault",
                    "emote": "Default",
                    "audioName": "NONE",
                    "cameraFocusGuid": "",
                    "cameraDistance": "Far",
                    "cameraHeight": "Default",
                    "revealRadius": -1
                }
            ]
        },
        {
            "dialogue": {
                "EncounterObjectGuid": "f2f3007e-6680-4656-a3cf-1f5376c2377a"
            },
            "name": "Dialogue_Interrupt_TurretBriefing",
            "overrideDialogueBucketId": "",
            "dialogueContent": [
                {
                    "words": "Our employers are providing us with extra support, Commander.",
                    "wordsColor": {
                        "r": "1",
                        "g": "1",
                        "b": "1",
                        "a": "1"
                    },
                    "selectedCastDefId": "castDef_DariusDefault",
                    "emote": "Default",
                    "audioName": "NONE",
                    "cameraFocusGuid": "",
                    "cameraDistance": "Far",
                    "cameraHeight": "Default",
                    "revealRadius": -1
                },
                {
                    "words": "There are point defenses set up around the base. Unfortunately for us, they're offline.",
                    "wordsColor": {
                        "r": "1",
                        "g": "1",
                        "b": "1",
                        "a": "1"
                    },
                    "selectedCastDefId": "castDef_DariusDefault",
                    "emote": "Default",
                    "audioName": "NONE",
                    "cameraFocusGuid": "02048097-1c04-45e5-bbe5-be481a8dc864",
                    "cameraDistance": "Far",
                    "cameraHeight": "Default",
                    "revealRadius": -1
                },
                {
                    "words": "Fortunately, though, we've got a team of {TEAM_EMP.FactionDef.Demonym} engineers who can bring them back online.",
                    "wordsColor": {
                        "r": "1",
                        "g": "1",
                        "b": "1",
                        "a": "1"
                    },
                    "selectedCastDefId": "castDef_DariusDefault",
                    "emote": "Default",
                    "audioName": "NONE",
                    "cameraFocusGuid": "d3d75b1e-ace5-43e8-b037-79a2dd2b3d4e",
                    "cameraDistance": "Far",
                    "cameraHeight": "Default",
                    "revealRadius": -1
                },
                {
                    "words": "Escort them to the generators and we can boost our firepower and repel the {TEAM_TAR.FactionDef.Demonym} forces.",
                    "wordsColor": {
                        "r": "1",
                        "g": "1",
                        "b": "1",
                        "a": "1"
                    },
                    "selectedCastDefId": "castDef_DariusDefault",
                    "emote": "Default",
                    "audioName": "NONE",
                    "cameraFocusGuid": "3560382a-c082-4a0b-8cab-8e6327b74cce",
                    "cameraDistance": "Far",
                    "cameraHeight": "Default",
                    "revealRadius": -1
                }
            ]
        }
    ],
    "disableNegotations": false,
    "disableLanceConfiguration": false,
    "disableCancelButton": false,
    "disableAfterAction": false,
    "contractRewardOverride": -1,
    "travelOnly": false,
    "useTravelCostPenalty": false,
    "usesExpiration": false,
    "expirationTimeOverride": -1,
    "negotiatedSalary": 1,
    "negotiatedSalvage": 0,
    "player1Team": {
        "encounterLayerData": {
            "EncounterObjectGuid": "05455558-965c-49bd-aeb9-2b35364a1a8b"
        },
        "teamGuid": "bf40fd39-ccf9-47c4-94a6-061809681140",
        "teamName": "Player 1",
        "faction": "Player1sMercUnit",
        "teamLeaderCastDefId": "castDef_TeamLeader_Current",
        "lanceOverrideList": [
            {
                "lanceSpawner": {
                    "EncounterObjectGuid": "dafd0d98-c88a-4f90-b137-4fe5ed94ebbb"
                },
                "name": "Spawner_PlayerLance",
                "lanceDefId": "Manual",
                "lanceTagSet": {
                    "items": [],
                    "tagSetSourceFile": ""
                },
                "lanceExcludedTagSet": {
                    "items": [],
                    "tagSetSourceFile": "Tags/LanceTags"
                },
                "spawnEffectTags": {
                    "items": [],
                    "tagSetSourceFile": "Tags/SpawnEffectTags"
                },
                "lanceDifficultyAdjustment": 0,
                "selectedLanceDefId": null,
                "selectedLanceDifficulty": 0,
                "unitSpawnPointOverrideList": [
                    {
                        "unitSpawnPoint": {
                            "EncounterObjectGuid": "1668c1ba-b9c6-4ef3-83df-19bfec270da1"
                        },
                        "customUnitName": null,
                        "unitType": "Mech",
                        "unitDefId": "mechDef_None",
                        "unitTagSet": {
                            "items": [],
                            "tagSetSourceFile": ""
                        },
                        "unitExcludedTagSet": {
                            "items": [],
                            "tagSetSourceFile": "Tags/UnitTags"
                        },
                        "spawnEffectTags": {
                            "items": [],
                            "tagSetSourceFile": "Tags/SpawnEffectTags"
                        },
                        "pilotDefId": "pilotDef_InheritLance",
                        "pilotTagSet": {
                            "items": [],
                            "tagSetSourceFile": ""
                        },
                        "pilotExcludedTagSet": {
                            "items": [],
                            "tagSetSourceFile": "Tags/PilotTags"
                        },
                        "selectedUnitType": "UNDEFINED",
                        "selectedUnitDefId": null,
                        "selectedPilotDefId": null
                    },
                    {
                        "unitSpawnPoint": {
                            "EncounterObjectGuid": "6b4979b9-b730-460b-8f18-c9b19efbb91c"
                        },
                        "customUnitName": null,
                        "unitType": "Mech",
                        "unitDefId": "mechDef_None",
                        "unitTagSet": {
                            "items": [],
                            "tagSetSourceFile": ""
                        },
                        "unitExcludedTagSet": {
                            "items": [],
                            "tagSetSourceFile": "Tags/UnitTags"
                        },
                        "spawnEffectTags": {
                            "items": [],
                            "tagSetSourceFile": "Tags/SpawnEffectTags"
                        },
                        "pilotDefId": "pilotDef_InheritLance",
                        "pilotTagSet": {
                            "items": [],
                            "tagSetSourceFile": ""
                        },
                        "pilotExcludedTagSet": {
                            "items": [],
                            "tagSetSourceFile": "Tags/PilotTags"
                        },
                        "selectedUnitType": "UNDEFINED",
                        "selectedUnitDefId": null,
                        "selectedPilotDefId": null
                    },
                    {
                        "unitSpawnPoint": {
                            "EncounterObjectGuid": "0a320081-2d60-450e-8e00-092c838496b4"
                        },
                        "customUnitName": null,
                        "unitType": "Mech",
                        "unitDefId": "mechDef_None",
                        "unitTagSet": {
                            "items": [],
                            "tagSetSourceFile": ""
                        },
                        "unitExcludedTagSet": {
                            "items": [],
                            "tagSetSourceFile": "Tags/UnitTags"
                        },
                        "spawnEffectTags": {
                            "items": [],
                            "tagSetSourceFile": "Tags/SpawnEffectTags"
                        },
                        "pilotDefId": "pilotDef_InheritLance",
                        "pilotTagSet": {
                            "items": [],
                            "tagSetSourceFile": ""
                        },
                        "pilotExcludedTagSet": {
                            "items": [],
                            "tagSetSourceFile": "Tags/PilotTags"
                        },
                        "selectedUnitType": "UNDEFINED",
                        "selectedUnitDefId": null,
                        "selectedPilotDefId": null
                    },
                    {
                        "unitSpawnPoint": {
                            "EncounterObjectGuid": "34a720da-9acc-4c57-bb4a-2cbe22da78a8"
                        },
                        "customUnitName": null,
                        "unitType": "Mech",
                        "unitDefId": "mechDef_None",
                        "unitTagSet": {
                            "items": [],
                            "tagSetSourceFile": ""
                        },
                        "unitExcludedTagSet": {
                            "items": [],
                            "tagSetSourceFile": "Tags/UnitTags"
                        },
                        "spawnEffectTags": {
                            "items": [],
                            "tagSetSourceFile": "Tags/SpawnEffectTags"
                        },
                        "pilotDefId": "pilotDef_InheritLance",
                        "pilotTagSet": {
                            "items": [],
                            "tagSetSourceFile": ""
                        },
                        "pilotExcludedTagSet": {
                            "items": [],
                            "tagSetSourceFile": "Tags/PilotTags"
                        },
                        "selectedUnitType": "UNDEFINED",
                        "selectedUnitDefId": null,
                        "selectedPilotDefId": null
                    }
                ]
            }
        ]
    },
    "player2Team": {
        "encounterLayerData": {
            "EncounterObjectGuid": "05455558-965c-49bd-aeb9-2b35364a1a8b"
        },
        "teamGuid": "757173dd-b4e1-4bb5-9bee-d78e623cc867",
        "teamName": "Player 2",
        "faction": "Player2sMercUnit",
        "teamLeaderCastDefId": "castDef_TeamLeader_Current",
        "lanceOverrideList": []
    },
    "employerTeam": {
        "encounterLayerData": {
            "EncounterObjectGuid": "05455558-965c-49bd-aeb9-2b35364a1a8b"
        },
        "teamGuid": "ecc8d4f2-74b4-465d-adf6-84445e5dfc230",
        "teamName": "Employer",
        "faction": "INVALID_UNSET",
        "teamLeaderCastDefId": "castDef_TeamLeader_Current",
        "lanceOverrideList": [
            {
                "lanceSpawner": {
                    "EncounterObjectGuid": "02048097-1c04-45e5-bbe5-be481a8dc864"
                },
                "name": "Lance_Friendly_BaseTurrets",
                "lanceDefId": "Manual",
                "lanceTagSet": {
                    "items": [],
                    "tagSetSourceFile": "Tags/LanceTags"
                },
                "lanceExcludedTagSet": {
                    "items": [],
                    "tagSetSourceFile": "Tags/LanceTags"
                },
                "spawnEffectTags": {
                    "items": [],
                    "tagSetSourceFile": "Tags/SpawnEffectTags"
                },
                "lanceDifficultyAdjustment": 0,
                "selectedLanceDefId": null,
                "selectedLanceDifficulty": 0,
                "unitSpawnPointOverrideList": []
            },
            {
                "lanceSpawner": {
                    "EncounterObjectGuid": "d3d75b1e-ace5-43e8-b037-79a2dd2b3d4e"
                },
                "name": "Lance_Escort",
                "lanceDefId": "Tagged",
                "lanceTagSet": {
                    "items": [
                        "lance_type_convoy"
                    ],
                    "tagSetSourceFile": "Tags/LanceTags"
                },
                "lanceExcludedTagSet": {
                    "items": [],
                    "tagSetSourceFile": "Tags/LanceTags"
                },
                "spawnEffectTags": {
                    "items": [],
                    "tagSetSourceFile": "Tags/SpawnEffectTags"
                },
                "lanceDifficultyAdjustment": 0,
                "selectedLanceDefId": null,
                "selectedLanceDifficulty": 0,
                "unitSpawnPointOverrideList": [
                    {
                        "unitSpawnPoint": {
                            "EncounterObjectGuid": "d7109e5f-7e09-4a9d-98a7-a0bf651532e6"
                        },
                        "customUnitName": null,
                        "unitType": "Vehicle",
                        "unitDefId": "UseLance",
                        "unitTagSet": {
                            "items": [],
                            "tagSetSourceFile": ""
                        },
                        "unitExcludedTagSet": {
                            "items": [],
                            "tagSetSourceFile": "Tags/UnitTags"
                        },
                        "spawnEffectTags": {
                            "items": [],
                            "tagSetSourceFile": "Tags/SpawnEffectTags"
                        },
                        "pilotDefId": "pilotDef_InheritLance",
                        "pilotTagSet": {
                            "items": [],
                            "tagSetSourceFile": ""
                        },
                        "pilotExcludedTagSet": {
                            "items": [],
                            "tagSetSourceFile": "Tags/PilotTags"
                        },
                        "selectedUnitType": "UNDEFINED",
                        "selectedUnitDefId": null,
                        "selectedPilotDefId": null
                    },
                    {
                        "unitSpawnPoint": {
                            "EncounterObjectGuid": "bdb37cd1-dff5-4740-b361-d5d1aebfd452"
                        },
                        "customUnitName": null,
                        "unitType": "Vehicle",
                        "unitDefId": "UseLance",
                        "unitTagSet": {
                            "items": [],
                            "tagSetSourceFile": ""
                        },
                        "unitExcludedTagSet": {
                            "items": [],
                            "tagSetSourceFile": "Tags/UnitTags"
                        },
                        "spawnEffectTags": {
                            "items": [],
                            "tagSetSourceFile": "Tags/SpawnEffectTags"
                        },
                        "pilotDefId": "pilotDef_InheritLance",
                        "pilotTagSet": {
                            "items": [],
                            "tagSetSourceFile": ""
                        },
                        "pilotExcludedTagSet": {
                            "items": [],
                            "tagSetSourceFile": "Tags/PilotTags"
                        },
                        "selectedUnitType": "UNDEFINED",
                        "selectedUnitDefId": null,
                        "selectedPilotDefId": null
                    }
                ]
            }
        ]
    },
    "targetTeam": {
        "encounterLayerData": {
            "EncounterObjectGuid": "05455558-965c-49bd-aeb9-2b35364a1a8b"
        },
        "teamGuid": "be77cadd-e245-4240-a93e-b99cc98902a5",
        "teamName": "Target",
        "faction": "INVALID_UNSET",
        "teamLeaderCastDefId": "castDef_TeamLeader_Current",
        "lanceOverrideList": [
            {
                "lanceSpawner": {
                    "EncounterObjectGuid": "4d39e72c-4f99-4cc6-8fe0-d4d18cad0063"
                },
                "name": "Lance_Enemy_Wave1Attackers",
                "lanceDefId": "Tagged",
                "lanceTagSet": {
                    "items": [
                        "lance_type_recon",
                        "lance_type_notallvehicles"
                    ],
                    "tagSetSourceFile": "Tags/LanceTags"
                },
                "lanceExcludedTagSet": {
                    "items": [],
                    "tagSetSourceFile": "Tags/LanceTags"
                },
                "spawnEffectTags": {
                    "items": [
                        "spawn_poorly_maintained_50"
                    ],
                    "tagSetSourceFile": "Tags/SpawnEffectTags"
                },
                "lanceDifficultyAdjustment": -1,
                "selectedLanceDefId": null,
                "selectedLanceDifficulty": 0,
                "unitSpawnPointOverrideList": [
                    {
                        "unitSpawnPoint": {
                            "EncounterObjectGuid": "52137684-666c-43d1-9528-99dc96471645"
                        },
                        "customUnitName": null,
                        "unitType": "Mech",
                        "unitDefId": "UseLance",
                        "unitTagSet": {
                            "items": [],
                            "tagSetSourceFile": "Tags/UnitTags"
                        },
                        "unitExcludedTagSet": {
                            "items": [],
                            "tagSetSourceFile": "Tags/UnitTags"
                        },
                        "spawnEffectTags": {
                            "items": [],
                            "tagSetSourceFile": "Tags/SpawnEffectTags"
                        },
                        "pilotDefId": "pilotDef_InheritLance",
                        "pilotTagSet": {
                            "items": [],
                            "tagSetSourceFile": ""
                        },
                        "pilotExcludedTagSet": {
                            "items": [],
                            "tagSetSourceFile": "Tags/PilotTags"
                        },
                        "selectedUnitType": "UNDEFINED",
                        "selectedUnitDefId": null,
                        "selectedPilotDefId": null
                    },
                    {
                        "unitSpawnPoint": {
                            "EncounterObjectGuid": "1d32f819-a4d2-4df1-a66b-c641855e3b3b"
                        },
                        "customUnitName": null,
                        "unitType": "Mech",
                        "unitDefId": "UseLance",
                        "unitTagSet": {
                            "items": [],
                            "tagSetSourceFile": "Tags/UnitTags"
                        },
                        "unitExcludedTagSet": {
                            "items": [],
                            "tagSetSourceFile": "Tags/UnitTags"
                        },
                        "spawnEffectTags": {
                            "items": [],
                            "tagSetSourceFile": "Tags/SpawnEffectTags"
                        },
                        "pilotDefId": "pilotDef_InheritLance",
                        "pilotTagSet": {
                            "items": [],
                            "tagSetSourceFile": ""
                        },
                        "pilotExcludedTagSet": {
                            "items": [],
                            "tagSetSourceFile": "Tags/PilotTags"
                        },
                        "selectedUnitType": "UNDEFINED",
                        "selectedUnitDefId": null,
                        "selectedPilotDefId": null
                    },
                    {
                        "unitSpawnPoint": {
                            "EncounterObjectGuid": "0b168027-919d-4d87-ae88-853711e26b67"
                        },
                        "customUnitName": null,
                        "unitType": "Mech",
                        "unitDefId": "UseLance",
                        "unitTagSet": {
                            "items": [],
                            "tagSetSourceFile": "Tags/UnitTags"
                        },
                        "unitExcludedTagSet": {
                            "items": [],
                            "tagSetSourceFile": "Tags/UnitTags"
                        },
                        "spawnEffectTags": {
                            "items": [],
                            "tagSetSourceFile": "Tags/SpawnEffectTags"
                        },
                        "pilotDefId": "pilotDef_InheritLance",
                        "pilotTagSet": {
                            "items": [],
                            "tagSetSourceFile": ""
                        },
                        "pilotExcludedTagSet": {
                            "items": [],
                            "tagSetSourceFile": "Tags/PilotTags"
                        },
                        "selectedUnitType": "UNDEFINED",
                        "selectedUnitDefId": null,
                        "selectedPilotDefId": null
                    },
                    {
                        "unitSpawnPoint": {
                            "EncounterObjectGuid": "1843b49d-e943-46fc-88aa-954eb78be8d3"
                        },
                        "customUnitName": null,
                        "unitType": "Mech",
                        "unitDefId": "UseLance",
                        "unitTagSet": {
                            "items": [],
                            "tagSetSourceFile": "Tags/UnitTags"
                        },
                        "unitExcludedTagSet": {
                            "items": [],
                            "tagSetSourceFile": "Tags/UnitTags"
                        },
                        "spawnEffectTags": {
                            "items": [],
                            "tagSetSourceFile": "Tags/SpawnEffectTags"
                        },
                        "pilotDefId": "pilotDef_InheritLance",
                        "pilotTagSet": {
                            "items": [],
                            "tagSetSourceFile": ""
                        },
                        "pilotExcludedTagSet": {
                            "items": [],
                            "tagSetSourceFile": "Tags/PilotTags"
                        },
                        "selectedUnitType": "UNDEFINED",
                        "selectedUnitDefId": null,
                        "selectedPilotDefId": null
                    }
                ]
            },
            {
                "lanceSpawner": {
                    "EncounterObjectGuid": "61699a08-1ed7-4ac3-b1f3-79b6b671c4ca"
                },
                "name": "Lance_Enemy_Wave2Attackers",
                "lanceDefId": "Tagged",
                "lanceTagSet": {
                    "items": [
                        "lance_type_battle",
                        "lance_type_notallvehicles"
                    ],
                    "tagSetSourceFile": "Tags/LanceTags"
                },
                "lanceExcludedTagSet": {
                    "items": [],
                    "tagSetSourceFile": "Tags/LanceTags"
                },
                "spawnEffectTags": {
                    "items": [
                        "spawn_poorly_maintained_50"
                    ],
                    "tagSetSourceFile": "Tags/SpawnEffectTags"
                },
                "lanceDifficultyAdjustment": -1,
                "selectedLanceDefId": null,
                "selectedLanceDifficulty": 0,
                "unitSpawnPointOverrideList": [
                    {
                        "unitSpawnPoint": {
                            "EncounterObjectGuid": "7c30108d-c203-4240-a74f-76cc057ccae0"
                        },
                        "customUnitName": null,
                        "unitType": "Mech",
                        "unitDefId": "UseLance",
                        "unitTagSet": {
                            "items": [],
                            "tagSetSourceFile": "Tags/UnitTags"
                        },
                        "unitExcludedTagSet": {
                            "items": [],
                            "tagSetSourceFile": "Tags/UnitTags"
                        },
                        "spawnEffectTags": {
                            "items": [],
                            "tagSetSourceFile": "Tags/SpawnEffectTags"
                        },
                        "pilotDefId": "pilotDef_InheritLance",
                        "pilotTagSet": {
                            "items": [],
                            "tagSetSourceFile": "Tags/PilotTags"
                        },
                        "pilotExcludedTagSet": {
                            "items": [],
                            "tagSetSourceFile": "Tags/PilotTags"
                        },
                        "selectedUnitType": "UNDEFINED",
                        "selectedUnitDefId": null,
                        "selectedPilotDefId": null
                    },
                    {
                        "unitSpawnPoint": {
                            "EncounterObjectGuid": "8021f2fc-1990-4f9c-9362-adc183d5fba9"
                        },
                        "customUnitName": null,
                        "unitType": "Mech",
                        "unitDefId": "UseLance",
                        "unitTagSet": {
                            "items": [],
                            "tagSetSourceFile": "Tags/UnitTags"
                        },
                        "unitExcludedTagSet": {
                            "items": [],
                            "tagSetSourceFile": "Tags/UnitTags"
                        },
                        "spawnEffectTags": {
                            "items": [],
                            "tagSetSourceFile": "Tags/SpawnEffectTags"
                        },
                        "pilotDefId": "pilotDef_InheritLance",
                        "pilotTagSet": {
                            "items": [],
                            "tagSetSourceFile": "Tags/PilotTags"
                        },
                        "pilotExcludedTagSet": {
                            "items": [],
                            "tagSetSourceFile": "Tags/PilotTags"
                        },
                        "selectedUnitType": "UNDEFINED",
                        "selectedUnitDefId": null,
                        "selectedPilotDefId": null
                    },
                    {
                        "unitSpawnPoint": {
                            "EncounterObjectGuid": "9bdc93cb-1cbd-408e-afa0-dbb7cd47d6da"
                        },
                        "customUnitName": null,
                        "unitType": "Mech",
                        "unitDefId": "UseLance",
                        "unitTagSet": {
                            "items": [],
                            "tagSetSourceFile": "Tags/UnitTags"
                        },
                        "unitExcludedTagSet": {
                            "items": [],
                            "tagSetSourceFile": "Tags/UnitTags"
                        },
                        "spawnEffectTags": {
                            "items": [],
                            "tagSetSourceFile": "Tags/SpawnEffectTags"
                        },
                        "pilotDefId": "pilotDef_InheritLance",
                        "pilotTagSet": {
                            "items": [],
                            "tagSetSourceFile": "Tags/PilotTags"
                        },
                        "pilotExcludedTagSet": {
                            "items": [],
                            "tagSetSourceFile": "Tags/PilotTags"
                        },
                        "selectedUnitType": "UNDEFINED",
                        "selectedUnitDefId": null,
                        "selectedPilotDefId": null
                    },
                    {
                        "unitSpawnPoint": {
                            "EncounterObjectGuid": "5d1391b4-4381-4ddd-b244-eb38e34a79d5"
                        },
                        "customUnitName": null,
                        "unitType": "Mech",
                        "unitDefId": "UseLance",
                        "unitTagSet": {
                            "items": [],
                            "tagSetSourceFile": "Tags/UnitTags"
                        },
                        "unitExcludedTagSet": {
                            "items": [],
                            "tagSetSourceFile": "Tags/UnitTags"
                        },
                        "spawnEffectTags": {
                            "items": [],
                            "tagSetSourceFile": "Tags/SpawnEffectTags"
                        },
                        "pilotDefId": "pilotDef_InheritLance",
                        "pilotTagSet": {
                            "items": [],
                            "tagSetSourceFile": "Tags/PilotTags"
                        },
                        "pilotExcludedTagSet": {
                            "items": [],
                            "tagSetSourceFile": "Tags/PilotTags"
                        },
                        "selectedUnitType": "UNDEFINED",
                        "selectedUnitDefId": null,
                        "selectedPilotDefId": null
                    }
                ]
            },
            {
                "lanceSpawner": {
                    "EncounterObjectGuid": "574928a1-ee1c-4cd1-a83f-d4a30aa1b05a"
                },
                "name": "Lance_Enemy_Wave3Attackers",
                "lanceDefId": "Tagged",
                "lanceTagSet": {
                    "items": [
                        "lance_type_support",
                        "lance_type_notallvehicles"
                    ],
                    "tagSetSourceFile": "Tags/LanceTags"
                },
                "lanceExcludedTagSet": {
                    "items": [],
                    "tagSetSourceFile": "Tags/LanceTags"
                },
                "spawnEffectTags": {
                    "items": [
                        "spawn_poorly_maintained_50"
                    ],
                    "tagSetSourceFile": "Tags/SpawnEffectTags"
                },
                "lanceDifficultyAdjustment": 0,
                "selectedLanceDefId": null,
                "selectedLanceDifficulty": 0,
                "unitSpawnPointOverrideList": [
                    {
                        "unitSpawnPoint": {
                            "EncounterObjectGuid": "74c85f6a-1050-4bfc-b6bc-e693224691fc"
                        },
                        "customUnitName": null,
                        "unitType": "Mech",
                        "unitDefId": "UseLance",
                        "unitTagSet": {
                            "items": [],
                            "tagSetSourceFile": "Tags/UnitTags"
                        },
                        "unitExcludedTagSet": {
                            "items": [],
                            "tagSetSourceFile": "Tags/UnitTags"
                        },
                        "spawnEffectTags": {
                            "items": [],
                            "tagSetSourceFile": "Tags/SpawnEffectTags"
                        },
                        "pilotDefId": "pilotDef_InheritLance",
                        "pilotTagSet": {
                            "items": [],
                            "tagSetSourceFile": "Tags/PilotTags"
                        },
                        "pilotExcludedTagSet": {
                            "items": [],
                            "tagSetSourceFile": "Tags/PilotTags"
                        },
                        "selectedUnitType": "UNDEFINED",
                        "selectedUnitDefId": null,
                        "selectedPilotDefId": null
                    },
                    {
                        "unitSpawnPoint": {
                            "EncounterObjectGuid": "e4cf8328-8e38-4b0a-b615-c8cf0e29959d"
                        },
                        "customUnitName": null,
                        "unitType": "Mech",
                        "unitDefId": "UseLance",
                        "unitTagSet": {
                            "items": [],
                            "tagSetSourceFile": "Tags/UnitTags"
                        },
                        "unitExcludedTagSet": {
                            "items": [],
                            "tagSetSourceFile": "Tags/UnitTags"
                        },
                        "spawnEffectTags": {
                            "items": [],
                            "tagSetSourceFile": "Tags/SpawnEffectTags"
                        },
                        "pilotDefId": "pilotDef_InheritLance",
                        "pilotTagSet": {
                            "items": [],
                            "tagSetSourceFile": "Tags/PilotTags"
                        },
                        "pilotExcludedTagSet": {
                            "items": [],
                            "tagSetSourceFile": "Tags/PilotTags"
                        },
                        "selectedUnitType": "UNDEFINED",
                        "selectedUnitDefId": null,
                        "selectedPilotDefId": null
                    },
                    {
                        "unitSpawnPoint": {
                            "EncounterObjectGuid": "362c4974-6d34-44b7-8618-a74dbc487c3c"
                        },
                        "customUnitName": null,
                        "unitType": "Mech",
                        "unitDefId": "UseLance",
                        "unitTagSet": {
                            "items": [],
                            "tagSetSourceFile": "Tags/UnitTags"
                        },
                        "unitExcludedTagSet": {
                            "items": [],
                            "tagSetSourceFile": "Tags/UnitTags"
                        },
                        "spawnEffectTags": {
                            "items": [],
                            "tagSetSourceFile": "Tags/SpawnEffectTags"
                        },
                        "pilotDefId": "pilotDef_InheritLance",
                        "pilotTagSet": {
                            "items": [],
                            "tagSetSourceFile": "Tags/PilotTags"
                        },
                        "pilotExcludedTagSet": {
                            "items": [],
                            "tagSetSourceFile": "Tags/PilotTags"
                        },
                        "selectedUnitType": "UNDEFINED",
                        "selectedUnitDefId": null,
                        "selectedPilotDefId": null
                    },
                    {
                        "unitSpawnPoint": {
                            "EncounterObjectGuid": "97859c8e-c965-4124-9ee4-6b062450363c"
                        },
                        "customUnitName": null,
                        "unitType": "Mech",
                        "unitDefId": "UseLance",
                        "unitTagSet": {
                            "items": [],
                            "tagSetSourceFile": "Tags/UnitTags"
                        },
                        "unitExcludedTagSet": {
                            "items": [],
                            "tagSetSourceFile": "Tags/UnitTags"
                        },
                        "spawnEffectTags": {
                            "items": [],
                            "tagSetSourceFile": "Tags/SpawnEffectTags"
                        },
                        "pilotDefId": "pilotDef_InheritLance",
                        "pilotTagSet": {
                            "items": [],
                            "tagSetSourceFile": "Tags/PilotTags"
                        },
                        "pilotExcludedTagSet": {
                            "items": [],
                            "tagSetSourceFile": "Tags/PilotTags"
                        },
                        "selectedUnitType": "UNDEFINED",
                        "selectedUnitDefId": null,
                        "selectedPilotDefId": null
                    }
                ]
            }
        ]
    },
    "targetsAllyTeam": {
        "encounterLayerData": {
            "EncounterObjectGuid": "05455558-965c-49bd-aeb9-2b35364a1a8b"
        },
        "teamGuid": "31151ed6-cfc2-467e-98c4-9ae5bea784cf",
        "teamName": "Target's Ally",
        "faction": "INVALID_UNSET",
        "teamLeaderCastDefId": "castDef_TeamLeader_Current",
        "lanceOverrideList": []
    },
    "neutralToAllTeam": {
        "encounterLayerData": {
            "EncounterObjectGuid": "05455558-965c-49bd-aeb9-2b35364a1a8b"
        },
        "teamGuid": "61612bb3-abf9-4586-952a-0559fa9dcd75",
        "teamName": "Neutral to All",
        "faction": "INVALID_UNSET",
        "teamLeaderCastDefId": "castDef_TeamLeader_Current",
        "lanceOverrideList": [
            {
                "lanceSpawner": {
                    "EncounterObjectGuid": "f11631eb-034f-4d16-8f4f-2599481976ff"
                },
                "name": "Lance_Neutral_BaseTurrets",
                "lanceDefId": "Tagged",
                "lanceTagSet": {
                    "items": [
                        "lance_type_turret"
                    ],
                    "tagSetSourceFile": "Tags/LanceTags"
                },
                "lanceExcludedTagSet": {
                    "items": [],
                    "tagSetSourceFile": "Tags/LanceTags"
                },
                "spawnEffectTags": {
                    "items": [],
                    "tagSetSourceFile": "Tags/SpawnEffectTags"
                },
                "lanceDifficultyAdjustment": 0,
                "selectedLanceDefId": null,
                "selectedLanceDifficulty": 0,
                "unitSpawnPointOverrideList": [
                    {
                        "unitSpawnPoint": {
                            "EncounterObjectGuid": "4b9a4506-105a-48d1-b1e6-dde99edd6439"
                        },
                        "customUnitName": null,
                        "unitType": "Turret",
                        "unitDefId": "UseLance",
                        "unitTagSet": {
                            "items": [],
                            "tagSetSourceFile": "Tags/UnitTags"
                        },
                        "unitExcludedTagSet": {
                            "items": [],
                            "tagSetSourceFile": "Tags/UnitTags"
                        },
                        "spawnEffectTags": {
                            "items": [],
                            "tagSetSourceFile": "Tags/SpawnEffectTags"
                        },
                        "pilotDefId": "pilotDef_InheritLance",
                        "pilotTagSet": {
                            "items": [],
                            "tagSetSourceFile": ""
                        },
                        "pilotExcludedTagSet": {
                            "items": [],
                            "tagSetSourceFile": "Tags/PilotTags"
                        },
                        "selectedUnitType": "UNDEFINED",
                        "selectedUnitDefId": null,
                        "selectedPilotDefId": null
                    },
                    {
                        "unitSpawnPoint": {
                            "EncounterObjectGuid": "dcfc1ad6-3fdf-42c6-8ae9-e7afa2c5a42b"
                        },
                        "customUnitName": null,
                        "unitType": "Turret",
                        "unitDefId": "UseLance",
                        "unitTagSet": {
                            "items": [],
                            "tagSetSourceFile": "Tags/UnitTags"
                        },
                        "unitExcludedTagSet": {
                            "items": [],
                            "tagSetSourceFile": "Tags/UnitTags"
                        },
                        "spawnEffectTags": {
                            "items": [],
                            "tagSetSourceFile": "Tags/SpawnEffectTags"
                        },
                        "pilotDefId": "pilotDef_InheritLance",
                        "pilotTagSet": {
                            "items": [],
                            "tagSetSourceFile": ""
                        },
                        "pilotExcludedTagSet": {
                            "items": [],
                            "tagSetSourceFile": "Tags/PilotTags"
                        },
                        "selectedUnitType": "UNDEFINED",
                        "selectedUnitDefId": null,
                        "selectedPilotDefId": null
                    },
                    {
                        "unitSpawnPoint": {
                            "EncounterObjectGuid": "a76da3ec-a28a-4d59-ab63-1d175407f7f6"
                        },
                        "customUnitName": null,
                        "unitType": "Turret",
                        "unitDefId": "UseLance",
                        "unitTagSet": {
                            "items": [],
                            "tagSetSourceFile": "Tags/UnitTags"
                        },
                        "unitExcludedTagSet": {
                            "items": [],
                            "tagSetSourceFile": "Tags/UnitTags"
                        },
                        "spawnEffectTags": {
                            "items": [],
                            "tagSetSourceFile": "Tags/SpawnEffectTags"
                        },
                        "pilotDefId": "pilotDef_InheritLance",
                        "pilotTagSet": {
                            "items": [],
                            "tagSetSourceFile": ""
                        },
                        "pilotExcludedTagSet": {
                            "items": [],
                            "tagSetSourceFile": "Tags/PilotTags"
                        },
                        "selectedUnitType": "UNDEFINED",
                        "selectedUnitDefId": null,
                        "selectedPilotDefId": null
                    },
                    {
                        "unitSpawnPoint": {
                            "EncounterObjectGuid": "d328624a-0615-4dcd-b9e0-f73b2031afbf"
                        },
                        "customUnitName": null,
                        "unitType": "Turret",
                        "unitDefId": "UseLance",
                        "unitTagSet": {
                            "items": [],
                            "tagSetSourceFile": "Tags/UnitTags"
                        },
                        "unitExcludedTagSet": {
                            "items": [],
                            "tagSetSourceFile": "Tags/UnitTags"
                        },
                        "spawnEffectTags": {
                            "items": [],
                            "tagSetSourceFile": "Tags/SpawnEffectTags"
                        },
                        "pilotDefId": "pilotDef_InheritLance",
                        "pilotTagSet": {
                            "items": [],
                            "tagSetSourceFile": ""
                        },
                        "pilotExcludedTagSet": {
                            "items": [],
                            "tagSetSourceFile": "Tags/PilotTags"
                        },
                        "selectedUnitType": "UNDEFINED",
                        "selectedUnitDefId": null,
                        "selectedPilotDefId": null
                    },
                    {
                        "unitSpawnPoint": {
                            "EncounterObjectGuid": "1fc0067d-8962-446b-83df-73edca453dcc"
                        },
                        "customUnitName": null,
                        "unitType": "Turret",
                        "unitDefId": "UseLance",
                        "unitTagSet": {
                            "items": [],
                            "tagSetSourceFile": "Tags/UnitTags"
                        },
                        "unitExcludedTagSet": {
                            "items": [],
                            "tagSetSourceFile": "Tags/UnitTags"
                        },
                        "spawnEffectTags": {
                            "items": [],
                            "tagSetSourceFile": "Tags/SpawnEffectTags"
                        },
                        "pilotDefId": "pilotDef_InheritLance",
                        "pilotTagSet": {
                            "items": [],
                            "tagSetSourceFile": "Tags/PilotTags"
                        },
                        "pilotExcludedTagSet": {
                            "items": [],
                            "tagSetSourceFile": "Tags/PilotTags"
                        },
                        "selectedUnitType": "UNDEFINED",
                        "selectedUnitDefId": null,
                        "selectedPilotDefId": null
                    },
                    {
                        "unitSpawnPoint": {
                            "EncounterObjectGuid": "bf45e39e-3152-46c6-83db-28cf0557efc0"
                        },
                        "customUnitName": null,
                        "unitType": "Turret",
                        "unitDefId": "UseLance",
                        "unitTagSet": {
                            "items": [],
                            "tagSetSourceFile": "Tags/UnitTags"
                        },
                        "unitExcludedTagSet": {
                            "items": [],
                            "tagSetSourceFile": "Tags/UnitTags"
                        },
                        "spawnEffectTags": {
                            "items": [],
                            "tagSetSourceFile": "Tags/SpawnEffectTags"
                        },
                        "pilotDefId": "pilotDef_InheritLance",
                        "pilotTagSet": {
                            "items": [],
                            "tagSetSourceFile": "Tags/PilotTags"
                        },
                        "pilotExcludedTagSet": {
                            "items": [],
                            "tagSetSourceFile": "Tags/PilotTags"
                        },
                        "selectedUnitType": "UNDEFINED",
                        "selectedUnitDefId": null,
                        "selectedPilotDefId": null
                    },
                    {
                        "unitSpawnPoint": {
                            "EncounterObjectGuid": "90aa383e-cb0d-4620-8236-0c2fd7a87da3"
                        },
                        "customUnitName": null,
                        "unitType": "Turret",
                        "unitDefId": "UseLance",
                        "unitTagSet": {
                            "items": [],
                            "tagSetSourceFile": "Tags/UnitTags"
                        },
                        "unitExcludedTagSet": {
                            "items": [],
                            "tagSetSourceFile": "Tags/UnitTags"
                        },
                        "spawnEffectTags": {
                            "items": [],
                            "tagSetSourceFile": "Tags/SpawnEffectTags"
                        },
                        "pilotDefId": "pilotDef_InheritLance",
                        "pilotTagSet": {
                            "items": [],
                            "tagSetSourceFile": "Tags/PilotTags"
                        },
                        "pilotExcludedTagSet": {
                            "items": [],
                            "tagSetSourceFile": "Tags/PilotTags"
                        },
                        "selectedUnitType": "UNDEFINED",
                        "selectedUnitDefId": null,
                        "selectedPilotDefId": null
                    }
                ]
            },
            {
                "lanceSpawner": {
                    "EncounterObjectGuid": "1245481e-b960-40e5-9c49-015a9de6404d"
                },
                "name": "Lance_Enemy_BaseTurrets",
                "lanceDefId": "Manual",
                "lanceTagSet": {
                    "items": [],
                    "tagSetSourceFile": "Tags/LanceTags"
                },
                "lanceExcludedTagSet": {
                    "items": [],
                    "tagSetSourceFile": "Tags/LanceTags"
                },
                "spawnEffectTags": {
                    "items": [],
                    "tagSetSourceFile": "Tags/SpawnEffectTags"
                },
                "lanceDifficultyAdjustment": 0,
                "selectedLanceDefId": null,
                "selectedLanceDifficulty": 0,
                "unitSpawnPointOverrideList": []
            }
        ]
    },
    "hostileToAllTeam": {
        "encounterLayerData": {
            "EncounterObjectGuid": "05455558-965c-49bd-aeb9-2b35364a1a8b"
        },
        "teamGuid": "3c9f3a20-ab03-4bcb-8ab6-b1ef0442bbf0",
        "teamName": "Hostile to All",
        "faction": "INVALID_UNSET",
        "teamLeaderCastDefId": "castDef_TeamLeader_Current",
        "lanceOverrideList": []
    },
    "stopTellingMe": false,
    "difficultyUIModifier": 0,
    "filename": "DefendBase_Bodyguards.json"
}