{
    "ID" : "Story_3_Axylus_Template",
    "contractName" : "Capture the Argo",
    "contractDisplayStyle" : "BaseCampaignStory",
    "difficulty" : 3,
    "difficultyUIModifier" : 0,
    "weight" : 1,
    "scope" : "STANDARD",
    "finalDifficulty" : 0,
    "shortDescription" : "A self-appointed bandit queen has taken possession of the <i>Argo</i>, a derelict DropShip and relic of the Star League era. We believe that it belongs in more suitable hands\u2026 namely, ours. You will drop on Axylus, shut down the pirates' antiaircraft capabilities, and hold out while our engineers bring the <i>Argo</i> back to life.",
    "longDescription" : "This seems straightforward enough\u2026 but be careful, {COMMANDER.FirstName}. We don't know for sure what you're going to find on that moon, and we've had enough surprises already.",
    "salvagePotential" : 24,
    "requirementList" : [
        
    ],
    "OnContractSuccessResults" : [
        {
            "Scope" : "Company",
            "Requirements" : null,
            "AddedTags" : {
                "items" : [
                    
                ],
                "tagSetSourceFile" : ""
            },
            "RemovedTags" : {
                "items" : [
                    
                ],
                "tagSetSourceFile" : ""
            },
            "Stats" : [
                {
                    "typeString" : "System.Int32",
                    "name" : "NextStoryMilestone",
                    "value" : "1",
                    "set" : false,
                    "valueConstant" : ""
                }
            ],
            "Actions" : [
                
            ],
            "ForceEvents" : [
                
            ],
            "TemporaryResult" : false,
            "ResultDuration" : 0
        }
    ],
    "OnContractFailureResults" : [
        {
            "Scope" : "Company",
            "Requirements" : null,
            "AddedTags" : {
                "items" : [
                    
                ],
                "tagSetSourceFile" : ""
            },
            "RemovedTags" : {
                "items" : [
                    
                ],
                "tagSetSourceFile" : ""
            },
            "Stats" : [
                {
                    "typeString" : "System.Int32",
                    "name" : "NextStoryMilestone",
                    "value" : "132",
                    "set" : true,
                    "valueConstant" : ""
                }
            ],
            "Actions" : [
                {
                    "Type" : "System_AddContract",
                    "value" : "trav_story_3_axylus",
                    "valueConstant" : "",
                    "additionalValues" : [
                        "NoFaction",
                        "MagistracyOfCanopus",
                        "starsystemdef_Alloway"
                    ]
                }
            ],
            "ForceEvents" : [
                
            ],
            "TemporaryResult" : false,
            "ResultDuration" : 0
        }
    ],
    "contractType" : "Story_3_Axylus",
    "encounterPlayStyle" : "SinglePlayer",
    "maxNumberOfPlayerUnits" : 4,
    "mapMood" : "Mission3",
    "startingFogOfWarVisibility" : "Surveyed",
    "contractObjectiveList" : [
        {
            "contractObjective" : {
                "EncounterObjectGuid" : "dee3ebc7-d9df-4e5f-bfbb-0fb7dff587f8"
            },
            "title" : "Destroy the radar towers to bring down Grim Sybil's antiaircraft guns",
            "description" : "",
            "isPrimary" : true,
            "forPlayer" : "Player1",
            "objectiveGuids" : [
                "74b11b37-5cf8-4beb-983a-99c64ac69565",
                "9c2fe4d0-0b8f-405a-abb6-69b809293e94",
                "3c15248b-59fc-48c9-b333-f61651fbad73",
                "cf46b363-43a9-49ba-9a00-ad729aab406b",
                "3a4192be-2a53-4383-94ac-19c08883ea5f"
            ]
        },
        {
            "contractObjective" : {
                "EncounterObjectGuid" : "ac772e06-d0c5-42cb-842c-5f8fe2f3eeed"
            },
            "title" : "Proceed to the <i>Argo</i>'s crash site",
            "description" : "",
            "isPrimary" : true,
            "forPlayer" : "Player1",
            "objectiveGuids" : [
                
            ]
        },
        {
            "contractObjective" : {
                "EncounterObjectGuid" : "f2b7f269-fee9-4ad5-8389-e12e67a8f72c"
            },
            "title" : "Defend against Grim Sybil's pirates while Dr. Murad's team restores power to the derelict",
            "description" : "",
            "isPrimary" : true,
            "forPlayer" : "Player1",
            "objectiveGuids" : [
                
            ]
        }
    ],
    "objectiveList" : [
        {
            "objective" : {
                "EncounterObjectGuid" : "74b11b37-5cf8-4beb-983a-99c64ac69565"
            },
            "title" : "Destroy Radar Tower Alpha",
            "description" : "",
            "isPrimary" : false,
            "OnSuccessResults" : [
                
            ],
            "OnFailureResults" : [
                
            ]
        },
        {
            "objective" : {
                "EncounterObjectGuid" : "9c2fe4d0-0b8f-405a-abb6-69b809293e94"
            },
            "title" : "Destroy Radar Tower Bravo",
            "description" : "",
            "isPrimary" : false,
            "OnSuccessResults" : [
                
            ],
            "OnFailureResults" : [
                
            ]
        },
        {
            "objective" : {
                "EncounterObjectGuid" : "2a18bd21-3c1e-4799-a848-5e1d34f174bb"
            },
            "title" : "Test Destroy All Tagged",
            "description" : "",
            "isPrimary" : false,
            "OnSuccessResults" : [
                
            ],
            "OnFailureResults" : [
                
            ]
        },
        {
            "objective" : {
                "EncounterObjectGuid" : "6e722363-2c67-49cf-89f6-0f61cfa60e66"
            },
            "title" : "Test Destroy All Tagged",
            "description" : "",
            "isPrimary" : false,
            "OnSuccessResults" : [
                
            ],
            "OnFailureResults" : [
                
            ]
        },
        {
            "objective" : {
                "EncounterObjectGuid" : "3c15248b-59fc-48c9-b333-f61651fbad73"
            },
            "title" : "Secure the Crash Site",
            "description" : "",
            "isPrimary" : false,
            "OnSuccessResults" : [
                
            ],
            "OnFailureResults" : [
                
            ]
        },
        {
            "objective" : {
                "EncounterObjectGuid" : "cf46b363-43a9-49ba-9a00-ad729aab406b"
            },
            "title" : "Defend against the Pirate Reinforcements",
            "description" : "",
            "isPrimary" : false,
            "OnSuccessResults" : [
                
            ],
            "OnFailureResults" : [
                
            ]
        },
        {
            "objective" : {
                "EncounterObjectGuid" : "94cbc986-2569-4e3f-977b-086dff81a952"
            },
            "title" : "This is the Defend the Argo Timer",
            "description" : "",
            "isPrimary" : false,
            "OnSuccessResults" : [
                
            ],
            "OnFailureResults" : [
                
            ]
        },
        {
            "objective" : {
                "EncounterObjectGuid" : "3a4192be-2a53-4383-94ac-19c08883ea5f"
            },
            "title" : "Board the derelict ",
            "description" : "",
            "isPrimary" : false,
            "OnSuccessResults" : [
                
            ],
            "OnFailureResults" : [
                
            ]
        }
    ],
    "buildingList" : [
        
    ],
    "chunkList" : [
        
    ],
    "cameraFocusHelperList" : [
        {
            "name" : "PlayerLanceSpawner",
            "encounterObject" : {
                "EncounterObjectGuid" : "76b654a6-4f2c-4a6f-86e6-d4cf868335fe"
            }
        },
        {
            "name" : "Spawner_DestroyLance",
            "encounterObject" : {
                "EncounterObjectGuid" : "7428ebb5-7169-46f7-807b-f265b6de9914"
            }
        },
        {
            "name" : "LanceSpawner_Turrets_GeneratorAlpha",
            "encounterObject" : {
                "EncounterObjectGuid" : "bf519c5d-525e-4a08-83b8-d0f6f1090ff9"
            }
        },
        {
            "name" : "LanceSpawner_Turrets_GeneratorBravo",
            "encounterObject" : {
                "EncounterObjectGuid" : "61699a08-1ed7-4ac3-b1f3-79b6b671c4ca"
            }
        },
        {
            "name" : "LanceSpawner",
            "encounterObject" : {
                "EncounterObjectGuid" : "6cb23dd1-35b8-4999-9b84-d308b4d59f0d"
            }
        },
        {
            "name" : "LanceSpawner",
            "encounterObject" : {
                "EncounterObjectGuid" : "a3a49a16-136e-41a3-8b1d-24f73dd98a9c"
            }
        },
        {
            "name" : "EnemyLanceSpawner1",
            "encounterObject" : {
                "EncounterObjectGuid" : "c6d3c448-f946-4500-85de-445708d8f6f2"
            }
        },
        {
            "name" : "EnemyLanceSpawner3",
            "encounterObject" : {
                "EncounterObjectGuid" : "45704c74-fa98-4bcd-ab3d-dd2ca270d4b9"
            }
        },
        {
            "name" : "Region_PowerStationA",
            "encounterObject" : {
                "EncounterObjectGuid" : "998e43fe-6d93-43ae-ba5d-eb297c8a3e39"
            }
        },
        {
            "name" : "Region_PowerStationB",
            "encounterObject" : {
                "EncounterObjectGuid" : "8a56bc58-7588-4b55-a843-1daa0a19cd98"
            }
        },
        {
            "name" : "Region_GoToArgo",
            "encounterObject" : {
                "EncounterObjectGuid" : "acf66008-d7b5-41a8-a1f1-db6bd2f46505"
            }
        },
        {
            "name" : "Region_OccupyBoardArgo",
            "encounterObject" : {
                "EncounterObjectGuid" : "a85da736-7a2e-4cc6-aff3-feb9d73fc7e1"
            }
        },
        {
            "name" : "WorldPoint_ArgoFocus",
            "encounterObject" : {
                "EncounterObjectGuid" : "355d8d1d-9963-48cd-8460-ab82621e90c8"
            }
        },
        {
            "name" : "chrPrfVhcl_leopard-MANAGED",
            "encounterObject" : {
                "EncounterObjectGuid" : "370db1f5-4945-4c61-b9c8-7baa1dc6a2fe"
            }
        },
        {
            "name" : "chrPrfVhcl_union-MANAGED",
            "encounterObject" : {
                "EncounterObjectGuid" : "8e74791f-a6fc-4972-b2ba-d95139288da9"
            }
        }
    ],
    "dialogueList" : [
        {
            "dialogue" : {
                "EncounterObjectGuid" : "73df8d9c-a274-48fd-98c9-2bd0d7860e83"
            },
            "name" : "Dialogue_MissionStart",
            "overrideDialogueBucketId" : "",
            "dialogueContent" : [
                {
                    "words" : "Welcome to Axylus, Commander. It's every bit as charming as you'd expect a pirate-occupied moon to be.",
                    "wordsColor" : {
                        "r" : 1,
                        "g" : 1,
                        "b" : 1,
                        "a" : 1
                    },
                    "selectedCastDefId" : "castDef_DariusDefault",
                    "emote" : "Default",
                    "audioName" : "NONE",
                    "cameraFocusGuid" : "",
                    "cameraDistance" : "Far",
                    "cameraHeight" : "Default",
                    "revealRadius" : -1
                },
                {
                    "words" : "You'll find Grim Sybil's radar stations just ahead. Defenses appear to be limited to turrets and ground vehicles\u2014for the time being, at least. We know that Grim Sibil has at least one lance of BattleMechs, so be ready for anything.",
                    "wordsColor" : {
                        "r" : 1,
                        "g" : 1,
                        "b" : 1,
                        "a" : 1
                    },
                    "selectedCastDefId" : "castDef_DariusDefault",
                    "emote" : "Default",
                    "audioName" : "NONE",
                    "cameraFocusGuid" : "83859287-d4db-485e-986a-0b7184e5de0e",
                    "cameraDistance" : "Medium",
                    "cameraHeight" : "Default",
                    "revealRadius" : 100
                },
                {
                    "words" : "Be careful of the pirates' turrets as you make your way into the base. They pack a nasty punch, and they can also sensor lock your 'Mechs. Aim for the turret generators\u2014that'll be the fastest way to neutralize the threat.",
                    "wordsColor" : {
                        "r" : 1,
                        "g" : 1,
                        "b" : 1,
                        "a" : 1
                    },
                    "selectedCastDefId" : "castDef_DariusDefault",
                    "emote" : "Default",
                    "audioName" : "NONE",
                    "cameraFocusGuid" : "f1ade669-a80e-4d98-b334-fbf92ef5f49f",
                    "cameraDistance" : "Close",
                    "cameraHeight" : "Default",
                    "revealRadius" : 50
                },
                {
                    "words" : "After the pirates' radar stations are down, you'll be clear to proceed to the <i>Argo</i>. Good hunting, Commander\u2026 knock out their radar cover, crush any pirate resistance, and secure us that derelict.",
                    "wordsColor" : {
                        "r" : 1,
                        "g" : 1,
                        "b" : 1,
                        "a" : 1
                    },
                    "selectedCastDefId" : "castDef_DariusDefault",
                    "emote" : "Default",
                    "audioName" : "NONE",
                    "cameraFocusGuid" : "355d8d1d-9963-48cd-8460-ab82621e90c8",
                    "cameraDistance" : "Far",
                    "cameraHeight" : "Default",
                    "revealRadius" : 100
                }
            ]
        },
        {
            "dialogue" : {
                "EncounterObjectGuid" : "4011a4c3-cba2-4d22-b2b3-3b19a3297ab9"
            },
            "name" : "Dialogue_MissionSuccess",
            "overrideDialogueBucketId" : "",
            "dialogueContent" : [
                {
                    "words" : "It's done! I can't believe it\u2014it really worked! The engines are online and I have thrust control!",
                    "wordsColor" : {
                        "r" : 1,
                        "g" : 1,
                        "b" : 1,
                        "a" : 1
                    },
                    "selectedCastDefId" : "castDef_FarahDefault",
                    "emote" : "Default",
                    "audioName" : "NONE",
                    "cameraFocusGuid" : "",
                    "cameraDistance" : "Far",
                    "cameraHeight" : "Default",
                    "revealRadius" : -1
                },
                {
                    "words" : "Go now, celebrate later!",
                    "wordsColor" : {
                        "r" : 1,
                        "g" : 1,
                        "b" : 1,
                        "a" : 1
                    },
                    "selectedCastDefId" : "castDef_DariusDefault",
                    "emote" : "Default",
                    "audioName" : "NONE",
                    "cameraFocusGuid" : "",
                    "cameraDistance" : "Far",
                    "cameraHeight" : "Default",
                    "revealRadius" : -1
                },
                {
                    "words" : "Roger that! Hang on, Commander\u2026 for the first time in two centuries, this beast is going to fly!",
                    "wordsColor" : {
                        "r" : 1,
                        "g" : 1,
                        "b" : 1,
                        "a" : 1
                    },
                    "selectedCastDefId" : "castDef_FarahDefault",
                    "emote" : "Default",
                    "audioName" : "NONE",
                    "cameraFocusGuid" : "",
                    "cameraDistance" : "Far",
                    "cameraHeight" : "Default",
                    "revealRadius" : -1
                }
            ]
        },
        {
            "dialogue" : {
                "EncounterObjectGuid" : "d3d33d95-9ed7-4686-b9eb-954ebe51cc02"
            },
            "name" : "Dialogue_MissionFailure",
            "overrideDialogueBucketId" : "",
            "dialogueContent" : [
                
            ]
        },
        {
            "dialogue" : {
                "EncounterObjectGuid" : "2a4fc199-5f52-4750-8cd1-deba08f7ce1e"
            },
            "name" : "Gen_EncounterDialogue",
            "overrideDialogueBucketId" : "",
            "dialogueContent" : [
                
            ]
        },
        {
            "dialogue" : {
                "EncounterObjectGuid" : "8fed276d-2624-40ec-b6a8-55f55cfcd38e"
            },
            "name" : "Async_FirstGeneratorDown",
            "overrideDialogueBucketId" : "",
            "dialogueContent" : [
                {
                    "words" : "They've knocked out HALF of our DAMNED RADAR COVER! You'd better get those LRMs online NOW, or you're gonna learn what a bellyful of laser fire feels like!",
                    "wordsColor" : {
                        "r" : 1,
                        "g" : 1,
                        "b" : 1,
                        "a" : 1
                    },
                    "selectedCastDefId" : "castDef_SE03_PirateLeaderDefault",
                    "emote" : "Default",
                    "audioName" : "m030_070_pirate",
                    "cameraFocusGuid" : "",
                    "cameraDistance" : "Far",
                    "cameraHeight" : "Default",
                    "revealRadius" : 0
                }
            ]
        },
        {
            "dialogue" : {
                "EncounterObjectGuid" : "0b2363f9-931b-4922-9f76-bd90e15b1909"
            },
            "name" : "Inter_GeneratorsDown",
            "overrideDialogueBucketId" : "",
            "dialogueContent" : [
                {
                    "words" : "That's done it, Commander! The AA guns are down\u2014for now. Get to the crash site and secure the area!",
                    "wordsColor" : {
                        "r" : 1,
                        "g" : 1,
                        "b" : 1,
                        "a" : 1
                    },
                    "selectedCastDefId" : "castDef_DariusDefault",
                    "emote" : "Default",
                    "audioName" : "NONE",
                    "cameraFocusGuid" : "",
                    "cameraDistance" : "Far",
                    "cameraHeight" : "Default",
                    "revealRadius" : 0
                }
            ]
        },
        {
            "dialogue" : {
                "EncounterObjectGuid" : "3ff1c130-8f9e-4af7-a10a-78e7969dcadf"
            },
            "name" : "Async_FirstContact",
            "overrideDialogueBucketId" : "",
            "dialogueContent" : [
                {
                    "words" : "[static] Is no one else seeing this?! Wake up, you [static] \u2014iots, we've got company! [static]",
                    "wordsColor" : {
                        "r" : 1,
                        "g" : 1,
                        "b" : 1,
                        "a" : 1
                    },
                    "selectedCastDefId" : "castDef_SE03_PirateLeaderDefault",
                    "emote" : "Default",
                    "audioName" : "m030_090_pirate",
                    "cameraFocusGuid" : "",
                    "cameraDistance" : "Far",
                    "cameraHeight" : "Default",
                    "revealRadius" : 0
                },
                {
                    "words" : "They're driving... <i>giant</i>... BattleMechs. We can't fight against\u2014 [gunshot]",
                    "wordsColor" : {
                        "r" : 1,
                        "g" : 1,
                        "b" : 1,
                        "a" : 1
                    },
                    "selectedCastDefId" : "castDef_SE03_PirateLackeyDefault",
                    "emote" : "Default",
                    "audioName" : "m030_092_pirate_2",
                    "cameraFocusGuid" : "",
                    "cameraDistance" : "Far",
                    "cameraHeight" : "Default",
                    "revealRadius" : -1
                },
                {
                    "words" : "Any more objections? Good. Then get out there and FIGHT!",
                    "wordsColor" : {
                        "r" : 1,
                        "g" : 1,
                        "b" : 1,
                        "a" : 1
                    },
                    "selectedCastDefId" : "castDef_SE03_PirateLeaderDefault",
                    "emote" : "Default",
                    "audioName" : "m030_094_pirate",
                    "cameraFocusGuid" : "",
                    "cameraDistance" : "Far",
                    "cameraHeight" : "Default",
                    "revealRadius" : -1
                }
            ]
        },
        {
            "dialogue" : {
                "EncounterObjectGuid" : "817373b7-ca4f-4823-b9a3-9f7754b2dc6a"
            },
            "name" : "Inter_ArgoReached",
            "overrideDialogueBucketId" : "",
            "dialogueContent" : [
                {
                    "words" : "The crash site is secure! Sumire, you've got a clear approach path to the derelict.",
                    "wordsColor" : {
                        "r" : 1,
                        "g" : 1,
                        "b" : 1,
                        "a" : 1
                    },
                    "selectedCastDefId" : "castDef_DariusDefault",
                    "emote" : "Default",
                    "audioName" : "NONE",
                    "cameraFocusGuid" : "355d8d1d-9963-48cd-8460-ab82621e90c8",
                    "cameraDistance" : "Far",
                    "cameraHeight" : "High",
                    "revealRadius" : 0
                },
                {
                    "words" : "Two steps ahead of you, XO. Watch yourself, Commander\u2014I'm coming in hot!",
                    "wordsColor" : {
                        "r" : 1,
                        "g" : 1,
                        "b" : 1,
                        "a" : 1
                    },
                    "selectedCastDefId" : "castDef_SumireDefault",
                    "emote" : "Default",
                    "audioName" : "NONE",
                    "cameraFocusGuid" : "",
                    "cameraDistance" : "Far",
                    "cameraHeight" : "High",
                    "revealRadius" : 0
                }
            ]
        },
        {
            "dialogue" : {
                "EncounterObjectGuid" : "51b2b150-fd1b-455b-92b7-e0189c3eb8ac"
            },
            "name" : "Inter_ArgoReachedLanding",
            "overrideDialogueBucketId" : "",
            "dialogueContent" : [
                {
                    "words" : "The package is delivered, XO. I'm taking the Leopard to a safe distance before the pirates can get their guns running again.",
                    "wordsColor" : {
                        "r" : 1,
                        "g" : 1,
                        "b" : 1,
                        "a" : 1
                    },
                    "selectedCastDefId" : "castDef_SumireDefault",
                    "emote" : "Default",
                    "audioName" : "NONE",
                    "cameraFocusGuid" : "",
                    "cameraDistance" : "Far",
                    "cameraHeight" : "Default",
                    "revealRadius" : -1
                },
                {
                    "words" : "Roger that, Meyer. Dr. Murad, your team is clear to enter the derelict.",
                    "wordsColor" : {
                        "r" : 1,
                        "g" : 1,
                        "b" : 1,
                        "a" : 1
                    },
                    "selectedCastDefId" : "castDef_DariusDefault",
                    "emote" : "Default",
                    "audioName" : "NONE",
                    "cameraFocusGuid" : "",
                    "cameraDistance" : "Far",
                    "cameraHeight" : "Default",
                    "revealRadius" : -1
                },
                {
                    "words" : "I hear you, Mr. Oliveira! We're making our way inside now!",
                    "wordsColor" : {
                        "r" : 1,
                        "g" : 1,
                        "b" : 1,
                        "a" : 1
                    },
                    "selectedCastDefId" : "castDef_FarahDefault",
                    "emote" : "Default",
                    "audioName" : "NONE",
                    "cameraFocusGuid" : "",
                    "cameraDistance" : "Far",
                    "cameraHeight" : "Default",
                    "revealRadius" : -1
                }
            ]
        },
        {
            "dialogue" : {
                "EncounterObjectGuid" : "66bbba0a-356e-4dc6-afe5-797f4f9b79ed"
            },
            "name" : "Async_ArgoReachedPostLanding",
            "overrideDialogueBucketId" : "",
            "dialogueContent" : [
                {
                    "words" : "All right, people, you know what to do. Marines, please clear the ship of pirates!",
                    "wordsColor" : {
                        "r" : 1,
                        "g" : 1,
                        "b" : 1,
                        "a" : 1
                    },
                    "selectedCastDefId" : "castDef_FarahDefault",
                    "emote" : "Default",
                    "audioName" : "m030_140_farah",
                    "cameraFocusGuid" : "",
                    "cameraDistance" : "Far",
                    "cameraHeight" : "Default",
                    "revealRadius" : 0
                },
                {
                    "words" : "With pleasure, Dr. Murad.",
                    "wordsColor" : {
                        "r" : 1,
                        "g" : 1,
                        "b" : 1,
                        "a" : 1
                    },
                    "selectedCastDefId" : "castDef_SE03_CanopianMarineDefault",
                    "emote" : "Default",
                    "audioName" : "m030_150_guardsman",
                    "cameraFocusGuid" : "",
                    "cameraDistance" : "Far",
                    "cameraHeight" : "Default",
                    "revealRadius" : 0
                }
            ]
        },
        {
            "dialogue" : {
                "EncounterObjectGuid" : "fbaa78e1-a2df-472e-96ac-6f5ac45a5993"
            },
            "name" : "Inter_PirateLeaderEmerges",
            "overrideDialogueBucketId" : "",
            "dialogueContent" : [
                {
                    "words" : "You think you're gonna steal my ship, you miserable little scrub?! NOBODY steals from Grim Sybil! I'm gonna CARVE you like a ROASTED PIG!",
                    "wordsColor" : {
                        "r" : 1,
                        "g" : 1,
                        "b" : 1,
                        "a" : 1
                    },
                    "selectedCastDefId" : "castDef_SE03_PirateLeaderDefault",
                    "emote" : "Default",
                    "audioName" : "NONE",
                    "cameraFocusGuid" : "b7f28958-b122-4515-b7b1-ded84931303d",
                    "cameraDistance" : "Close",
                    "cameraHeight" : "Default",
                    "revealRadius" : 50
                },
                {
                    "words" : "That's a big 'Mech.",
                    "wordsColor" : {
                        "r" : 1,
                        "g" : 1,
                        "b" : 1,
                        "a" : 1
                    },
                    "selectedCastDefId" : "castDef_DariusDefault",
                    "emote" : "Default",
                    "audioName" : "NONE",
                    "cameraFocusGuid" : "b7f28958-b122-4515-b7b1-ded84931303d",
                    "cameraDistance" : "Close",
                    "cameraHeight" : "Default",
                    "revealRadius" : 50
                },
                {
                    "words" : "Yeah, but it's in terrible condition. Concentrate your fire, and you should be able to take it.",
                    "wordsColor" : {
                        "r" : 1,
                        "g" : 1,
                        "b" : 1,
                        "a" : 1
                    },
                    "selectedCastDefId" : "castDef_YangDefault",
                    "emote" : "Default",
                    "audioName" : "NONE",
                    "cameraFocusGuid" : "",
                    "cameraDistance" : "Far",
                    "cameraHeight" : "Default",
                    "revealRadius" : 0
                }
            ]
        },
        {
            "dialogue" : {
                "EncounterObjectGuid" : "7a8d74cf-264d-43ea-8cbc-be78e6ff6f55"
            },
            "name" : "Async_Farah_MarinesFightingPirates",
            "overrideDialogueBucketId" : "",
            "dialogueContent" : [
                {
                    "words" : "[burst of gunfire] [screaming] Engineering room clear, Dr. Murad. We're pushing forward.",
                    "wordsColor" : {
                        "r" : 1,
                        "g" : 1,
                        "b" : 1,
                        "a" : 1
                    },
                    "selectedCastDefId" : "castDef_SE03_CanopianMarineDefault",
                    "emote" : "Default",
                    "audioName" : "m030_170_guardsman",
                    "cameraFocusGuid" : "",
                    "cameraDistance" : "Far",
                    "cameraHeight" : "Default",
                    "revealRadius" : 0
                },
                {
                    "words" : "Do it! Mechanics, engineers\u2014to your stations, you know the drill! \u2026And mind the pools of blood.",
                    "wordsColor" : {
                        "r" : 1,
                        "g" : 1,
                        "b" : 1,
                        "a" : 1
                    },
                    "selectedCastDefId" : "castDef_FarahDefault",
                    "emote" : "Default",
                    "audioName" : "m030_180_farah",
                    "cameraFocusGuid" : "",
                    "cameraDistance" : "Far",
                    "cameraHeight" : "Default",
                    "revealRadius" : 0
                }
            ]
        },
        {
            "dialogue" : {
                "EncounterObjectGuid" : "cba5d2e9-fe85-436a-b327-8424bebd782a"
            },
            "name" : "Async_Farah_EngineersDying",
            "overrideDialogueBucketId" : "",
            "dialogueContent" : [
                {
                    "words" : "[static] Dr. Murad, the pirates have Alpha Squad pinned down in the <i>Argo</i>'s main hallway. Bravo Squad... Bravo Squad is holding the door to Engineering, but you'd better hurry up!",
                    "wordsColor" : {
                        "r" : 1,
                        "g" : 1,
                        "b" : 1,
                        "a" : 1
                    },
                    "selectedCastDefId" : "castDef_SE03_CanopianMarineDefault",
                    "emote" : "Default",
                    "audioName" : "m030_190_guardsman",
                    "cameraFocusGuid" : "",
                    "cameraDistance" : "Far",
                    "cameraHeight" : "Default",
                    "revealRadius" : 0
                },
                {
                    "words" : "Sergeant? Talk to me!",
                    "wordsColor" : {
                        "r" : 1,
                        "g" : 1,
                        "b" : 1,
                        "a" : 1
                    },
                    "selectedCastDefId" : "castDef_FarahDefault",
                    "emote" : "Default",
                    "audioName" : "m030_200_farah",
                    "cameraFocusGuid" : "",
                    "cameraDistance" : "Far",
                    "cameraHeight" : "Default",
                    "revealRadius" : 0
                },
                {
                    "words" : "[static] [unintelligible sound] [static]",
                    "wordsColor" : {
                        "r" : 1,
                        "g" : 1,
                        "b" : 1,
                        "a" : 1
                    },
                    "selectedCastDefId" : "castDef_SE03_CanopianMarineDefault",
                    "emote" : "Default",
                    "audioName" : "m030_210_guardsman",
                    "cameraFocusGuid" : "",
                    "cameraDistance" : "Far",
                    "cameraHeight" : "Default",
                    "revealRadius" : 0
                }
            ]
        },
        {
            "dialogue" : {
                "EncounterObjectGuid" : "e2a4033b-cdcc-4348-83ff-8bfee6165b26"
            },
            "name" : "Async_Farah_PiratesClearedOut_LostEngineers",
            "overrideDialogueBucketId" : "",
            "dialogueContent" : [
                {
                    "words" : "Dr. Murad, what's happening in there? Come in, Doctor!",
                    "wordsColor" : {
                        "r" : 1,
                        "g" : 1,
                        "b" : 1,
                        "a" : 1
                    },
                    "selectedCastDefId" : "castDef_DariusDefault",
                    "emote" : "Default",
                    "audioName" : "m030_220_darius",
                    "cameraFocusGuid" : "",
                    "cameraDistance" : "Far",
                    "cameraHeight" : "Default",
                    "revealRadius" : 0
                },
                {
                    "words" : "A little busy! The pirates are dead\u2026 [sounds of exertion] \u2026but so are half of my engineers\u2026 [loud banging sound] \u2026it's an unholy mess in here, bodies everywhere\u2026 [electrical crackling noise]",
                    "wordsColor" : {
                        "r" : 1,
                        "g" : 1,
                        "b" : 1,
                        "a" : 1
                    },
                    "selectedCastDefId" : "castDef_FarahDefault",
                    "emote" : "Default",
                    "audioName" : "m030_230_farah",
                    "cameraFocusGuid" : "",
                    "cameraDistance" : "Far",
                    "cameraHeight" : "Default",
                    "revealRadius" : 0
                },
                {
                    "words" : "Can you get the ship flying again? I need an update!",
                    "wordsColor" : {
                        "r" : 1,
                        "g" : 1,
                        "b" : 1,
                        "a" : 1
                    },
                    "selectedCastDefId" : "castDef_DariusDefault",
                    "emote" : "Default",
                    "audioName" : "m030_240_darius",
                    "cameraFocusGuid" : "",
                    "cameraDistance" : "Far",
                    "cameraHeight" : "Default",
                    "revealRadius" : 0
                },
                {
                    "words" : "Look, do you want me to talk, or do you want me to fix the damned ship? You do your job, and I'll do mine!",
                    "wordsColor" : {
                        "r" : 1,
                        "g" : 1,
                        "b" : 1,
                        "a" : 1
                    },
                    "selectedCastDefId" : "castDef_FarahDefault",
                    "emote" : "Default",
                    "audioName" : "m030_250_farah",
                    "cameraFocusGuid" : "",
                    "cameraDistance" : "Far",
                    "cameraHeight" : "Default",
                    "revealRadius" : 0
                }
            ]
        },
        {
            "dialogue" : {
                "EncounterObjectGuid" : "b4d2764a-b2c0-4d8f-9649-a1f5eea1441f"
            },
            "name" : "Inter_GetToArgo",
            "overrideDialogueBucketId" : "",
            "dialogueContent" : [
                {
                    "words" : "Get your lance to the <i>Argo</i>, Commander! I'm just\u2026 about\u2026 done\u2026",
                    "wordsColor" : {
                        "r" : 1,
                        "g" : 1,
                        "b" : 1,
                        "a" : 1
                    },
                    "selectedCastDefId" : "castDef_FarahDefault",
                    "emote" : "Default",
                    "audioName" : "NONE",
                    "cameraFocusGuid" : "",
                    "cameraDistance" : "Far",
                    "cameraHeight" : "Default",
                    "revealRadius" : -1
                }
            ]
        },
        {
            "dialogue" : {
                "EncounterObjectGuid" : "c0d24768-9a44-4dca-babb-2dc861d422e3"
            },
            "name" : "Async_PirateLeaderDies",
            "overrideDialogueBucketId" : "",
            "dialogueContent" : [
                {
                    "words" : "No! This moon is MINE, you CAN'T\u2014 [static] [scream] [static]",
                    "wordsColor" : {
                        "r" : 1,
                        "g" : 1,
                        "b" : 1,
                        "a" : 1
                    },
                    "selectedCastDefId" : "castDef_SE03_PirateLeaderDefault",
                    "emote" : "Default",
                    "audioName" : "m030_300_enemycaptain",
                    "cameraFocusGuid" : "",
                    "cameraDistance" : "Far",
                    "cameraHeight" : "Default",
                    "revealRadius" : -1
                }
            ]
        }
    ],
    "disableNegotations" : true,
    "disableLanceConfiguration" : false,
    "disableCancelButton" : false,
    "disableAfterAction" : false,
    "contractRewardOverride" : 1920000,
    "travelOnly" : false,
    "useTravelCostPenalty" : false,
    "usesExpiration" : false,
    "expirationTimeOverride" : -1,
    "negotiatedSalary" : 0.5,
    "negotiatedSalvage" : 0.5,
    "player1Team" : {
        "encounterLayerData" : {
            "EncounterObjectGuid" : "db6084a0-f9e2-424f-ba17-837ce1cb1d62"
        },
        "teamGuid" : "bf40fd39-ccf9-47c4-94a6-061809681140",
        "teamName" : "Player 1",
        "faction" : "Player1sMercUnit",
        "teamLeaderCastDefId" : "castDef_TeamLeader_Current",
        "lanceOverrideList" : [
            {
                "lanceSpawner" : {
                    "EncounterObjectGuid" : "76b654a6-4f2c-4a6f-86e6-d4cf868335fe"
                },
                "name" : "PlayerLanceSpawner",
                "lanceDefId" : "Manual",
                "lanceTagSet" : {
                    "items" : [
                        
                    ],
                    "tagSetSourceFile" : ""
                },
                "lanceExcludedTagSet" : {
                    "items" : [
                        
                    ],
                    "tagSetSourceFile" : "Tags/LanceTags"
                },
                "spawnEffectTags" : {
                    "items" : [
                        
                    ],
                    "tagSetSourceFile" : "Tags/SpawnEffectTags"
                },
                "lanceDifficultyAdjustment" : 0,
                "selectedLanceDefId" : null,
                "selectedLanceDifficulty" : 0,
                "unitSpawnPointOverrideList" : [
                    {
                        "unitSpawnPoint" : {
                            "EncounterObjectGuid" : "ec9d2280-ca9a-4d90-8a20-963d8a4c0a39"
                        },
                        "customUnitName" : "",
                        "customHeraldryDefId" : "",
                        "unitType" : "UNDEFINED",
                        "unitDefId" : "",
                        "unitTagSet" : {
                            "items" : [
                                
                            ],
                            "tagSetSourceFile" : ""
                        },
                        "unitExcludedTagSet" : {
                            "items" : [
                                
                            ],
                            "tagSetSourceFile" : "Tags/UnitTags"
                        },
                        "spawnEffectTags" : {
                            "items" : [
                                
                            ],
                            "tagSetSourceFile" : "Tags/SpawnEffectTags"
                        },
                        "pilotDefId" : "pilot_default",
                        "pilotTagSet" : {
                            "items" : [
                                
                            ],
                            "tagSetSourceFile" : ""
                        },
                        "pilotExcludedTagSet" : {
                            "items" : [
                                
                            ],
                            "tagSetSourceFile" : "Tags/PilotTags"
                        },
                        "selectedUnitType" : "UNDEFINED",
                        "selectedUnitDefId" : null,
                        "selectedPilotDefId" : null
                    },
                    {
                        "unitSpawnPoint" : {
                            "EncounterObjectGuid" : "ebc06b6a-c5a8-4165-95ce-480bcf335570"
                        },
                        "customUnitName" : "",
                        "customHeraldryDefId" : "",
                        "unitType" : "UNDEFINED",
                        "unitDefId" : "",
                        "unitTagSet" : {
                            "items" : [
                                
                            ],
                            "tagSetSourceFile" : ""
                        },
                        "unitExcludedTagSet" : {
                            "items" : [
                                
                            ],
                            "tagSetSourceFile" : "Tags/UnitTags"
                        },
                        "spawnEffectTags" : {
                            "items" : [
                                
                            ],
                            "tagSetSourceFile" : "Tags/SpawnEffectTags"
                        },
                        "pilotDefId" : "pilot_default",
                        "pilotTagSet" : {
                            "items" : [
                                
                            ],
                            "tagSetSourceFile" : ""
                        },
                        "pilotExcludedTagSet" : {
                            "items" : [
                                
                            ],
                            "tagSetSourceFile" : "Tags/PilotTags"
                        },
                        "selectedUnitType" : "UNDEFINED",
                        "selectedUnitDefId" : null,
                        "selectedPilotDefId" : null
                    },
                    {
                        "unitSpawnPoint" : {
                            "EncounterObjectGuid" : "d50f1e9d-0a0b-4dc8-9a06-a33233aaa8a1"
                        },
                        "customUnitName" : "",
                        "customHeraldryDefId" : "",
                        "unitType" : "UNDEFINED",
                        "unitDefId" : "",
                        "unitTagSet" : {
                            "items" : [
                                
                            ],
                            "tagSetSourceFile" : ""
                        },
                        "unitExcludedTagSet" : {
                            "items" : [
                                
                            ],
                            "tagSetSourceFile" : "Tags/UnitTags"
                        },
                        "spawnEffectTags" : {
                            "items" : [
                                
                            ],
                            "tagSetSourceFile" : "Tags/SpawnEffectTags"
                        },
                        "pilotDefId" : "pilot_default",
                        "pilotTagSet" : {
                            "items" : [
                                
                            ],
                            "tagSetSourceFile" : ""
                        },
                        "pilotExcludedTagSet" : {
                            "items" : [
                                
                            ],
                            "tagSetSourceFile" : "Tags/PilotTags"
                        },
                        "selectedUnitType" : "UNDEFINED",
                        "selectedUnitDefId" : null,
                        "selectedPilotDefId" : null
                    },
                    {
                        "unitSpawnPoint" : {
                            "EncounterObjectGuid" : "461141c2-f956-49a5-b2c6-6f951b957a94"
                        },
                        "customUnitName" : "",
                        "customHeraldryDefId" : "",
                        "unitType" : "UNDEFINED",
                        "unitDefId" : "",
                        "unitTagSet" : {
                            "items" : [
                                
                            ],
                            "tagSetSourceFile" : ""
                        },
                        "unitExcludedTagSet" : {
                            "items" : [
                                
                            ],
                            "tagSetSourceFile" : "Tags/UnitTags"
                        },
                        "spawnEffectTags" : {
                            "items" : [
                                
                            ],
                            "tagSetSourceFile" : "Tags/SpawnEffectTags"
                        },
                        "pilotDefId" : "pilot_default",
                        "pilotTagSet" : {
                            "items" : [
                                
                            ],
                            "tagSetSourceFile" : ""
                        },
                        "pilotExcludedTagSet" : {
                            "items" : [
                                
                            ],
                            "tagSetSourceFile" : "Tags/PilotTags"
                        },
                        "selectedUnitType" : "UNDEFINED",
                        "selectedUnitDefId" : null,
                        "selectedPilotDefId" : null
                    }
                ]
            }
        ]
    },
    "player2Team" : {
        "encounterLayerData" : {
            "EncounterObjectGuid" : "db6084a0-f9e2-424f-ba17-837ce1cb1d62"
        },
        "teamGuid" : "757173dd-b4e1-4bb5-9bee-d78e623cc867",
        "teamName" : "Player 2",
        "faction" : "Player2sMercUnit",
        "teamLeaderCastDefId" : "castDef_TeamLeader_Current",
        "lanceOverrideList" : [
            
        ]
    },
    "employerTeam" : {
        "encounterLayerData" : {
            "EncounterObjectGuid" : "db6084a0-f9e2-424f-ba17-837ce1cb1d62"
        },
        "teamGuid" : "ecc8d4f2-74b4-465d-adf6-84445e5dfc230",
        "teamName" : "Employer",
        "faction" : "MagistracyCentrella",
        "teamLeaderCastDefId" : "castDef_TeamLeader_Current",
        "lanceOverrideList" : [
            
        ]
    },
    "targetTeam" : {
        "encounterLayerData" : {
            "EncounterObjectGuid" : "db6084a0-f9e2-424f-ba17-837ce1cb1d62"
        },
        "teamGuid" : "be77cadd-e245-4240-a93e-b99cc98902a5",
        "teamName" : "Target",
        "faction" : "AuriganPirates",
        "teamLeaderCastDefId" : "castDef_TeamLeader_Current",
        "lanceOverrideList" : [
            {
                "lanceSpawner" : {
                    "EncounterObjectGuid" : "7428ebb5-7169-46f7-807b-f265b6de9914"
                },
                "name" : "Spawner_DestroyLance",
                "lanceDefId" : "Manual",
                "lanceTagSet" : {
                    "items" : [
                        
                    ],
                    "tagSetSourceFile" : ""
                },
                "lanceExcludedTagSet" : {
                    "items" : [
                        
                    ],
                    "tagSetSourceFile" : "Tags/LanceTags"
                },
                "spawnEffectTags" : {
                    "items" : [
                        "spawn_poorly_maintained_50"
                    ],
                    "tagSetSourceFile" : "Tags/SpawnEffectTags"
                },
                "lanceDifficultyAdjustment" : 0,
                "selectedLanceDefId" : null,
                "selectedLanceDifficulty" : 0,
                "unitSpawnPointOverrideList" : [
                    {
                        "unitSpawnPoint" : {
                            "EncounterObjectGuid" : "5d39b0c2-0050-4cf2-a782-7c5c07618a29"
                        },
                        "customUnitName" : "",
                        "customHeraldryDefId" : "",
                        "unitType" : "Vehicle",
                        "unitDefId" : "vehicledef_STRIKER",
                        "unitTagSet" : {
                            "items" : [
                                
                            ],
                            "tagSetSourceFile" : ""
                        },
                        "unitExcludedTagSet" : {
                            "items" : [
                                
                            ],
                            "tagSetSourceFile" : "Tags/UnitTags"
                        },
                        "spawnEffectTags" : {
                            "items" : [
                                
                            ],
                            "tagSetSourceFile" : "Tags/SpawnEffectTags"
                        },
                        "pilotDefId" : "pilot_d4_pilot",
                        "pilotTagSet" : {
                            "items" : [
                                
                            ],
                            "tagSetSourceFile" : ""
                        },
                        "pilotExcludedTagSet" : {
                            "items" : [
                                
                            ],
                            "tagSetSourceFile" : "Tags/PilotTags"
                        },
                        "selectedUnitType" : "UNDEFINED",
                        "selectedUnitDefId" : null,
                        "selectedPilotDefId" : null
                    },
                    {
                        "unitSpawnPoint" : {
                            "EncounterObjectGuid" : "9ecf0a62-9e81-4efc-aa20-e66c26fa25af"
                        },
                        "customUnitName" : "",
                        "customHeraldryDefId" : "",
                        "unitType" : "Vehicle",
                        "unitDefId" : "vehicledef_BULLDOG",
                        "unitTagSet" : {
                            "items" : [
                                
                            ],
                            "tagSetSourceFile" : ""
                        },
                        "unitExcludedTagSet" : {
                            "items" : [
                                
                            ],
                            "tagSetSourceFile" : "Tags/UnitTags"
                        },
                        "spawnEffectTags" : {
                            "items" : [
                                
                            ],
                            "tagSetSourceFile" : "Tags/SpawnEffectTags"
                        },
                        "pilotDefId" : "pilot_d4_pilot",
                        "pilotTagSet" : {
                            "items" : [
                                
                            ],
                            "tagSetSourceFile" : ""
                        },
                        "pilotExcludedTagSet" : {
                            "items" : [
                                
                            ],
                            "tagSetSourceFile" : "Tags/PilotTags"
                        },
                        "selectedUnitType" : "UNDEFINED",
                        "selectedUnitDefId" : null,
                        "selectedPilotDefId" : null
                    },
                    {
                        "unitSpawnPoint" : {
                            "EncounterObjectGuid" : "e5512a67-0253-4f52-852f-08f6ea49c02e"
                        },
                        "customUnitName" : "",
                        "customHeraldryDefId" : "",
                        "unitType" : "Vehicle",
                        "unitDefId" : "vehicledef_SCORPION",
                        "unitTagSet" : {
                            "items" : [
                                
                            ],
                            "tagSetSourceFile" : ""
                        },
                        "unitExcludedTagSet" : {
                            "items" : [
                                
                            ],
                            "tagSetSourceFile" : "Tags/UnitTags"
                        },
                        "spawnEffectTags" : {
                            "items" : [
                                
                            ],
                            "tagSetSourceFile" : "Tags/SpawnEffectTags"
                        },
                        "pilotDefId" : "pilot_d4_pilot",
                        "pilotTagSet" : {
                            "items" : [
                                
                            ],
                            "tagSetSourceFile" : ""
                        },
                        "pilotExcludedTagSet" : {
                            "items" : [
                                
                            ],
                            "tagSetSourceFile" : "Tags/PilotTags"
                        },
                        "selectedUnitType" : "UNDEFINED",
                        "selectedUnitDefId" : null,
                        "selectedPilotDefId" : null
                    },
                    {
                        "unitSpawnPoint" : {
                            "EncounterObjectGuid" : "4bdda234-3640-4129-aee4-9d0c890b297d"
                        },
                        "customUnitName" : "",
                        "customHeraldryDefId" : "",
                        "unitType" : "Vehicle",
                        "unitDefId" : "vehicledef_STRIKER",
                        "unitTagSet" : {
                            "items" : [
                                
                            ],
                            "tagSetSourceFile" : ""
                        },
                        "unitExcludedTagSet" : {
                            "items" : [
                                
                            ],
                            "tagSetSourceFile" : "Tags/UnitTags"
                        },
                        "spawnEffectTags" : {
                            "items" : [
                                
                            ],
                            "tagSetSourceFile" : "Tags/SpawnEffectTags"
                        },
                        "pilotDefId" : "pilot_d4_pilot",
                        "pilotTagSet" : {
                            "items" : [
                                
                            ],
                            "tagSetSourceFile" : ""
                        },
                        "pilotExcludedTagSet" : {
                            "items" : [
                                
                            ],
                            "tagSetSourceFile" : "Tags/PilotTags"
                        },
                        "selectedUnitType" : "UNDEFINED",
                        "selectedUnitDefId" : null,
                        "selectedPilotDefId" : null
                    },
                    {
                        "unitSpawnPoint" : {
                            "EncounterObjectGuid" : "65c3a964-c54b-482d-81ab-81c4619bfca5"
                        },
                        "customUnitName" : "",
                        "customHeraldryDefId" : "",
                        "unitType" : "Vehicle",
                        "unitDefId" : "vehicledef_SCORPION",
                        "unitTagSet" : {
                            "items" : [
                                
                            ],
                            "tagSetSourceFile" : ""
                        },
                        "unitExcludedTagSet" : {
                            "items" : [
                                
                            ],
                            "tagSetSourceFile" : "Tags/UnitTags"
                        },
                        "spawnEffectTags" : {
                            "items" : [
                                
                            ],
                            "tagSetSourceFile" : "Tags/SpawnEffectTags"
                        },
                        "pilotDefId" : "pilot_d4_pilot",
                        "pilotTagSet" : {
                            "items" : [
                                
                            ],
                            "tagSetSourceFile" : ""
                        },
                        "pilotExcludedTagSet" : {
                            "items" : [
                                
                            ],
                            "tagSetSourceFile" : "Tags/PilotTags"
                        },
                        "selectedUnitType" : "UNDEFINED",
                        "selectedUnitDefId" : null,
                        "selectedPilotDefId" : null
                    }
                ]
            },
            {
                "lanceSpawner" : {
                    "EncounterObjectGuid" : "bf519c5d-525e-4a08-83b8-d0f6f1090ff9"
                },
                "name" : "LanceSpawner_Turrets_GeneratorAlpha",
                "lanceDefId" : "Manual",
                "lanceTagSet" : {
                    "items" : [
                        
                    ],
                    "tagSetSourceFile" : ""
                },
                "lanceExcludedTagSet" : {
                    "items" : [
                        
                    ],
                    "tagSetSourceFile" : "Tags/LanceTags"
                },
                "spawnEffectTags" : {
                    "items" : [
                        
                    ],
                    "tagSetSourceFile" : "Tags/SpawnEffectTags"
                },
                "lanceDifficultyAdjustment" : 0,
                "selectedLanceDefId" : null,
                "selectedLanceDifficulty" : 0,
                "unitSpawnPointOverrideList" : [
                    {
                        "unitSpawnPoint" : {
                            "EncounterObjectGuid" : "f03ff4ba-8edf-428d-8f60-70ebf6a8e9e8"
                        },
                        "customUnitName" : "",
                        "customHeraldryDefId" : "",
                        "unitType" : "Turret",
                        "unitDefId" : "turretdef_Light_Laser",
                        "unitTagSet" : {
                            "items" : [
                                
                            ],
                            "tagSetSourceFile" : ""
                        },
                        "unitExcludedTagSet" : {
                            "items" : [
                                
                            ],
                            "tagSetSourceFile" : "Tags/UnitTags"
                        },
                        "spawnEffectTags" : {
                            "items" : [
                                
                            ],
                            "tagSetSourceFile" : "Tags/SpawnEffectTags"
                        },
                        "pilotDefId" : "pilot_d4_turret",
                        "pilotTagSet" : {
                            "items" : [
                                
                            ],
                            "tagSetSourceFile" : ""
                        },
                        "pilotExcludedTagSet" : {
                            "items" : [
                                
                            ],
                            "tagSetSourceFile" : "Tags/PilotTags"
                        },
                        "selectedUnitType" : "UNDEFINED",
                        "selectedUnitDefId" : null,
                        "selectedPilotDefId" : null
                    },
                    {
                        "unitSpawnPoint" : {
                            "EncounterObjectGuid" : "77801674-45cb-411c-acd6-7346e27869e1"
                        },
                        "customUnitName" : "",
                        "customHeraldryDefId" : "",
                        "unitType" : "Turret",
                        "unitDefId" : "turretdef_Light_Laser",
                        "unitTagSet" : {
                            "items" : [
                                
                            ],
                            "tagSetSourceFile" : ""
                        },
                        "unitExcludedTagSet" : {
                            "items" : [
                                
                            ],
                            "tagSetSourceFile" : "Tags/UnitTags"
                        },
                        "spawnEffectTags" : {
                            "items" : [
                                
                            ],
                            "tagSetSourceFile" : "Tags/SpawnEffectTags"
                        },
                        "pilotDefId" : "pilot_d4_turret",
                        "pilotTagSet" : {
                            "items" : [
                                
                            ],
                            "tagSetSourceFile" : ""
                        },
                        "pilotExcludedTagSet" : {
                            "items" : [
                                
                            ],
                            "tagSetSourceFile" : "Tags/PilotTags"
                        },
                        "selectedUnitType" : "UNDEFINED",
                        "selectedUnitDefId" : null,
                        "selectedPilotDefId" : null
                    }
                ]
            },
            {
                "lanceSpawner" : {
                    "EncounterObjectGuid" : "61699a08-1ed7-4ac3-b1f3-79b6b671c4ca"
                },
                "name" : "LanceSpawner_Turrets_GeneratorBravo",
                "lanceDefId" : "Manual",
                "lanceTagSet" : {
                    "items" : [
                        
                    ],
                    "tagSetSourceFile" : ""
                },
                "lanceExcludedTagSet" : {
                    "items" : [
                        
                    ],
                    "tagSetSourceFile" : "Tags/LanceTags"
                },
                "spawnEffectTags" : {
                    "items" : [
                        
                    ],
                    "tagSetSourceFile" : "Tags/SpawnEffectTags"
                },
                "lanceDifficultyAdjustment" : 0,
                "selectedLanceDefId" : null,
                "selectedLanceDifficulty" : 0,
                "unitSpawnPointOverrideList" : [
                    {
                        "unitSpawnPoint" : {
                            "EncounterObjectGuid" : "7c30108d-c203-4240-a74f-76cc057ccae0"
                        },
                        "customUnitName" : "",
                        "customHeraldryDefId" : "",
                        "unitType" : "Turret",
                        "unitDefId" : "turretdef_Light_Laser",
                        "unitTagSet" : {
                            "items" : [
                                
                            ],
                            "tagSetSourceFile" : ""
                        },
                        "unitExcludedTagSet" : {
                            "items" : [
                                
                            ],
                            "tagSetSourceFile" : "Tags/UnitTags"
                        },
                        "spawnEffectTags" : {
                            "items" : [
                                
                            ],
                            "tagSetSourceFile" : "Tags/SpawnEffectTags"
                        },
                        "pilotDefId" : "pilot_d4_turret",
                        "pilotTagSet" : {
                            "items" : [
                                
                            ],
                            "tagSetSourceFile" : ""
                        },
                        "pilotExcludedTagSet" : {
                            "items" : [
                                
                            ],
                            "tagSetSourceFile" : "Tags/PilotTags"
                        },
                        "selectedUnitType" : "UNDEFINED",
                        "selectedUnitDefId" : null,
                        "selectedPilotDefId" : null
                    },
                    {
                        "unitSpawnPoint" : {
                            "EncounterObjectGuid" : "8021f2fc-1990-4f9c-9362-adc183d5fba9"
                        },
                        "customUnitName" : "",
                        "customHeraldryDefId" : "",
                        "unitType" : "Turret",
                        "unitDefId" : "turretdef_Light_Laser",
                        "unitTagSet" : {
                            "items" : [
                                
                            ],
                            "tagSetSourceFile" : ""
                        },
                        "unitExcludedTagSet" : {
                            "items" : [
                                
                            ],
                            "tagSetSourceFile" : "Tags/UnitTags"
                        },
                        "spawnEffectTags" : {
                            "items" : [
                                
                            ],
                            "tagSetSourceFile" : "Tags/SpawnEffectTags"
                        },
                        "pilotDefId" : "pilot_d4_turret",
                        "pilotTagSet" : {
                            "items" : [
                                
                            ],
                            "tagSetSourceFile" : ""
                        },
                        "pilotExcludedTagSet" : {
                            "items" : [
                                
                            ],
                            "tagSetSourceFile" : "Tags/PilotTags"
                        },
                        "selectedUnitType" : "UNDEFINED",
                        "selectedUnitDefId" : null,
                        "selectedPilotDefId" : null
                    }
                ]
            },
            {
                "lanceSpawner" : {
                    "EncounterObjectGuid" : "6cb23dd1-35b8-4999-9b84-d308b4d59f0d"
                },
                "name" : "LanceSpawner",
                "lanceDefId" : "Manual",
                "lanceTagSet" : {
                    "items" : [
                        
                    ],
                    "tagSetSourceFile" : ""
                },
                "lanceExcludedTagSet" : {
                    "items" : [
                        
                    ],
                    "tagSetSourceFile" : "Tags/LanceTags"
                },
                "spawnEffectTags" : {
                    "items" : [
                        
                    ],
                    "tagSetSourceFile" : "Tags/SpawnEffectTags"
                },
                "lanceDifficultyAdjustment" : 0,
                "selectedLanceDefId" : null,
                "selectedLanceDifficulty" : 0,
                "unitSpawnPointOverrideList" : [
                    {
                        "unitSpawnPoint" : {
                            "EncounterObjectGuid" : "259f927d-9004-42f9-b301-1dc6671ec86f"
                        },
                        "customUnitName" : "",
                        "customHeraldryDefId" : "",
                        "unitType" : "Turret",
                        "unitDefId" : "turretdef_Light_LRM",
                        "unitTagSet" : {
                            "items" : [
                                
                            ],
                            "tagSetSourceFile" : ""
                        },
                        "unitExcludedTagSet" : {
                            "items" : [
                                
                            ],
                            "tagSetSourceFile" : "Tags/UnitTags"
                        },
                        "spawnEffectTags" : {
                            "items" : [
                                
                            ],
                            "tagSetSourceFile" : "Tags/SpawnEffectTags"
                        },
                        "pilotDefId" : "pilot_d4_turret",
                        "pilotTagSet" : {
                            "items" : [
                                
                            ],
                            "tagSetSourceFile" : ""
                        },
                        "pilotExcludedTagSet" : {
                            "items" : [
                                
                            ],
                            "tagSetSourceFile" : "Tags/PilotTags"
                        },
                        "selectedUnitType" : "UNDEFINED",
                        "selectedUnitDefId" : null,
                        "selectedPilotDefId" : null
                    }
                ]
            },
            {
                "lanceSpawner" : {
                    "EncounterObjectGuid" : "a3a49a16-136e-41a3-8b1d-24f73dd98a9c"
                },
                "name" : "LanceSpawner",
                "lanceDefId" : "Manual",
                "lanceTagSet" : {
                    "items" : [
                        
                    ],
                    "tagSetSourceFile" : ""
                },
                "lanceExcludedTagSet" : {
                    "items" : [
                        
                    ],
                    "tagSetSourceFile" : "Tags/LanceTags"
                },
                "spawnEffectTags" : {
                    "items" : [
                        
                    ],
                    "tagSetSourceFile" : "Tags/SpawnEffectTags"
                },
                "lanceDifficultyAdjustment" : 0,
                "selectedLanceDefId" : null,
                "selectedLanceDifficulty" : 0,
                "unitSpawnPointOverrideList" : [
                    {
                        "unitSpawnPoint" : {
                            "EncounterObjectGuid" : "7bdc1fa1-ad8b-4dfd-98a9-571422e80cfd"
                        },
                        "customUnitName" : "",
                        "customHeraldryDefId" : "",
                        "unitType" : "Turret",
                        "unitDefId" : "turretdef_Light_LRM",
                        "unitTagSet" : {
                            "items" : [
                                
                            ],
                            "tagSetSourceFile" : ""
                        },
                        "unitExcludedTagSet" : {
                            "items" : [
                                
                            ],
                            "tagSetSourceFile" : "Tags/UnitTags"
                        },
                        "spawnEffectTags" : {
                            "items" : [
                                
                            ],
                            "tagSetSourceFile" : "Tags/SpawnEffectTags"
                        },
                        "pilotDefId" : "pilot_d4_turret",
                        "pilotTagSet" : {
                            "items" : [
                                
                            ],
                            "tagSetSourceFile" : ""
                        },
                        "pilotExcludedTagSet" : {
                            "items" : [
                                
                            ],
                            "tagSetSourceFile" : "Tags/PilotTags"
                        },
                        "selectedUnitType" : "UNDEFINED",
                        "selectedUnitDefId" : null,
                        "selectedPilotDefId" : null
                    }
                ]
            },
            {
                "lanceSpawner" : {
                    "EncounterObjectGuid" : "c6d3c448-f946-4500-85de-445708d8f6f2"
                },
                "name" : "EnemyLanceSpawner1",
                "lanceDefId" : "Manual",
                "lanceTagSet" : {
                    "items" : [
                        
                    ],
                    "tagSetSourceFile" : ""
                },
                "lanceExcludedTagSet" : {
                    "items" : [
                        
                    ],
                    "tagSetSourceFile" : "Tags/LanceTags"
                },
                "spawnEffectTags" : {
                    "items" : [
                        "spawn_poorly_maintained_50"
                    ],
                    "tagSetSourceFile" : "Tags/SpawnEffectTags"
                },
                "lanceDifficultyAdjustment" : 0,
                "selectedLanceDefId" : null,
                "selectedLanceDifficulty" : 0,
                "unitSpawnPointOverrideList" : [
                    {
                        "unitSpawnPoint" : {
                            "EncounterObjectGuid" : "a3397347-6f35-466a-acb9-670ea9587fc8"
                        },
                        "customUnitName" : "",
                        "customHeraldryDefId" : "",
                        "unitType" : "UNDEFINED",
                        "unitDefId" : "",
                        "unitTagSet" : {
                            "items" : [
                                
                            ],
                            "tagSetSourceFile" : ""
                        },
                        "unitExcludedTagSet" : {
                            "items" : [
                                
                            ],
                            "tagSetSourceFile" : "Tags/UnitTags"
                        },
                        "spawnEffectTags" : {
                            "items" : [
                                
                            ],
                            "tagSetSourceFile" : "Tags/SpawnEffectTags"
                        },
                        "pilotDefId" : "pilot_default",
                        "pilotTagSet" : {
                            "items" : [
                                
                            ],
                            "tagSetSourceFile" : ""
                        },
                        "pilotExcludedTagSet" : {
                            "items" : [
                                
                            ],
                            "tagSetSourceFile" : "Tags/PilotTags"
                        },
                        "selectedUnitType" : "UNDEFINED",
                        "selectedUnitDefId" : null,
                        "selectedPilotDefId" : null
                    },
                    {
                        "unitSpawnPoint" : {
                            "EncounterObjectGuid" : "1cb551df-6aab-4742-9555-d66a8e00d6fa"
                        },
                        "customUnitName" : "",
                        "customHeraldryDefId" : "",
                        "unitType" : "Mech",
                        "unitDefId" : "mechdef_shadowhawk_SHD-2H",
                        "unitTagSet" : {
                            "items" : [
                                
                            ],
                            "tagSetSourceFile" : ""
                        },
                        "unitExcludedTagSet" : {
                            "items" : [
                                
                            ],
                            "tagSetSourceFile" : "Tags/UnitTags"
                        },
                        "spawnEffectTags" : {
                            "items" : [
                                
                            ],
                            "tagSetSourceFile" : "Tags/SpawnEffectTags"
                        },
                        "pilotDefId" : "pilot_d4_pilot",
                        "pilotTagSet" : {
                            "items" : [
                                
                            ],
                            "tagSetSourceFile" : ""
                        },
                        "pilotExcludedTagSet" : {
                            "items" : [
                                
                            ],
                            "tagSetSourceFile" : "Tags/PilotTags"
                        },
                        "selectedUnitType" : "UNDEFINED",
                        "selectedUnitDefId" : null,
                        "selectedPilotDefId" : null
                    },
                    {
                        "unitSpawnPoint" : {
                            "EncounterObjectGuid" : "b7f28958-b122-4515-b7b1-ded84931303d"
                        },
                        "customUnitName" : "Grim Sybil",
                        "customHeraldryDefId" : "",
                        "unitType" : "Mech",
                        "unitDefId" : "mechdef_quickdraw_QKD-4G",
                        "unitTagSet" : {
                            "items" : [
                                
                            ],
                            "tagSetSourceFile" : ""
                        },
                        "unitExcludedTagSet" : {
                            "items" : [
                                
                            ],
                            "tagSetSourceFile" : "Tags/UnitTags"
                        },
                        "spawnEffectTags" : {
                            "items" : [
                                
                            ],
                            "tagSetSourceFile" : "Tags/SpawnEffectTags"
                        },
                        "pilotDefId" : "pilot_d4_defender",
                        "pilotTagSet" : {
                            "items" : [
                                
                            ],
                            "tagSetSourceFile" : ""
                        },
                        "pilotExcludedTagSet" : {
                            "items" : [
                                
                            ],
                            "tagSetSourceFile" : "Tags/PilotTags"
                        },
                        "selectedUnitType" : "UNDEFINED",
                        "selectedUnitDefId" : null,
                        "selectedPilotDefId" : null
                    }
                ]
            },
            {
                "lanceSpawner" : {
                    "EncounterObjectGuid" : "45704c74-fa98-4bcd-ab3d-dd2ca270d4b9"
                },
                "name" : "EnemyLanceSpawner3",
                "lanceDefId" : "Manual",
                "lanceTagSet" : {
                    "items" : [
                        
                    ],
                    "tagSetSourceFile" : ""
                },
                "lanceExcludedTagSet" : {
                    "items" : [
                        
                    ],
                    "tagSetSourceFile" : "Tags/LanceTags"
                },
                "spawnEffectTags" : {
                    "items" : [
                        "spawn_poorly_maintained_75"
                    ],
                    "tagSetSourceFile" : "Tags/SpawnEffectTags"
                },
                "lanceDifficultyAdjustment" : 0,
                "selectedLanceDefId" : null,
                "selectedLanceDifficulty" : 0,
                "unitSpawnPointOverrideList" : [
                    {
                        "unitSpawnPoint" : {
                            "EncounterObjectGuid" : "048e24e8-1f16-4d38-8347-a9038c6e7008"
                        },
                        "customUnitName" : "",
                        "customHeraldryDefId" : "",
                        "unitType" : "Mech",
                        "unitDefId" : "mechdef_commando_COM-2D",
                        "unitTagSet" : {
                            "items" : [
                                
                            ],
                            "tagSetSourceFile" : ""
                        },
                        "unitExcludedTagSet" : {
                            "items" : [
                                
                            ],
                            "tagSetSourceFile" : "Tags/UnitTags"
                        },
                        "spawnEffectTags" : {
                            "items" : [
                                
                            ],
                            "tagSetSourceFile" : "Tags/SpawnEffectTags"
                        },
                        "pilotDefId" : "pilot_d4_tactician",
                        "pilotTagSet" : {
                            "items" : [
                                
                            ],
                            "tagSetSourceFile" : ""
                        },
                        "pilotExcludedTagSet" : {
                            "items" : [
                                
                            ],
                            "tagSetSourceFile" : "Tags/PilotTags"
                        },
                        "selectedUnitType" : "UNDEFINED",
                        "selectedUnitDefId" : null,
                        "selectedPilotDefId" : null
                    },
                    {
                        "unitSpawnPoint" : {
                            "EncounterObjectGuid" : "c0ffe509-9a32-459d-a05c-a7ceadd06ffc"
                        },
                        "customUnitName" : "",
                        "customHeraldryDefId" : "",
                        "unitType" : "Mech",
                        "unitDefId" : "mechdef_jenner_JR7-D",
                        "unitTagSet" : {
                            "items" : [
                                
                            ],
                            "tagSetSourceFile" : ""
                        },
                        "unitExcludedTagSet" : {
                            "items" : [
                                
                            ],
                            "tagSetSourceFile" : "Tags/UnitTags"
                        },
                        "spawnEffectTags" : {
                            "items" : [
                                
                            ],
                            "tagSetSourceFile" : "Tags/SpawnEffectTags"
                        },
                        "pilotDefId" : "pilot_d4_gunner",
                        "pilotTagSet" : {
                            "items" : [
                                
                            ],
                            "tagSetSourceFile" : ""
                        },
                        "pilotExcludedTagSet" : {
                            "items" : [
                                
                            ],
                            "tagSetSourceFile" : "Tags/PilotTags"
                        },
                        "selectedUnitType" : "UNDEFINED",
                        "selectedUnitDefId" : null,
                        "selectedPilotDefId" : null
                    },
                    {
                        "unitSpawnPoint" : {
                            "EncounterObjectGuid" : "4eee0741-793e-48e9-ae91-c150195de6a9"
                        },
                        "customUnitName" : "",
                        "customHeraldryDefId" : "",
                        "unitType" : "Mech",
                        "unitDefId" : "mechdef_locust_LCT-1S",
                        "unitTagSet" : {
                            "items" : [
                                
                            ],
                            "tagSetSourceFile" : ""
                        },
                        "unitExcludedTagSet" : {
                            "items" : [
                                
                            ],
                            "tagSetSourceFile" : "Tags/UnitTags"
                        },
                        "spawnEffectTags" : {
                            "items" : [
                                
                            ],
                            "tagSetSourceFile" : "Tags/SpawnEffectTags"
                        },
                        "pilotDefId" : "pilot_d4_tactician",
                        "pilotTagSet" : {
                            "items" : [
                                
                            ],
                            "tagSetSourceFile" : ""
                        },
                        "pilotExcludedTagSet" : {
                            "items" : [
                                
                            ],
                            "tagSetSourceFile" : "Tags/PilotTags"
                        },
                        "selectedUnitType" : "UNDEFINED",
                        "selectedUnitDefId" : null,
                        "selectedPilotDefId" : null
                    },
                    {
                        "unitSpawnPoint" : {
                            "EncounterObjectGuid" : "ea997dc6-0716-44cf-a513-241444c5d922"
                        },
                        "customUnitName" : "",
                        "customHeraldryDefId" : "",
                        "unitType" : "Vehicle",
                        "unitDefId" : "vehicledef_SCORPION",
                        "unitTagSet" : {
                            "items" : [
                                
                            ],
                            "tagSetSourceFile" : "Tags/UnitTags"
                        },
                        "unitExcludedTagSet" : {
                            "items" : [
                                
                            ],
                            "tagSetSourceFile" : "Tags/UnitTags"
                        },
                        "spawnEffectTags" : {
                            "items" : [
                                
                            ],
                            "tagSetSourceFile" : "Tags/SpawnEffectTags"
                        },
                        "pilotDefId" : "pilot_d4_pilot",
                        "pilotTagSet" : {
                            "items" : [
                                
                            ],
                            "tagSetSourceFile" : "Tags/PilotTags"
                        },
                        "pilotExcludedTagSet" : {
                            "items" : [
                                
                            ],
                            "tagSetSourceFile" : "Tags/PilotTags"
                        },
                        "selectedUnitType" : "UNDEFINED",
                        "selectedUnitDefId" : null,
                        "selectedPilotDefId" : null
                    },
                    {
                        "unitSpawnPoint" : {
                            "EncounterObjectGuid" : "f6bb4698-5662-441b-8a59-392bddd3aa43"
                        },
                        "customUnitName" : "",
                        "customHeraldryDefId" : "",
                        "unitType" : "Vehicle",
                        "unitDefId" : "vehicledef_GALLEON",
                        "unitTagSet" : {
                            "items" : [
                                
                            ],
                            "tagSetSourceFile" : "Tags/UnitTags"
                        },
                        "unitExcludedTagSet" : {
                            "items" : [
                                
                            ],
                            "tagSetSourceFile" : "Tags/UnitTags"
                        },
                        "spawnEffectTags" : {
                            "items" : [
                                
                            ],
                            "tagSetSourceFile" : "Tags/SpawnEffectTags"
                        },
                        "pilotDefId" : "pilot_d4_pilot",
                        "pilotTagSet" : {
                            "items" : [
                                
                            ],
                            "tagSetSourceFile" : "Tags/PilotTags"
                        },
                        "pilotExcludedTagSet" : {
                            "items" : [
                                
                            ],
                            "tagSetSourceFile" : "Tags/PilotTags"
                        },
                        "selectedUnitType" : "UNDEFINED",
                        "selectedUnitDefId" : null,
                        "selectedPilotDefId" : null
                    }
                ]
            }
        ]
    },
    "targetsAllyTeam" : {
        "encounterLayerData" : {
            "EncounterObjectGuid" : "db6084a0-f9e2-424f-ba17-837ce1cb1d62"
        },
        "teamGuid" : "31151ed6-cfc2-467e-98c4-9ae5bea784cf",
        "teamName" : "Target's Ally",
        "faction" : "INVALID_UNSET",
        "teamLeaderCastDefId" : "castDef_TeamLeader_Current",
        "lanceOverrideList" : [
            
        ]
    },
    "neutralToAllTeam" : {
        "encounterLayerData" : {
            "EncounterObjectGuid" : "db6084a0-f9e2-424f-ba17-837ce1cb1d62"
        },
        "teamGuid" : "61612bb3-abf9-4586-952a-0559fa9dcd75",
        "teamName" : "Neutral to All",
        "faction" : "INVALID_UNSET",
        "teamLeaderCastDefId" : "castDef_TeamLeader_Current",
        "lanceOverrideList" : [
            
        ]
    },
    "hostileToAllTeam" : {
        "encounterLayerData" : {
            "EncounterObjectGuid" : "db6084a0-f9e2-424f-ba17-837ce1cb1d62"
        },
        "teamGuid" : "3c9f3a20-ab03-4bcb-8ab6-b1ef0442bbf0",
        "teamName" : "Hostile to All",
        "faction" : "INVALID_UNSET",
        "teamLeaderCastDefId" : "castDef_TeamLeader_Current",
        "lanceOverrideList" : [
            
        ]
    }
}