{
    "ID": "EscortSingle_MerchantCaravan",
    "contractName": "Merchant Caravan",
    "difficulty": 2,
    "finalDifficulty": 0,
    "shortDescription": "A mercantile convoy operating under a {TEAM_EMP.FactionDef.Name} charter needs to travel through {TEAM_TAR.FactionDef.Name}-controlled territory. We need you to escort the convoy to a safe loacation.",
    "longDescription": "A mercantile convoy operating under a {TEAM_EMP.FactionDef.Name} charter needs to travel through {TEAM_TAR.FactionDef.Name}-controlled territory.\r\n\r\nThe convoy is carrying medical supplies to combat an outbreak of ARNA, a highly contagious hemorrhagic fever endemic to {TGT_SYSTEM.name}.\r\n\r\nWe need you to get the convoy to a rendezvous spot that we'll mark on your map. It is absolutely vital that the vehicles make it to their destination in one piece! Payment will be remitted upon receipt of our medicine from the convoy.",
    "salvagePotential": "10",
    "requirementList": [],
    "contractType": "EscortSingle",
    "encounterPlayStyle": "SinglePlayer",
    "mapMood": null,
    "startingFogOfWarVisibility": "Surveyed",
    "contractObjectiveList": [
        {
            "contractObjective": {
                "EncounterObjectGuid": "136c60d1-728c-4a14-ab0e-c2814c7f60aa",
                "loadingGuid": null
            },
            "title": "Escort the {TEAM_EMP.FactionDef.Name} mercantile convoy to its destination",
            "description": "",
            "isPrimary": true,
            "forPlayer": "Player1",
            "objectiveGuids": [
                "d4d20990-fbeb-4f6e-81b7-7e94bba6a2c5"
            ]
        }
    ],
    "objectiveList": [
        {
            "objective": {
                "EncounterObjectGuid": "d4d20990-fbeb-4f6e-81b7-7e94bba6a2c5",
                "loadingGuid": null
            },
            "title": "Escort the {TEAM_EMP.FactionDef.Name} mercantile convoy to its destination",
            "description": "",
            "isPrimary": true,
            "OnSuccessResults": [],
            "OnFailureResults": []
        }
    ],
    "chunkList": [],
    "dialogueList": [
        {
            "dialogue": {
                "EncounterObjectGuid": "73df8d9c-a274-48fd-98c9-2bd0d7860e83",
                "loadingGuid": null
            },
            "name": "MissionStartDialogue",
            "dialogueContent": [
                {
                    "words": "",
                    "wordsColor": {
                        "r": "1",
                        "g": "1",
                        "b": "1",
                        "a": "1"
                    },
                    "selectedCastDefId": "castDef_DariusDefault",
                    "emote": "Default",
                    "audioName": null
                }
            ]
        },
        {
            "dialogue": {
                "EncounterObjectGuid": "4011a4c3-cba2-4d22-b2b3-3b19a3297ab9",
                "loadingGuid": null
            },
            "name": "MissionSuccessDialogue",
            "dialogueContent": [
                {
                    "words": "Excellent work, Commander.",
                    "wordsColor": {
                        "r": "1",
                        "g": "1",
                        "b": "1",
                        "a": "1"
                    },
                    "selectedCastDefId": "castDef_DariusDefault",
                    "emote": "Default",
                    "audioName": null
                }
            ]
        },
        {
            "dialogue": {
                "EncounterObjectGuid": "d3d33d95-9ed7-4686-b9eb-954ebe51cc02",
                "loadingGuid": null
            },
            "name": "MissionFailureDialogue",
            "dialogueContent": [
                {
                    "words": "The asset is down, Commander. We're going to have to scrub this one.",
                    "wordsColor": {
                        "r": "1",
                        "g": "1",
                        "b": "1",
                        "a": "1"
                    },
                    "selectedCastDefId": "castDef_DariusDefault",
                    "emote": "Default",
                    "audioName": null
                }
            ]
        },
        {
            "dialogue": {
                "EncounterObjectGuid": "aabc21be-bbce-4825-a652-a94d87ea2678",
                "loadingGuid": null
            },
            "name": "Dialogue_ConvoyTakingDamage",
            "dialogueContent": [
                {
                    "words": "(Bkt_AllyUnit-Damaged) An allied unit is taking damage!",
                    "wordsColor": {
                        "r": "1",
                        "g": "1",
                        "b": "1",
                        "a": "1"
                    },
                    "selectedCastDefId": "castDef_DariusDefault",
                    "emote": "Default",
                    "audioName": "NONE"
                }
            ]
        },
        {
            "dialogue": {
                "EncounterObjectGuid": "331dddcf-637c-46c1-a36b-b58fc5ddc106",
                "loadingGuid": null
            },
            "name": "Dialogue_ConvoyVehicleDestroyed",
            "dialogueContent": [
                {
                    "words": "(Bkt_AllyUnit-Destroyed) Allied unit down, Commander.",
                    "wordsColor": {
                        "r": "1",
                        "g": "1",
                        "b": "1",
                        "a": "1"
                    },
                    "selectedCastDefId": "castDef_DariusDefault",
                    "emote": "Default",
                    "audioName": "NONE"
                }
            ]
        },
        {
            "dialogue": {
                "EncounterObjectGuid": "067b5395-1871-480d-a269-fa0930440332",
                "loadingGuid": null
            },
            "name": "Dialogue_ConvoyReachedObjective",
            "dialogueContent": [
                {
                    "words": "(Bkt_AllyUnit-OneArrived) An allied unit has reached its destination! Make sure that the rest get there safely as well!",
                    "wordsColor": {
                        "r": "1",
                        "g": "1",
                        "b": "1",
                        "a": "1"
                    },
                    "selectedCastDefId": "castDef_DariusDefault",
                    "emote": "Default",
                    "audioName": "NONE"
                }
            ]
        }
    ],
    "player1Team": {
        "encounterLayerData": {
            "EncounterObjectGuid": "29e74fa4-b31a-47c0-ae83-ac1ad5df0323",
            "loadingGuid": null
        },
        "teamGuid": "bf40fd39-ccf9-47c4-94a6-061809681140",
        "teamName": "Player 1",
        "faction": "INVALID_UNSET",
        "teamLeaderCastDefId": "castDef_TeamLeader_Current",
        "lanceOverrideList": [
            {
                "lanceSpawner": {
                    "EncounterObjectGuid": "76b654a6-4f2c-4a6f-86e6-d4cf868335fe",
                    "loadingGuid": null
                },
                "name": "PlayerLanceSpawner",
                "lanceDefId": "Manual",
                "lanceTagSet": {
                    "items": [],
                    "tagSetSourceFile": ""
                },
                "lanceExcludedTagSet": {
                    "items": [],
                    "tagSetSourceFile": "Tags/LanceTags"
                },
                "spawnEffectTags": {
                    "items": [],
                    "tagSetSourceFile": "Tags/SpawnEffectTags"
                },
                "lanceDifficultyAdjustment": 0,
                "selectedLanceDefId": null,
                "selectedLanceDifficulty": 0,
                "unitSpawnPointOverrideList": [
                    {
                        "unitSpawnPoint": {
                            "EncounterObjectGuid": "ec9d2280-ca9a-4d90-8a20-963d8a4c0a39",
                            "loadingGuid": null
                        },
                        "unitType": "Mech",
                        "unitDefId": "mechDef_None",
                        "unitTagSet": {
                            "items": [],
                            "tagSetSourceFile": ""
                        },
                        "unitExcludedTagSet": {
                            "items": [],
                            "tagSetSourceFile": "Tags/UnitTags"
                        },
                        "spawnEffectTags": {
                            "items": [],
                            "tagSetSourceFile": "Tags/SpawnEffectTags"
                        },
                        "pilotDefId": "pilotDef_InheritLance",
                        "pilotTagSet": {
                            "items": [],
                            "tagSetSourceFile": ""
                        },
                        "pilotExcludedTagSet": {
                            "items": [],
                            "tagSetSourceFile": "Tags/PilotTags"
                        },
                        "selectedUnitType": "UNDEFINED",
                        "selectedUnitDefId": null,
                        "selectedPilotDefId": null
                    },
                    {
                        "unitSpawnPoint": {
                            "EncounterObjectGuid": "ebc06b6a-c5a8-4165-95ce-480bcf335570",
                            "loadingGuid": null
                        },
                        "unitType": "Mech",
                        "unitDefId": "mechDef_None",
                        "unitTagSet": {
                            "items": [],
                            "tagSetSourceFile": ""
                        },
                        "unitExcludedTagSet": {
                            "items": [],
                            "tagSetSourceFile": "Tags/UnitTags"
                        },
                        "spawnEffectTags": {
                            "items": [],
                            "tagSetSourceFile": "Tags/SpawnEffectTags"
                        },
                        "pilotDefId": "pilotDef_InheritLance",
                        "pilotTagSet": {
                            "items": [],
                            "tagSetSourceFile": ""
                        },
                        "pilotExcludedTagSet": {
                            "items": [],
                            "tagSetSourceFile": "Tags/PilotTags"
                        },
                        "selectedUnitType": "UNDEFINED",
                        "selectedUnitDefId": null,
                        "selectedPilotDefId": null
                    },
                    {
                        "unitSpawnPoint": {
                            "EncounterObjectGuid": "d50f1e9d-0a0b-4dc8-9a06-a33233aaa8a1",
                            "loadingGuid": null
                        },
                        "unitType": "Mech",
                        "unitDefId": "mechDef_None",
                        "unitTagSet": {
                            "items": [],
                            "tagSetSourceFile": ""
                        },
                        "unitExcludedTagSet": {
                            "items": [],
                            "tagSetSourceFile": "Tags/UnitTags"
                        },
                        "spawnEffectTags": {
                            "items": [],
                            "tagSetSourceFile": "Tags/SpawnEffectTags"
                        },
                        "pilotDefId": "pilotDef_InheritLance",
                        "pilotTagSet": {
                            "items": [],
                            "tagSetSourceFile": ""
                        },
                        "pilotExcludedTagSet": {
                            "items": [],
                            "tagSetSourceFile": "Tags/PilotTags"
                        },
                        "selectedUnitType": "UNDEFINED",
                        "selectedUnitDefId": null,
                        "selectedPilotDefId": null
                    },
                    {
                        "unitSpawnPoint": {
                            "EncounterObjectGuid": "461141c2-f956-49a5-b2c6-6f951b957a94",
                            "loadingGuid": null
                        },
                        "unitType": "Mech",
                        "unitDefId": "mechDef_None",
                        "unitTagSet": {
                            "items": [],
                            "tagSetSourceFile": ""
                        },
                        "unitExcludedTagSet": {
                            "items": [],
                            "tagSetSourceFile": "Tags/UnitTags"
                        },
                        "spawnEffectTags": {
                            "items": [],
                            "tagSetSourceFile": "Tags/SpawnEffectTags"
                        },
                        "pilotDefId": "pilotDef_InheritLance",
                        "pilotTagSet": {
                            "items": [],
                            "tagSetSourceFile": ""
                        },
                        "pilotExcludedTagSet": {
                            "items": [],
                            "tagSetSourceFile": "Tags/PilotTags"
                        },
                        "selectedUnitType": "UNDEFINED",
                        "selectedUnitDefId": null,
                        "selectedPilotDefId": null
                    }
                ],
                "GenerateLanceComplete": null
            }
        ],
        "GenerateTeamComplete": null
    },
    "player2Team": {
        "encounterLayerData": {
            "EncounterObjectGuid": "29e74fa4-b31a-47c0-ae83-ac1ad5df0323",
            "loadingGuid": null
        },
        "teamGuid": "757173dd-b4e1-4bb5-9bee-d78e623cc867",
        "teamName": "Player 2",
        "faction": "INVALID_UNSET",
        "teamLeaderCastDefId": "castDef_TeamLeader_Current",
        "lanceOverrideList": [],
        "GenerateTeamComplete": null
    },
    "employerTeam": {
        "encounterLayerData": {
            "EncounterObjectGuid": "29e74fa4-b31a-47c0-ae83-ac1ad5df0323",
            "loadingGuid": null
        },
        "teamGuid": "ecc8d4f2-74b4-465d-adf6-84445e5dfc230",
        "teamName": "Employer",
        "faction": "INVALID_UNSET",
        "teamLeaderCastDefId": "castDef_TeamLeader_Current",
        "lanceOverrideList": [
            {
                "lanceSpawner": {
                    "EncounterObjectGuid": "d3d75b1e-ace5-43e8-b037-79a2dd2b3d4e",
                    "loadingGuid": null
                },
                "name": "EscortLance",
                "lanceDefId": "Manual",
                "lanceTagSet": {
                    "items": [],
                    "tagSetSourceFile": ""
                },
                "lanceExcludedTagSet": {
                    "items": [],
                    "tagSetSourceFile": "Tags/LanceTags"
                },
                "spawnEffectTags": {
                    "items": [],
                    "tagSetSourceFile": "Tags/SpawnEffectTags"
                },
                "lanceDifficultyAdjustment": 0,
                "selectedLanceDefId": null,
                "selectedLanceDifficulty": 0,
                "unitSpawnPointOverrideList": [
                    {
                        "unitSpawnPoint": {
                            "EncounterObjectGuid": "d7109e5f-7e09-4a9d-98a7-a0bf651532e6",
                            "loadingGuid": null
                        },
                        "unitType": "Mech",
                        "unitDefId": "mechdef_jenner_JR7-D",
                        "unitTagSet": {
                            "items": [],
                            "tagSetSourceFile": ""
                        },
                        "unitExcludedTagSet": {
                            "items": [],
                            "tagSetSourceFile": "Tags/UnitTags"
                        },
                        "spawnEffectTags": {
                            "items": [],
                            "tagSetSourceFile": "Tags/SpawnEffectTags"
                        },
                        "pilotDefId": "pilotDef_InheritLance",
                        "pilotTagSet": {
                            "items": [],
                            "tagSetSourceFile": ""
                        },
                        "pilotExcludedTagSet": {
                            "items": [],
                            "tagSetSourceFile": "Tags/PilotTags"
                        },
                        "selectedUnitType": "UNDEFINED",
                        "selectedUnitDefId": null,
                        "selectedPilotDefId": null
                    },
                    {
                        "unitSpawnPoint": {
                            "EncounterObjectGuid": "bdb37cd1-dff5-4740-b361-d5d1aebfd452",
                            "loadingGuid": null
                        },
                        "unitType": "Mech",
                        "unitDefId": "mechdef_jenner_JR7-D",
                        "unitTagSet": {
                            "items": [],
                            "tagSetSourceFile": ""
                        },
                        "unitExcludedTagSet": {
                            "items": [],
                            "tagSetSourceFile": "Tags/UnitTags"
                        },
                        "spawnEffectTags": {
                            "items": [],
                            "tagSetSourceFile": "Tags/SpawnEffectTags"
                        },
                        "pilotDefId": "pilotDef_InheritLance",
                        "pilotTagSet": {
                            "items": [],
                            "tagSetSourceFile": ""
                        },
                        "pilotExcludedTagSet": {
                            "items": [],
                            "tagSetSourceFile": "Tags/PilotTags"
                        },
                        "selectedUnitType": "UNDEFINED",
                        "selectedUnitDefId": null,
                        "selectedPilotDefId": null
                    },
                    {
                        "unitSpawnPoint": {
                            "EncounterObjectGuid": "5a7f08f5-3ceb-467e-b857-b3fc1874d016",
                            "loadingGuid": null
                        },
                        "unitType": "Mech",
                        "unitDefId": "mechdef_panther_PNT-9R",
                        "unitTagSet": {
                            "items": [],
                            "tagSetSourceFile": ""
                        },
                        "unitExcludedTagSet": {
                            "items": [],
                            "tagSetSourceFile": "Tags/UnitTags"
                        },
                        "spawnEffectTags": {
                            "items": [],
                            "tagSetSourceFile": "Tags/SpawnEffectTags"
                        },
                        "pilotDefId": "pilotDef_InheritLance",
                        "pilotTagSet": {
                            "items": [],
                            "tagSetSourceFile": ""
                        },
                        "pilotExcludedTagSet": {
                            "items": [],
                            "tagSetSourceFile": "Tags/PilotTags"
                        },
                        "selectedUnitType": "UNDEFINED",
                        "selectedUnitDefId": null,
                        "selectedPilotDefId": null
                    },
                    {
                        "unitSpawnPoint": {
                            "EncounterObjectGuid": "938ab06b-304b-4f45-ba86-abcaa0fe01c5",
                            "loadingGuid": null
                        },
                        "unitType": "Mech",
                        "unitDefId": "mechdef_commando_COM-2D",
                        "unitTagSet": {
                            "items": [],
                            "tagSetSourceFile": ""
                        },
                        "unitExcludedTagSet": {
                            "items": [],
                            "tagSetSourceFile": "Tags/UnitTags"
                        },
                        "spawnEffectTags": {
                            "items": [],
                            "tagSetSourceFile": "Tags/SpawnEffectTags"
                        },
                        "pilotDefId": "pilotDef_InheritLance",
                        "pilotTagSet": {
                            "items": [],
                            "tagSetSourceFile": ""
                        },
                        "pilotExcludedTagSet": {
                            "items": [],
                            "tagSetSourceFile": "Tags/PilotTags"
                        },
                        "selectedUnitType": "UNDEFINED",
                        "selectedUnitDefId": null,
                        "selectedPilotDefId": null
                    }
                ],
                "GenerateLanceComplete": null
            }
        ],
        "GenerateTeamComplete": null
    },
    "targetTeam": {
        "encounterLayerData": {
            "EncounterObjectGuid": "29e74fa4-b31a-47c0-ae83-ac1ad5df0323",
            "loadingGuid": null
        },
        "teamGuid": "be77cadd-e245-4240-a93e-b99cc98902a5",
        "teamName": "Target",
        "faction": "INVALID_UNSET",
        "teamLeaderCastDefId": "castDef_TeamLeader_Current",
        "lanceOverrideList": [
            {
                "lanceSpawner": {
                    "EncounterObjectGuid": "f78cce05-8078-4f5d-b240-256af1f7f71b",
                    "loadingGuid": null
                },
                "name": "LanceSpawner",
                "lanceDefId": "Manual",
                "lanceTagSet": {
                    "items": [],
                    "tagSetSourceFile": ""
                },
                "lanceExcludedTagSet": {
                    "items": [],
                    "tagSetSourceFile": "Tags/LanceTags"
                },
                "spawnEffectTags": {
                    "items": [],
                    "tagSetSourceFile": "Tags/SpawnEffectTags"
                },
                "lanceDifficultyAdjustment": 0,
                "selectedLanceDefId": null,
                "selectedLanceDifficulty": 0,
                "unitSpawnPointOverrideList": [
                    {
                        "unitSpawnPoint": {
                            "EncounterObjectGuid": "67d95242-284a-4316-b93d-7c03951e1664",
                            "loadingGuid": null
                        },
                        "unitType": "Mech",
                        "unitDefId": "mechdef_commando_COM-2D",
                        "unitTagSet": {
                            "items": [],
                            "tagSetSourceFile": ""
                        },
                        "unitExcludedTagSet": {
                            "items": [],
                            "tagSetSourceFile": "Tags/UnitTags"
                        },
                        "spawnEffectTags": {
                            "items": [],
                            "tagSetSourceFile": "Tags/SpawnEffectTags"
                        },
                        "pilotDefId": "pilotDef_InheritLance",
                        "pilotTagSet": {
                            "items": [],
                            "tagSetSourceFile": ""
                        },
                        "pilotExcludedTagSet": {
                            "items": [],
                            "tagSetSourceFile": "Tags/PilotTags"
                        },
                        "selectedUnitType": "UNDEFINED",
                        "selectedUnitDefId": null,
                        "selectedPilotDefId": null
                    },
                    {
                        "unitSpawnPoint": {
                            "EncounterObjectGuid": "d50c4ce7-6596-49c2-947d-28d3c95a8d6d",
                            "loadingGuid": null
                        },
                        "unitType": "Mech",
                        "unitDefId": "mechdef_commando_COM-2D",
                        "unitTagSet": {
                            "items": [],
                            "tagSetSourceFile": ""
                        },
                        "unitExcludedTagSet": {
                            "items": [],
                            "tagSetSourceFile": "Tags/UnitTags"
                        },
                        "spawnEffectTags": {
                            "items": [],
                            "tagSetSourceFile": "Tags/SpawnEffectTags"
                        },
                        "pilotDefId": "pilotDef_InheritLance",
                        "pilotTagSet": {
                            "items": [],
                            "tagSetSourceFile": ""
                        },
                        "pilotExcludedTagSet": {
                            "items": [],
                            "tagSetSourceFile": "Tags/PilotTags"
                        },
                        "selectedUnitType": "UNDEFINED",
                        "selectedUnitDefId": null,
                        "selectedPilotDefId": null
                    },
                    {
                        "unitSpawnPoint": {
                            "EncounterObjectGuid": "f013df77-26bc-4717-b031-a901d412ac48",
                            "loadingGuid": null
                        },
                        "unitType": "Mech",
                        "unitDefId": "mechdef_commando_COM-2D",
                        "unitTagSet": {
                            "items": [],
                            "tagSetSourceFile": ""
                        },
                        "unitExcludedTagSet": {
                            "items": [],
                            "tagSetSourceFile": "Tags/UnitTags"
                        },
                        "spawnEffectTags": {
                            "items": [],
                            "tagSetSourceFile": "Tags/SpawnEffectTags"
                        },
                        "pilotDefId": "pilotDef_InheritLance",
                        "pilotTagSet": {
                            "items": [],
                            "tagSetSourceFile": ""
                        },
                        "pilotExcludedTagSet": {
                            "items": [],
                            "tagSetSourceFile": "Tags/PilotTags"
                        },
                        "selectedUnitType": "UNDEFINED",
                        "selectedUnitDefId": null,
                        "selectedPilotDefId": null
                    },
                    {
                        "unitSpawnPoint": {
                            "EncounterObjectGuid": "c96293d7-9b95-48c0-a72f-8a9d8f82d361",
                            "loadingGuid": null
                        },
                        "unitType": "Mech",
                        "unitDefId": "mechdef_commando_COM-2D",
                        "unitTagSet": {
                            "items": [],
                            "tagSetSourceFile": ""
                        },
                        "unitExcludedTagSet": {
                            "items": [],
                            "tagSetSourceFile": "Tags/UnitTags"
                        },
                        "spawnEffectTags": {
                            "items": [],
                            "tagSetSourceFile": "Tags/SpawnEffectTags"
                        },
                        "pilotDefId": "pilotDef_InheritLance",
                        "pilotTagSet": {
                            "items": [],
                            "tagSetSourceFile": ""
                        },
                        "pilotExcludedTagSet": {
                            "items": [],
                            "tagSetSourceFile": "Tags/PilotTags"
                        },
                        "selectedUnitType": "UNDEFINED",
                        "selectedUnitDefId": null,
                        "selectedPilotDefId": null
                    }
                ],
                "GenerateLanceComplete": null
            }
        ],
        "GenerateTeamComplete": null
    },
    "targetsAllyTeam": {
        "encounterLayerData": {
            "EncounterObjectGuid": "29e74fa4-b31a-47c0-ae83-ac1ad5df0323",
            "loadingGuid": null
        },
        "teamGuid": "31151ed6-cfc2-467e-98c4-9ae5bea784cf",
        "teamName": "Target's Ally",
        "faction": "INVALID_UNSET",
        "teamLeaderCastDefId": "castDef_TeamLeader_Current",
        "lanceOverrideList": [],
        "GenerateTeamComplete": null
    },
    "neutralToAllTeam": {
        "encounterLayerData": {
            "EncounterObjectGuid": "29e74fa4-b31a-47c0-ae83-ac1ad5df0323",
            "loadingGuid": null
        },
        "teamGuid": "61612bb3-abf9-4586-952a-0559fa9dcd75",
        "teamName": "Neutral to All",
        "faction": "INVALID_UNSET",
        "teamLeaderCastDefId": "castDef_TeamLeader_Current",
        "lanceOverrideList": [],
        "GenerateTeamComplete": null
    },
    "hostileToAllTeam": {
        "encounterLayerData": {
            "EncounterObjectGuid": "29e74fa4-b31a-47c0-ae83-ac1ad5df0323",
            "loadingGuid": null
        },
        "teamGuid": "3c9f3a20-ab03-4bcb-8ab6-b1ef0442bbf0",
        "teamName": "Hostile to All",
        "faction": "INVALID_UNSET",
        "teamLeaderCastDefId": "castDef_TeamLeader_Current",
        "lanceOverrideList": [],
        "GenerateTeamComplete": null
    },
    "folder": "D:/Dev/battleTechRepo/BattleTech/Assets/StreamingAssetsSource/data/contracts/escortsingle/",
    "filename": "EscortSingle_MerchantCaravan.json",
    "GenerateUnitsComplete": null
}