{
    "ID" : "trav_restoration_3_smithonDefense",
    "contractName" : "Defense: Smithon",
    "difficulty" : 6,
    "finalDifficulty" : 6,
    "shortDescription" : "Proceed to Smithon to protect its people from the Taurians.\r\n\r\nEarly reports suggest a tight battlefield. Because of this, we recommend a lance loadout that strikes a balance of mobility, durability, and firepower. Further details will be provided upon your arrival.",
    "longDescription" : "We all saw what the Taurians did to Lord Karosas… to his entire palace. They haven't stopped there. They're butchering the people of Smithon - and we're gonna stop them.",
    "salvagePotential" : 30,
    "requirementList" : [
        {
            "Scope" : "Company",
            "RequirementTags" : {
                "items" : [],
                "tagSetSourceFile" : ""
            },
            "ExclusionTags" : {
                "items" : null,
                "tagSetSourceFile" : ""
            },
            "RequirementComparisons" : [
                {
                    "obj" : "NextStoryMilestone",
                    "op" : "Equal",
                    "val" : 502,
                    "valueConstant" : null
				}
            ]
        }      
    ],
    "OnContractSuccessResults" : [
		{
            "Stats" : [
                {
                    "typeString" : "System.Int32",
                    "name" : "NextStoryMilestone",
                    "value" : 510,
					"set" : true,
                    "valueConstant" : null
                }
            ],		
			"Actions" : []
		}
    ],
    "OnContractFailureResults" : [
		{
            "Actions" : [			
				{
                    "Type" : "System_AddContract",
                    "value" : "trav_restoration_3_smithonDefense",
                    "valueConstant" : null,
					"additionalValues" : [
						"TaurianConcordat",
						"AuriganRestoration",
						"starsystemdef_Smithon"
					]
                }			
            ]
		}
    ],
    "contractType" : "TravelOnly",
	"contractDisplayStyle" : "BaseCampaignRestoration",
    "encounterPlayStyle" : "SinglePlayer",
    "maxNumberOfPlayerUnits" : 1,
    "mapMood" : null,
    "startingFogOfWarVisibility" : "Surveyed",
    "contractObjectiveList" : [
        
    ],
    "objectiveList" : [
        
    ],
    "chunkList" : [
        
    ],
    "dialogueList" : [
        
    ],
    "disableNegotations" : true,
    "disableLanceConfiguration" : false,
    "disableCancelButton" : false,
    "contractRewardOverride" : 2360000,
    "travelOnly" : true,
    "useTravelCostPenalty" : false,
    "usesExpiration" : false,
    "expirationTimeOverride" : -1,
    "negotiatedSalary" : 0.5,
    "negotiatedSalvage" : 0.5,
    "player1Team" : {
        "encounterLayerData" : {
            "EncounterObjectGuid" : null
        },
        "teamGuid": "bf40fd39-ccf9-47c4-94a6-061809681140",
        "teamName": "Player 1",
        "faction": "INVALID_UNSET",
        "teamLeaderCastDefId": "castDef_TeamLeader_Current",
        "lanceOverrideList" : [
            
        ],
        "GenerateTeamComplete" : null
    },
    "player2Team" : {
        "encounterLayerData" : {
            "EncounterObjectGuid" : null
        },
        "teamGuid": "757173dd-b4e1-4bb5-9bee-d78e623cc867",
        "teamName": "Player 2",
        "faction": "INVALID_UNSET",
        "teamLeaderCastDefId": "castDef_TeamLeader_Current",
        "lanceOverrideList" : [
            
        ],
        "GenerateTeamComplete" : null
    },
    "employerTeam" : {
        "encounterLayerData" : {
            "EncounterObjectGuid" : null
        },
        "teamGuid": "ecc8d4f2-74b4-465d-adf6-84445e5dfc230",
        "teamName": "Employer",
        "faction": "INVALID_UNSET",
        "teamLeaderCastDefId": "castDef_TeamLeader_Current",
        "lanceOverrideList" : [
            
        ],
        "GenerateTeamComplete" : null
    },
    "targetTeam" : {
        "encounterLayerData" : {
            "EncounterObjectGuid" : null
        },
        "teamGuid": "be77cadd-e245-4240-a93e-b99cc98902a5",
        "teamName": "Target",
        "faction": "INVALID_UNSET",
        "teamLeaderCastDefId": "castDef_TeamLeader_Current",
        "lanceOverrideList" : [
            
        ],
        "GenerateTeamComplete" : null
    },
    "targetsAllyTeam" : {
        "encounterLayerData" : {
            "EncounterObjectGuid" : null
        },
        "teamGuid": "31151ed6-cfc2-467e-98c4-9ae5bea784cf",
        "teamName": "Target's Ally",
        "faction": "INVALID_UNSET",
        "teamLeaderCastDefId": "castDef_TeamLeader_Current",
        "lanceOverrideList" : [
            
        ],
        "GenerateTeamComplete" : null
    },
    "neutralToAllTeam" : {
        "encounterLayerData" : {
            "EncounterObjectGuid" : null
        },
        "teamGuid" : "61612bb3-abf9-4586-952a-0559fa9dcd75",
        "teamName" : "Neutral to All",
        "faction" : "INVALID_UNSET",
        "teamLeaderCastDefId" : "castDef_TeamLeader_Current",
        "lanceOverrideList" : [
            
        ],
        "GenerateTeamComplete" : null
    },
    "hostileToAllTeam" : {
        "encounterLayerData" : {
            "EncounterObjectGuid" : null
        },
        "teamGuid" : "3c9f3a20-ab03-4bcb-8ab6-b1ef0442bbf0",
        "teamName" : "Hostile to All",
        "faction" : "INVALID_UNSET",
        "teamLeaderCastDefId" : "castDef_TeamLeader_Current",
        "lanceOverrideList" : [
            
        ],
        "GenerateTeamComplete" : null
    },
    "GenerateUnitsComplete" : null
}