{
    "ID": "DestroyBase_Eviction",
    "contractName": "Eviction",
    "contractDisplayStyle": "BaseCampaignNormal",
    "difficulty": 5,
    "weight": 1,
    "scope": "STANDARD",
    "finalDifficulty": 0,
    "shortDescription": "The {TEAM_TAR.FactionDef.Demonym} manufacturing facility on {TGT_SYSTEM.name} is an illegal intrusion into our territory, and a cover for military personnel and units. Our efforts to resolve this through diplomatic channels have been rebuffed, so we are now turning to a military solution. The facility must be destroyed.",
    "longDescription": "We should expect heavy resistance; {TEAM_EMP.FactionDef.Name} isn't saying what's in that facility, but whatever it is has them riled up.",
    "salvagePotential": "16",
    "requirementList": [
        {
            "Scope": "StarSystem",
            "RequirementTags": {
                "items": [],
                "tagSetSourceFile": ""
            },
            "ExclusionTags": {
                "items": [],
                "tagSetSourceFile": ""
            },
            "RequirementComparisons": [
                {
                    "obj": "Employer.IsOwner",
                    "op": "Equal",
                    "val": "1"
                },
                {
                    "obj": "Target.AuriganPirates",
                    "op": "Equal",
                    "val": "0"
                }
            ]
        }
    ],
    "OnContractSuccessResults": [],
    "OnContractFailureResults": [],
    "contractType": "DestroyBase",
    "encounterPlayStyle": "SinglePlayer",
    "maxNumberOfPlayerUnits": 4,
    "mapMood": null,
    "startingFogOfWarVisibility": "Surveyed",
    "contractObjectiveList": [
        {
            "contractObjective": {
                "EncounterObjectGuid": "6f5f8d17-70ed-44a8-acc0-ccf9258925aa"
            },
            "title": "Destroy {TEAM_TAR.FactionDef.Demonym} Structures and Escape",
            "description": "Destroy {TEAM_TAR.FactionDef.Demonym} Structures",
            "isPrimary": true,
            "forPlayer": "Player1",
            "objectiveGuids": [
                "3ac1476d-5ab0-436b-aa68-e1a5436e796f",
                "3a753f8c-2d38-4ea6-9812-c9c169cd3545",
                "979864d1-7d84-4797-b032-696a157deed8",
                "ea4504c3-8dcc-4049-bff2-784c423f0aa8"
            ]
        }
    ],
    "objectiveList": [
        {
            "objective": {
                "EncounterObjectGuid": "3ac1476d-5ab0-436b-aa68-e1a5436e796f"
            },
            "title": "Destroy the {TEAM_TAR.FactionDef.Demonym} Facility",
            "description": "",
            "isPrimary": true,
            "OnSuccessResults": [],
            "OnFailureResults": []
        },
        {
            "objective": {
                "EncounterObjectGuid": "979864d1-7d84-4797-b032-696a157deed8"
            },
            "title": "Destroy Base Garrison",
            "description": "",
            "isPrimary": false,
            "OnSuccessResults": [
                {
                    "Scope": "Company",
                    "Requirements": {
                        "Scope": "Company",
                        "RequirementTags": {
                            "items": [],
                            "tagSetSourceFile": ""
                        },
                        "ExclusionTags": {
                            "items": [],
                            "tagSetSourceFile": ""
                        },
                        "RequirementComparisons": []
                    },
                    "AddedTags": {
                        "items": [],
                        "tagSetSourceFile": ""
                    },
                    "RemovedTags": {
                        "items": [],
                        "tagSetSourceFile": ""
                    },
                    "Stats": [
                        {
                            "typeString": "System.Single",
                            "name": "ContractBonusRewardPct",
                            "value": 0.25
                        }
                    ]
                }
            ],
            "OnFailureResults": []
        },
        {
            "objective": {
                "EncounterObjectGuid": "71f98492-dc71-450f-a9a7-2bb4bb09591a"
            },
            "title": "HIDDEN Objective: Destroy Base Turrets",
            "description": "HIDDEN Objective: Destroy Base Turrets",
            "isPrimary": false,
            "OnSuccessResults": [
                {
                    "Scope": "Company",
                    "Requirements": {
                        "Scope": "Company",
                        "RequirementTags": {
                            "items": [],
                            "tagSetSourceFile": ""
                        },
                        "ExclusionTags": {
                            "items": [],
                            "tagSetSourceFile": ""
                        },
                        "RequirementComparisons": []
                    },
                    "AddedTags": {
                        "items": [],
                        "tagSetSourceFile": ""
                    },
                    "RemovedTags": {
                        "items": [],
                        "tagSetSourceFile": ""
                    },
                    "Stats": [
                        {
                            "typeString": "System.Single",
                            "name": "ContractBonusRewardPct",
                            "value": 0.1
                        }
                    ]
                }
            ],
            "OnFailureResults": []
        },
        {
            "objective": {
                "EncounterObjectGuid": "ea4504c3-8dcc-4049-bff2-784c423f0aa8"
            },
            "title": "Destroy Enemy Reinforcements",
            "description": "",
            "isPrimary": false,
            "OnSuccessResults": [
                {
                    "Scope": "Company",
                    "Requirements": {
                        "Scope": "Company",
                        "RequirementTags": {
                            "items": [],
                            "tagSetSourceFile": ""
                        },
                        "ExclusionTags": {
                            "items": [],
                            "tagSetSourceFile": ""
                        },
                        "RequirementComparisons": []
                    },
                    "AddedTags": {
                        "items": [],
                        "tagSetSourceFile": ""
                    },
                    "RemovedTags": {
                        "items": [],
                        "tagSetSourceFile": ""
                    },
                    "Stats": [
                        {
                            "typeString": "System.Single",
                            "name": "ContractBonusRewardPct",
                            "value": 0.1
                        }
                    ]
                }
            ],
            "OnFailureResults": []
        },
        {
            "objective": {
                "EncounterObjectGuid": "3a753f8c-2d38-4ea6-9812-c9c169cd3545"
            },
            "title": "Get to the evac zone",
            "description": "",
            "isPrimary": true,
            "OnSuccessResults": [],
            "OnFailureResults": []
        }
    ],
    "buildingList": [],
    "chunkList": [
        {
            "name": "Chunk_Ambush (Bonus)",
            "encounterChunk": {
                "EncounterObjectGuid": "a5257151-5269-4222-9a0d-31001a70fe22"
            },
            "enableChunkFromContract": true
        }
    ],
    "cameraFocusHelperList": [
        {
            "name": "Spawner_PlayerLance",
            "encounterObject": {
                "EncounterObjectGuid": "dafd0d98-c88a-4f90-b137-4fe5ed94ebbb"
            }
        },
        {
            "name": "Lance_Enemy_OpposingForce",
            "encounterObject": {
                "EncounterObjectGuid": "5a1b1a4a-0325-4a6d-b021-d9ba167e2ac8"
            }
        },
        {
            "name": "Lance_Enemy_BaseTurrets",
            "encounterObject": {
                "EncounterObjectGuid": "40decd4d-427d-4f2e-8fc7-fc379ae4bbc2"
            }
        },
        {
            "name": "Lance_Enemy_Ambushers",
            "encounterObject": {
                "EncounterObjectGuid": "bb480a51-ce9c-4dcf-9bbc-3ef5698c4422"
            }
        },
        {
            "name": "Region_Ambush",
            "encounterObject": {
                "EncounterObjectGuid": "0ee819bd-b34c-464a-8d2a-987005fe0bc7"
            }
        },
        {
            "name": "Region_Escape",
            "encounterObject": {
                "EncounterObjectGuid": "f22d699f-edce-4f14-b520-8580535f620f"
            }
        }
    ],
    "dialogueList": [
        {
            "dialogue": {
                "EncounterObjectGuid": "73df8d9c-a274-48fd-98c9-2bd0d7860e83"
            },
            "name": "Dialog_MissionStart",
            "overrideDialogueBucketId": "",
            "dialogueContent": [
                {
                    "words": "Your target is the nearby {TEAM_TAR.FactionDef.Demonym} base.",
                    "wordsColor": {
                        "r": "1",
                        "g": "1",
                        "b": "1",
                        "a": "1"
                    },
                    "selectedCastDefId": "castDef_DariusDefault",
                    "emote": "Default",
                    "audioName": "NONE",
                    "cameraFocusGuid": "",
                    "cameraDistance": "Far",
                    "cameraHeight": "Default",
                    "revealRadius": -1
                },
                {
                    "words": "Assault the base and destroy enough of it to force {TEAM_TAR.FactionDef.ShortName} to abandon the location.",
                    "wordsColor": {
                        "r": "1",
                        "g": "1",
                        "b": "1",
                        "a": "1"
                    },
                    "selectedCastDefId": "castDef_DariusDefault",
                    "emote": "Default",
                    "audioName": "NONE",
                    "cameraFocusGuid": "40decd4d-427d-4f2e-8fc7-fc379ae4bbc2",
                    "cameraDistance": "Far",
                    "cameraHeight": "Default",
                    "revealRadius": -1
                },
                {
                    "words": "We should expect strong opposition on this one. Be wary, Commander. Oliveira out.",
                    "wordsColor": {
                        "r": "1",
                        "g": "1",
                        "b": "1",
                        "a": "1"
                    },
                    "selectedCastDefId": "castDef_DariusDefault",
                    "emote": "Default",
                    "audioName": "NONE",
                    "cameraFocusGuid": "dafd0d98-c88a-4f90-b137-4fe5ed94ebbb",
                    "cameraDistance": "Far",
                    "cameraHeight": "Default",
                    "revealRadius": -1
                }
            ]
        },
        {
            "dialogue": {
                "EncounterObjectGuid": "4011a4c3-cba2-4d22-b2b3-3b19a3297ab9"
            },
            "name": "Dialog_MissionSuccess",
            "overrideDialogueBucketId": "",
            "dialogueContent": [
                {
                    "words": "Mission successful, Commander. I'll see you on the Argo.",
                    "wordsColor": {
                        "r": "1",
                        "g": "1",
                        "b": "1",
                        "a": "1"
                    },
                    "selectedCastDefId": "castDef_DariusDefault",
                    "emote": "Default",
                    "audioName": "NONE",
                    "cameraFocusGuid": "",
                    "cameraDistance": "Far",
                    "cameraHeight": "Default",
                    "revealRadius": -1
                }
            ]
        },
        {
            "dialogue": {
                "EncounterObjectGuid": "d3d33d95-9ed7-4686-b9eb-954ebe51cc02"
            },
            "name": "Dialog_MissionFailure",
            "overrideDialogueBucketId": "",
            "dialogueContent": [
                {
                    "words": "You'd better return to the Argo, Commander, so we can sort this out.",
                    "wordsColor": {
                        "r": "1",
                        "g": "1",
                        "b": "1",
                        "a": "1"
                    },
                    "selectedCastDefId": "castDef_DariusDefault",
                    "emote": "Default",
                    "audioName": "NONE",
                    "cameraFocusGuid": "",
                    "cameraDistance": "Far",
                    "cameraHeight": "Default",
                    "revealRadius": -1
                }
            ]
        },
        {
            "dialogue": {
                "EncounterObjectGuid": "5e45a01d-01a2-40bf-b4ce-c963eb32f26d"
            },
            "name": "Dialogue_Interrupt_AmbushWarning",
            "overrideDialogueBucketId": "",
            "dialogueContent": [
                {
                    "words": "There's that strong opposition, Commander. Watch your position and don't get flanked.",
                    "wordsColor": {
                        "r": "1",
                        "g": "1",
                        "b": "1",
                        "a": "1"
                    },
                    "selectedCastDefId": "castDef_DariusDefault",
                    "emote": "Default",
                    "audioName": "NONE",
                    "cameraFocusGuid": "",
                    "cameraDistance": "Far",
                    "cameraHeight": "Default",
                    "revealRadius": -1
                }
            ]
        },
        {
            "dialogue": {
                "EncounterObjectGuid": "a2472c65-4ab9-4c45-a5d3-e51a151ae25e"
            },
            "name": "Dialogue_EscapeDirection",
            "overrideDialogueBucketId": "DialogBucketDef_Universal_Escape",
            "dialogueContent": [
                {
                    "words": "We've demolished the objective buildings. No need to loiter, get to the evac zone. ",
                    "wordsColor": {
                        "r": 1,
                        "g": 1,
                        "b": 1,
                        "a": 1
                    },
                    "selectedCastDefId": "castDef_DariusDefault",
                    "emote": "Default",
                    "audioName": "NONE",
                    "cameraFocusGuid": "",
                    "cameraDistance": "Far",
                    "cameraHeight": "Default",
                    "revealRadius": -1
                }
            ]
        },
        {
            "dialogue": {
                "EncounterObjectGuid": "719d08e9-5bf9-4dc0-a13b-ad86bac4a65d"
            },
            "name": "Dialogue_TargetBuildingDamaged",
            "overrideDialogueBucketId": "DialogBucketDef_DestroyBase_EnemyStruct-Damaged",
            "dialogueContent": [
                {
                    "words": "Good shots, Commander! You scored a solid hit on one of the target structures, keep it up. ",
                    "wordsColor": {
                        "r": 1,
                        "g": 1,
                        "b": 1,
                        "a": 1
                    },
                    "selectedCastDefId": "castDef_DariusDefault",
                    "emote": "Default",
                    "audioName": "NONE",
                    "cameraFocusGuid": "",
                    "cameraDistance": "Far",
                    "cameraHeight": "Default",
                    "revealRadius": -1
                }
            ]
        },
        {
            "dialogue": {
                "EncounterObjectGuid": "e882f006-f7fd-4048-9c29-56553a5b5698"
            },
            "name": "Dialogue_TargetBuildingDestroyed",
            "overrideDialogueBucketId": "DialogBucketDef_DestroyBase_EnemyStruct-Destroyed",
            "dialogueContent": [
                {
                    "words": "Target building destroyed, good work commander, stay at it and we'll be done in no time. ",
                    "wordsColor": {
                        "r": 1,
                        "g": 1,
                        "b": 1,
                        "a": 1
                    },
                    "selectedCastDefId": "castDef_DariusDefault",
                    "emote": "Default",
                    "audioName": "NONE",
                    "cameraFocusGuid": "",
                    "cameraDistance": "Far",
                    "cameraHeight": "Default",
                    "revealRadius": -1
                }
            ]
        },
        {
            "dialogue": {
                "EncounterObjectGuid": "aeff78ff-42fd-430a-8785-2aad29f83326"
            },
            "name": "Dialogue_TargetGarrisonDestroyed",
            "overrideDialogueBucketId": "DialogBucketDef_Universal_KillConfirmed",
            "dialogueContent": [
                {
                    "words": "Bkt_KillConfirmed: The garrison is destroyed. Good Work.",
                    "wordsColor": {
                        "r": 1,
                        "g": 1,
                        "b": 1,
                        "a": 1
                    },
                    "selectedCastDefId": "castDef_DariusDefault",
                    "emote": "Default",
                    "audioName": "NONE",
                    "cameraFocusGuid": "",
                    "cameraDistance": "Far",
                    "cameraHeight": "Default",
                    "revealRadius": -1
                }
            ]
        }
    ],
    "disableNegotations": false,
    "disableLanceConfiguration": false,
    "disableCancelButton": false,
    "disableAfterAction": false,
    "contractRewardOverride": -1,
    "travelOnly": false,
    "useTravelCostPenalty": false,
    "usesExpiration": false,
    "expirationTimeOverride": -1,
    "negotiatedSalary": 1,
    "negotiatedSalvage": 0,
    "player1Team": {
        "encounterLayerData": {
            "EncounterObjectGuid": "ca92ce11-36c5-40d1-ac17-2559e1d3bcc9"
        },
        "teamGuid": "bf40fd39-ccf9-47c4-94a6-061809681140",
        "teamName": "Player 1",
        "faction": "Player1sMercUnit",
        "teamLeaderCastDefId": "castDef_TeamLeader_Current",
        "lanceOverrideList": [
            {
                "lanceSpawner": {
                    "EncounterObjectGuid": "dafd0d98-c88a-4f90-b137-4fe5ed94ebbb"
                },
                "name": "Spawner_PlayerLance",
                "lanceDefId": "Manual",
                "lanceTagSet": {
                    "items": [],
                    "tagSetSourceFile": ""
                },
                "lanceExcludedTagSet": {
                    "items": [],
                    "tagSetSourceFile": "Tags/LanceTags"
                },
                "spawnEffectTags": {
                    "items": [],
                    "tagSetSourceFile": "Tags/SpawnEffectTags"
                },
                "lanceDifficultyAdjustment": 0,
                "selectedLanceDefId": null,
                "selectedLanceDifficulty": 0,
                "unitSpawnPointOverrideList": [
                    {
                        "unitSpawnPoint": {
                            "EncounterObjectGuid": "1668c1ba-b9c6-4ef3-83df-19bfec270da1"
                        },
                        "customUnitName": "",
                        "customHeraldryDefId": "",
                        "unitType": "Mech",
                        "unitDefId": "mechDef_None",
                        "unitTagSet": {
                            "items": [],
                            "tagSetSourceFile": ""
                        },
                        "unitExcludedTagSet": {
                            "items": [],
                            "tagSetSourceFile": "Tags/UnitTags"
                        },
                        "spawnEffectTags": {
                            "items": [],
                            "tagSetSourceFile": "Tags/SpawnEffectTags"
                        },
                        "pilotDefId": "pilotDef_InheritLance",
                        "pilotTagSet": {
                            "items": [],
                            "tagSetSourceFile": ""
                        },
                        "pilotExcludedTagSet": {
                            "items": [],
                            "tagSetSourceFile": "Tags/PilotTags"
                        },
                        "selectedUnitType": "UNDEFINED",
                        "selectedUnitDefId": null,
                        "selectedPilotDefId": null
                    },
                    {
                        "unitSpawnPoint": {
                            "EncounterObjectGuid": "6b4979b9-b730-460b-8f18-c9b19efbb91c"
                        },
                        "customUnitName": "",
                        "customHeraldryDefId": "",
                        "unitType": "Mech",
                        "unitDefId": "mechDef_None",
                        "unitTagSet": {
                            "items": [],
                            "tagSetSourceFile": ""
                        },
                        "unitExcludedTagSet": {
                            "items": [],
                            "tagSetSourceFile": "Tags/UnitTags"
                        },
                        "spawnEffectTags": {
                            "items": [],
                            "tagSetSourceFile": "Tags/SpawnEffectTags"
                        },
                        "pilotDefId": "pilotDef_InheritLance",
                        "pilotTagSet": {
                            "items": [],
                            "tagSetSourceFile": ""
                        },
                        "pilotExcludedTagSet": {
                            "items": [],
                            "tagSetSourceFile": "Tags/PilotTags"
                        },
                        "selectedUnitType": "UNDEFINED",
                        "selectedUnitDefId": null,
                        "selectedPilotDefId": null
                    },
                    {
                        "unitSpawnPoint": {
                            "EncounterObjectGuid": "0a320081-2d60-450e-8e00-092c838496b4"
                        },
                        "customUnitName": "",
                        "customHeraldryDefId": "",
                        "unitType": "Mech",
                        "unitDefId": "mechDef_None",
                        "unitTagSet": {
                            "items": [],
                            "tagSetSourceFile": ""
                        },
                        "unitExcludedTagSet": {
                            "items": [],
                            "tagSetSourceFile": "Tags/UnitTags"
                        },
                        "spawnEffectTags": {
                            "items": [],
                            "tagSetSourceFile": "Tags/SpawnEffectTags"
                        },
                        "pilotDefId": "pilotDef_InheritLance",
                        "pilotTagSet": {
                            "items": [],
                            "tagSetSourceFile": ""
                        },
                        "pilotExcludedTagSet": {
                            "items": [],
                            "tagSetSourceFile": "Tags/PilotTags"
                        },
                        "selectedUnitType": "UNDEFINED",
                        "selectedUnitDefId": null,
                        "selectedPilotDefId": null
                    },
                    {
                        "unitSpawnPoint": {
                            "EncounterObjectGuid": "34a720da-9acc-4c57-bb4a-2cbe22da78a8"
                        },
                        "customUnitName": "",
                        "customHeraldryDefId": "",
                        "unitType": "Mech",
                        "unitDefId": "mechDef_None",
                        "unitTagSet": {
                            "items": [],
                            "tagSetSourceFile": ""
                        },
                        "unitExcludedTagSet": {
                            "items": [],
                            "tagSetSourceFile": "Tags/UnitTags"
                        },
                        "spawnEffectTags": {
                            "items": [],
                            "tagSetSourceFile": "Tags/SpawnEffectTags"
                        },
                        "pilotDefId": "pilotDef_InheritLance",
                        "pilotTagSet": {
                            "items": [],
                            "tagSetSourceFile": ""
                        },
                        "pilotExcludedTagSet": {
                            "items": [],
                            "tagSetSourceFile": "Tags/PilotTags"
                        },
                        "selectedUnitType": "UNDEFINED",
                        "selectedUnitDefId": null,
                        "selectedPilotDefId": null
                    }
                ]
            }
        ]
    },
    "player2Team": {
        "encounterLayerData": {
            "EncounterObjectGuid": "ca92ce11-36c5-40d1-ac17-2559e1d3bcc9"
        },
        "teamGuid": "757173dd-b4e1-4bb5-9bee-d78e623cc867",
        "teamName": "Player 2",
        "faction": "Player2sMercUnit",
        "teamLeaderCastDefId": "castDef_TeamLeader_Current",
        "lanceOverrideList": []
    },
    "employerTeam": {
        "encounterLayerData": {
            "EncounterObjectGuid": "ca92ce11-36c5-40d1-ac17-2559e1d3bcc9"
        },
        "teamGuid": "ecc8d4f2-74b4-465d-adf6-84445e5dfc230",
        "teamName": "Employer",
        "faction": "INVALID_UNSET",
        "teamLeaderCastDefId": "castDef_TeamLeader_Current",
        "lanceOverrideList": []
    },
    "targetTeam": {
        "encounterLayerData": {
            "EncounterObjectGuid": "ca92ce11-36c5-40d1-ac17-2559e1d3bcc9"
        },
        "teamGuid": "be77cadd-e245-4240-a93e-b99cc98902a5",
        "teamName": "Target",
        "faction": "INVALID_UNSET",
        "teamLeaderCastDefId": "castDef_TeamLeader_Current",
        "lanceOverrideList": [
            {
                "lanceSpawner": {
                    "EncounterObjectGuid": "5a1b1a4a-0325-4a6d-b021-d9ba167e2ac8"
                },
                "name": "Lance_Enemy_OpposingForce",
                "lanceDefId": "Tagged",
                "lanceTagSet": {
                    "items": [
                        "lance_type_recon",
                        "lance_type_notallvehicles"
                    ],
                    "tagSetSourceFile": "Tags/LanceTags"
                },
                "lanceExcludedTagSet": {
                    "items": [],
                    "tagSetSourceFile": "Tags/LanceTags"
                },
                "spawnEffectTags": {
                    "items": [],
                    "tagSetSourceFile": "Tags/SpawnEffectTags"
                },
                "lanceDifficultyAdjustment": 0,
                "selectedLanceDefId": null,
                "selectedLanceDifficulty": 0,
                "unitSpawnPointOverrideList": [
                    {
                        "unitSpawnPoint": {
                            "EncounterObjectGuid": "63ad3b03-b392-49b8-ac26-1ad827b010b4"
                        },
                        "customUnitName": "",
                        "customHeraldryDefId": "",
                        "unitType": "Mech",
                        "unitDefId": "UseLance",
                        "unitTagSet": {
                            "items": [],
                            "tagSetSourceFile": ""
                        },
                        "unitExcludedTagSet": {
                            "items": [],
                            "tagSetSourceFile": "Tags/UnitTags"
                        },
                        "spawnEffectTags": {
                            "items": [],
                            "tagSetSourceFile": "Tags/SpawnEffectTags"
                        },
                        "pilotDefId": "pilotDef_InheritLance",
                        "pilotTagSet": {
                            "items": [],
                            "tagSetSourceFile": ""
                        },
                        "pilotExcludedTagSet": {
                            "items": [],
                            "tagSetSourceFile": "Tags/PilotTags"
                        },
                        "selectedUnitType": "UNDEFINED",
                        "selectedUnitDefId": null,
                        "selectedPilotDefId": null
                    },
                    {
                        "unitSpawnPoint": {
                            "EncounterObjectGuid": "74a1e790-8882-4e72-844f-26b1a3804231"
                        },
                        "customUnitName": "",
                        "customHeraldryDefId": "",
                        "unitType": "Mech",
                        "unitDefId": "UseLance",
                        "unitTagSet": {
                            "items": [],
                            "tagSetSourceFile": ""
                        },
                        "unitExcludedTagSet": {
                            "items": [],
                            "tagSetSourceFile": "Tags/UnitTags"
                        },
                        "spawnEffectTags": {
                            "items": [],
                            "tagSetSourceFile": "Tags/SpawnEffectTags"
                        },
                        "pilotDefId": "pilotDef_InheritLance",
                        "pilotTagSet": {
                            "items": [],
                            "tagSetSourceFile": ""
                        },
                        "pilotExcludedTagSet": {
                            "items": [],
                            "tagSetSourceFile": "Tags/PilotTags"
                        },
                        "selectedUnitType": "UNDEFINED",
                        "selectedUnitDefId": null,
                        "selectedPilotDefId": null
                    },
                    {
                        "unitSpawnPoint": {
                            "EncounterObjectGuid": "b7eb8d4e-6b3d-4670-a48a-baf2757e024a"
                        },
                        "customUnitName": "",
                        "customHeraldryDefId": "",
                        "unitType": "Mech",
                        "unitDefId": "UseLance",
                        "unitTagSet": {
                            "items": [],
                            "tagSetSourceFile": ""
                        },
                        "unitExcludedTagSet": {
                            "items": [],
                            "tagSetSourceFile": "Tags/UnitTags"
                        },
                        "spawnEffectTags": {
                            "items": [],
                            "tagSetSourceFile": "Tags/SpawnEffectTags"
                        },
                        "pilotDefId": "pilotDef_InheritLance",
                        "pilotTagSet": {
                            "items": [],
                            "tagSetSourceFile": ""
                        },
                        "pilotExcludedTagSet": {
                            "items": [],
                            "tagSetSourceFile": "Tags/PilotTags"
                        },
                        "selectedUnitType": "UNDEFINED",
                        "selectedUnitDefId": null,
                        "selectedPilotDefId": null
                    },
                    {
                        "unitSpawnPoint": {
                            "EncounterObjectGuid": "74c2e448-9cc6-44bf-9c23-6442756067bf"
                        },
                        "customUnitName": "",
                        "customHeraldryDefId": "",
                        "unitType": "Mech",
                        "unitDefId": "UseLance",
                        "unitTagSet": {
                            "items": [],
                            "tagSetSourceFile": ""
                        },
                        "unitExcludedTagSet": {
                            "items": [],
                            "tagSetSourceFile": "Tags/UnitTags"
                        },
                        "spawnEffectTags": {
                            "items": [],
                            "tagSetSourceFile": "Tags/SpawnEffectTags"
                        },
                        "pilotDefId": "pilotDef_InheritLance",
                        "pilotTagSet": {
                            "items": [],
                            "tagSetSourceFile": ""
                        },
                        "pilotExcludedTagSet": {
                            "items": [],
                            "tagSetSourceFile": "Tags/PilotTags"
                        },
                        "selectedUnitType": "UNDEFINED",
                        "selectedUnitDefId": null,
                        "selectedPilotDefId": null
                    }
                ]
            },
            {
                "lanceSpawner": {
                    "EncounterObjectGuid": "40decd4d-427d-4f2e-8fc7-fc379ae4bbc2"
                },
                "name": "Lance_Enemy_BaseTurrets",
                "lanceDefId": "Tagged",
                "lanceTagSet": {
                    "items": [
                        "lance_type_turret"
                    ],
                    "tagSetSourceFile": "Tags/LanceTags"
                },
                "lanceExcludedTagSet": {
                    "items": [],
                    "tagSetSourceFile": "Tags/LanceTags"
                },
                "spawnEffectTags": {
                    "items": [],
                    "tagSetSourceFile": "Tags/SpawnEffectTags"
                },
                "lanceDifficultyAdjustment": 0,
                "selectedLanceDefId": null,
                "selectedLanceDifficulty": 0,
                "unitSpawnPointOverrideList": [
                    {
                        "unitSpawnPoint": {
                            "EncounterObjectGuid": "26da7487-142c-4be0-bff2-d2d1194df6b8"
                        },
                        "customUnitName": "",
                        "customHeraldryDefId": "",
                        "unitType": "Turret",
                        "unitDefId": "UseLance",
                        "unitTagSet": {
                            "items": [],
                            "tagSetSourceFile": "Tags/UnitTags"
                        },
                        "unitExcludedTagSet": {
                            "items": [],
                            "tagSetSourceFile": "Tags/UnitTags"
                        },
                        "spawnEffectTags": {
                            "items": [],
                            "tagSetSourceFile": "Tags/SpawnEffectTags"
                        },
                        "pilotDefId": "pilotDef_InheritLance",
                        "pilotTagSet": {
                            "items": [],
                            "tagSetSourceFile": ""
                        },
                        "pilotExcludedTagSet": {
                            "items": [],
                            "tagSetSourceFile": "Tags/PilotTags"
                        },
                        "selectedUnitType": "UNDEFINED",
                        "selectedUnitDefId": null,
                        "selectedPilotDefId": null
                    },
                    {
                        "unitSpawnPoint": {
                            "EncounterObjectGuid": "60b090eb-ec4e-4852-a36e-a942842955d1"
                        },
                        "customUnitName": "",
                        "customHeraldryDefId": "",
                        "unitType": "Turret",
                        "unitDefId": "UseLance",
                        "unitTagSet": {
                            "items": [],
                            "tagSetSourceFile": "Tags/UnitTags"
                        },
                        "unitExcludedTagSet": {
                            "items": [],
                            "tagSetSourceFile": "Tags/UnitTags"
                        },
                        "spawnEffectTags": {
                            "items": [],
                            "tagSetSourceFile": "Tags/SpawnEffectTags"
                        },
                        "pilotDefId": "pilotDef_InheritLance",
                        "pilotTagSet": {
                            "items": [],
                            "tagSetSourceFile": ""
                        },
                        "pilotExcludedTagSet": {
                            "items": [],
                            "tagSetSourceFile": "Tags/PilotTags"
                        },
                        "selectedUnitType": "UNDEFINED",
                        "selectedUnitDefId": null,
                        "selectedPilotDefId": null
                    },
                    {
                        "unitSpawnPoint": {
                            "EncounterObjectGuid": "08b13e63-0a1d-4299-aea6-9fd4d5365e6a"
                        },
                        "customUnitName": "",
                        "customHeraldryDefId": "",
                        "unitType": "Turret",
                        "unitDefId": "UseLance",
                        "unitTagSet": {
                            "items": [],
                            "tagSetSourceFile": "Tags/UnitTags"
                        },
                        "unitExcludedTagSet": {
                            "items": [],
                            "tagSetSourceFile": "Tags/UnitTags"
                        },
                        "spawnEffectTags": {
                            "items": [],
                            "tagSetSourceFile": "Tags/SpawnEffectTags"
                        },
                        "pilotDefId": "pilotDef_InheritLance",
                        "pilotTagSet": {
                            "items": [],
                            "tagSetSourceFile": ""
                        },
                        "pilotExcludedTagSet": {
                            "items": [],
                            "tagSetSourceFile": "Tags/PilotTags"
                        },
                        "selectedUnitType": "UNDEFINED",
                        "selectedUnitDefId": null,
                        "selectedPilotDefId": null
                    },
                    {
                        "unitSpawnPoint": {
                            "EncounterObjectGuid": "6fd7746a-0546-4322-820f-a6130e33a84b"
                        },
                        "customUnitName": "",
                        "customHeraldryDefId": "",
                        "unitType": "Turret",
                        "unitDefId": "UseLance",
                        "unitTagSet": {
                            "items": [],
                            "tagSetSourceFile": "Tags/UnitTags"
                        },
                        "unitExcludedTagSet": {
                            "items": [],
                            "tagSetSourceFile": "Tags/UnitTags"
                        },
                        "spawnEffectTags": {
                            "items": [],
                            "tagSetSourceFile": "Tags/SpawnEffectTags"
                        },
                        "pilotDefId": "pilotDef_InheritLance",
                        "pilotTagSet": {
                            "items": [],
                            "tagSetSourceFile": ""
                        },
                        "pilotExcludedTagSet": {
                            "items": [],
                            "tagSetSourceFile": "Tags/PilotTags"
                        },
                        "selectedUnitType": "UNDEFINED",
                        "selectedUnitDefId": null,
                        "selectedPilotDefId": null
                    }
                ]
            },
            {
                "lanceSpawner": {
                    "EncounterObjectGuid": "bb480a51-ce9c-4dcf-9bbc-3ef5698c4422"
                },
                "name": "Lance_Enemy_Ambushers",
                "lanceDefId": "Tagged",
                "lanceTagSet": {
                    "items": [
                        "lance_type_fire",
                        "lance_type_notallvehicles"
                    ],
                    "tagSetSourceFile": "Tags/LanceTags"
                },
                "lanceExcludedTagSet": {
                    "items": [],
                    "tagSetSourceFile": "Tags/LanceTags"
                },
                "spawnEffectTags": {
                    "items": [],
                    "tagSetSourceFile": "Tags/SpawnEffectTags"
                },
                "lanceDifficultyAdjustment": 0,
                "selectedLanceDefId": null,
                "selectedLanceDifficulty": 0,
                "unitSpawnPointOverrideList": [
                    {
                        "unitSpawnPoint": {
                            "EncounterObjectGuid": "6a902689-eca8-469b-9b45-32a1dcd904c6"
                        },
                        "customUnitName": "",
                        "customHeraldryDefId": "",
                        "unitType": "Mech",
                        "unitDefId": "UseLance",
                        "unitTagSet": {
                            "items": [],
                            "tagSetSourceFile": "Tags/UnitTags"
                        },
                        "unitExcludedTagSet": {
                            "items": [],
                            "tagSetSourceFile": "Tags/UnitTags"
                        },
                        "spawnEffectTags": {
                            "items": [],
                            "tagSetSourceFile": "Tags/SpawnEffectTags"
                        },
                        "pilotDefId": "pilotDef_InheritLance",
                        "pilotTagSet": {
                            "items": [],
                            "tagSetSourceFile": ""
                        },
                        "pilotExcludedTagSet": {
                            "items": [],
                            "tagSetSourceFile": "Tags/PilotTags"
                        },
                        "selectedUnitType": "UNDEFINED",
                        "selectedUnitDefId": null,
                        "selectedPilotDefId": null
                    },
                    {
                        "unitSpawnPoint": {
                            "EncounterObjectGuid": "4ad6002d-6d87-42c8-a99d-ffeb35d62723"
                        },
                        "customUnitName": "",
                        "customHeraldryDefId": "",
                        "unitType": "Mech",
                        "unitDefId": "UseLance",
                        "unitTagSet": {
                            "items": [],
                            "tagSetSourceFile": "Tags/UnitTags"
                        },
                        "unitExcludedTagSet": {
                            "items": [],
                            "tagSetSourceFile": "Tags/UnitTags"
                        },
                        "spawnEffectTags": {
                            "items": [],
                            "tagSetSourceFile": "Tags/SpawnEffectTags"
                        },
                        "pilotDefId": "pilotDef_InheritLance",
                        "pilotTagSet": {
                            "items": [],
                            "tagSetSourceFile": ""
                        },
                        "pilotExcludedTagSet": {
                            "items": [],
                            "tagSetSourceFile": "Tags/PilotTags"
                        },
                        "selectedUnitType": "UNDEFINED",
                        "selectedUnitDefId": null,
                        "selectedPilotDefId": null
                    },
                    {
                        "unitSpawnPoint": {
                            "EncounterObjectGuid": "98f65ba4-c2dc-4435-959b-fb5a2e30a889"
                        },
                        "customUnitName": "",
                        "customHeraldryDefId": "",
                        "unitType": "Mech",
                        "unitDefId": "UseLance",
                        "unitTagSet": {
                            "items": [],
                            "tagSetSourceFile": "Tags/UnitTags"
                        },
                        "unitExcludedTagSet": {
                            "items": [],
                            "tagSetSourceFile": "Tags/UnitTags"
                        },
                        "spawnEffectTags": {
                            "items": [],
                            "tagSetSourceFile": "Tags/SpawnEffectTags"
                        },
                        "pilotDefId": "pilotDef_InheritLance",
                        "pilotTagSet": {
                            "items": [],
                            "tagSetSourceFile": ""
                        },
                        "pilotExcludedTagSet": {
                            "items": [],
                            "tagSetSourceFile": "Tags/PilotTags"
                        },
                        "selectedUnitType": "UNDEFINED",
                        "selectedUnitDefId": null,
                        "selectedPilotDefId": null
                    },
                    {
                        "unitSpawnPoint": {
                            "EncounterObjectGuid": "3839b098-fae1-429f-b0fc-276b115894f8"
                        },
                        "customUnitName": "",
                        "customHeraldryDefId": "",
                        "unitType": "Mech",
                        "unitDefId": "UseLance",
                        "unitTagSet": {
                            "items": [],
                            "tagSetSourceFile": "Tags/UnitTags"
                        },
                        "unitExcludedTagSet": {
                            "items": [],
                            "tagSetSourceFile": "Tags/UnitTags"
                        },
                        "spawnEffectTags": {
                            "items": [],
                            "tagSetSourceFile": "Tags/SpawnEffectTags"
                        },
                        "pilotDefId": "pilotDef_InheritLance",
                        "pilotTagSet": {
                            "items": [],
                            "tagSetSourceFile": ""
                        },
                        "pilotExcludedTagSet": {
                            "items": [],
                            "tagSetSourceFile": "Tags/PilotTags"
                        },
                        "selectedUnitType": "UNDEFINED",
                        "selectedUnitDefId": null,
                        "selectedPilotDefId": null
                    }
                ]
            }
        ]
    },
    "targetsAllyTeam": {
        "encounterLayerData": {
            "EncounterObjectGuid": "ca92ce11-36c5-40d1-ac17-2559e1d3bcc9"
        },
        "teamGuid": "31151ed6-cfc2-467e-98c4-9ae5bea784cf",
        "teamName": "Target's Ally",
        "faction": "INVALID_UNSET",
        "teamLeaderCastDefId": "castDef_TeamLeader_Current",
        "lanceOverrideList": []
    },
    "neutralToAllTeam": {
        "encounterLayerData": {
            "EncounterObjectGuid": "ca92ce11-36c5-40d1-ac17-2559e1d3bcc9"
        },
        "teamGuid": "61612bb3-abf9-4586-952a-0559fa9dcd75",
        "teamName": "Neutral to All",
        "faction": "INVALID_UNSET",
        "teamLeaderCastDefId": "castDef_TeamLeader_Current",
        "lanceOverrideList": []
    },
    "hostileToAllTeam": {
        "encounterLayerData": {
            "EncounterObjectGuid": "ca92ce11-36c5-40d1-ac17-2559e1d3bcc9"
        },
        "teamGuid": "3c9f3a20-ab03-4bcb-8ab6-b1ef0442bbf0",
        "teamName": "Hostile to All",
        "faction": "INVALID_UNSET",
        "teamLeaderCastDefId": "castDef_TeamLeader_Current",
        "lanceOverrideList": []
    },
    "difficultyUIModifier": "0",
    "filename": "DestroyBase_Eviction.json"
}