{
    "Description" : {
        "Id" : "background_youth_bankrupt",
        "Name" : "Family Bankruptcy",
        "Details" : "The day after your sixteenth birthday, your family went bankrupt, and your parents took their own lives.",
        "Icon" : "uixTxrLogo_backgroundBankrupt",
        "Cost" : 0,
        "Rarity" : 0,
        "Purchasable" : false
    },
    "Results" : {
        "Scope" : "Commander",
        "Requirements" : null,
        "AddedTags" : {
            "items" : [
                "commander_family_noble",
				"commander_youth_bankrupt"
            ],
            "tagSetSourceFile" : ""
        },
        "RemovedTags" : null,
        "Stats" : [
            {
                "typeString" : "System.Int32",
                "name" : "Piloting",
                "value" : 0,
                "valueConstant" : ""
            },
            {
                "typeString" : "System.Int32",
                "name" : "Gunnery",
                "value" : 0,
                "valueConstant" : ""
            },
            {
                "typeString" : "System.Int32",
                "name" : "Tactics",
                "value" : 1,
                "valueConstant" : ""
            },
            {
                "typeString" : "System.Int32",
                "name" : "Guts",
                "value" : 1,
                "valueConstant" : ""
            }
        ],
        "Actions" : null,
        "ForceEvents" : null,
        "TemporaryResult" : false,
        "ResultDuration" : 0
    },
    "BackgroundSection" : 1,
    "UIOrdering" : 2,
    "OptionName" : "Your family went bankrupt.",
	"OptionMusicTrigger" : "",
    "OptionDescription" : "As you grew older, you watched your family's fortune, income, and influence slowly dwindle away - until there was nothing left. Your parents, driven to despair, took their own lives.\r\n\r\nWith nothing but your family's ancestral [[DM.BaseDescriptionDefs[LoreAncestralBlackjack],Blackjack]] left to call your own, you set off to make a new life for yourself.\r\n\r\n+1 [[DM.BaseDescriptionDefs[StatMechWarriorTactics],Tactics]], +1 [[DM.BaseDescriptionDefs[StatMechWarriorGuts],Guts]]",
	"BioDescription" : "As you grew older, you watched your family's fortune, income, and influence slowly dwindle away - until there was nothing left. Your parents, driven to despair, took their own lives. With nothing but your family's ancestral Blackjack left to call your own, you set off to make a new life for yourself.\r\n"
}