{
    "Description" : {
        "Id" : "background_youth_accident",
        "Name" : "Family Lost In Accident",
        "Details" : "The day after your sixteenth birthday, the rest of your family died in an accident.",
        "Icon" : "uixTxrLogo_backgroundTragedy",
        "Cost" : 0,
        "Rarity" : 0,
        "Purchasable" : false
    },
    "Results" : {
        "Scope" : "Commander",
        "Requirements" : null,
        "AddedTags" : {
            "items" : [
                "commander_family_noble",
				"commander_youth_accident"
            ],
            "tagSetSourceFile" : ""
        },
        "RemovedTags" : null,
        "Stats" : [
            {
                "typeString" : "System.Int32",
                "name" : "Piloting",
                "value" : 1,
                "valueConstant" : ""
            },
            {
                "typeString" : "System.Int32",
                "name" : "Gunnery",
                "value" : 0,
                "valueConstant" : ""
            },
            {
                "typeString" : "System.Int32",
                "name" : "Tactics",
                "value" : 0,
                "valueConstant" : ""
            },
            {
                "typeString" : "System.Int32",
                "name" : "Guts",
                "value" : 1,
                "valueConstant" : ""
            }
        ],
        "Actions" : null,
        "ForceEvents" : null,
        "TemporaryResult" : false,
        "ResultDuration" : 0
    },
    "BackgroundSection" : 1,
    "UIOrdering" : 3,
    "OptionName" : "Your family died in an accident.",
	"OptionMusicTrigger" : "",
    "OptionDescription" : "The rest of your family died in a freak [[DM.BaseDescriptionDefs[LoreJumpShip],JumpShip]] accident, after which you discovered they had left nothing behind but piles of debt.\r\n\r\nAfter selling everything to settle the debt, you set off on your own, with only your family's ancestral [[DM.BaseDescriptionDefs[LoreAncestralBlackjack],Blackjack]] left to your name.\r\n\r\n+1 [[DM.BaseDescriptionDefs[StatMechWarriorPiloting],Piloting]], +1 [[DM.BaseDescriptionDefs[StatMechWarriorGuts],Guts]]",
	"BioDescription" : "The rest of your family died in a freak JumpShip accident, after which you discovered they had left nothing behind but piles of debt. After selling everything to settle the debt, you set off on your own, with only your family's ancestral Blackjack left to your name.\r\n"
}