{
    "Description" : {
        "Id" : "background_ancestry_Davion",
        "Name" : "Davion",
        "Details" : "Decades ago, your family came to the [[DM.BaseDescriptionDefs[LoreAuriganReach],Aurigan Reach]] from the [[DM.Factions[faction_Davion],Federated Suns]].",
        "Icon" : "uixTxrLogo_Davion",
        "Cost" : 0,
        "Rarity" : 0,
        "Purchasable" : false
    },
    "Results" : {
        "Scope" : "Commander",
        "Requirements" : null,
        "AddedTags" : {
            "items" : [
                "commander_ancestry_davion"
            ],
            "tagSetSourceFile" : ""
        },
        "RemovedTags" : null,
        "Stats" : [
            {
                "typeString" : "System.Int32",
                "name" : "Piloting",
                "value" : 1,
                "valueConstant" : ""
            },
            {
                "typeString" : "System.Int32",
                "name" : "Gunnery",
                "value" : 1,
                "valueConstant" : ""
            },
            {
                "typeString" : "System.Int32",
                "name" : "Tactics",
                "value" : 1,
                "valueConstant" : ""
            },
            {
                "typeString" : "System.Int32",
                "name" : "Guts",
                "value" : 1,
                "valueConstant" : ""
            }
        ],
        "Actions" : null,
        "ForceEvents" : null,
        "TemporaryResult" : false,
        "ResultDuration" : 0
    },
    "BackgroundSection" : 0,
	"UIOrdering" : 2,
	"OptionName" : "The Federated Suns (Davion)",
	"OptionMusicTrigger" : "davion",
	"OptionDescription" : "MechWarriors who hail from the [[DM.Factions[faction_Davion],Federated Suns]] tend to possess more finely honed skills and better equipment than their counterparts from other regions of space. They often see themselves as righteous warriors and champions of liberty - sometimes to a fault.\r\n\r\nThough nearly extinguished by the [[DM.Factions[faction_Kurita],Draconis Combine]] in the [[DM.BaseDescriptionDefs[LoreFirstSuccessionWar],First Succession War]], the Federated Suns - a constitutional monarchy ruled by the renowned [[DM.BaseDescriptionDefs[LoreHouseDavion],House Davion]] - has become arguably the most powerful of the five great [[DM.BaseDescriptionDefs[LoreSuccessorState],Successor States]]. Through skillful military campaigns and subtle diplomacy, House Davion has significantly increased the number of star systems under its control in the last two centuries.",
	"BioDescription" : "Decades ago, your family came to the Aurigan Reach from the Federated Suns. MechWarriors who hail from the Federated Suns tend to possess more finely honed skills and better equipment than their counterparts from other regions of space. They often see themselves as righteous warriors and champions of liberty - sometimes to a fault.\r\n"
}