{
    "Description" : {
        "Id" : "background_ancestry_Taurians",
        "Name" : "Taurians",
        "Details" : "Decades ago, your family came to the [[DM.BaseDescriptionDefs[LoreAuriganReach],Aurigan Reach]] from the [[DM.Factions[faction_TaurianConcordat],Taurian Concordat]].",
        "Icon" : "uixTxrLogo_TaurianConcordat",
        "Cost" : 0,
        "Rarity" : 0,
        "Purchasable" : false
    },
    "Results" : {
        "Scope" : "Commander",
        "Requirements" : null,
        "AddedTags" : {
            "items" : [
                "commander_ancestry_taurian"
            ],
            "tagSetSourceFile" : ""
        },
        "RemovedTags" : null,
        "Stats" : [
            {
                "typeString" : "System.Int32",
                "name" : "Piloting",
                "value" : 1,
                "valueConstant" : ""
            },
            {
                "typeString" : "System.Int32",
                "name" : "Gunnery",
                "value" : 1,
                "valueConstant" : ""
            },
            {
                "typeString" : "System.Int32",
                "name" : "Tactics",
                "value" : 1,
                "valueConstant" : ""
            },
            {
                "typeString" : "System.Int32",
                "name" : "Guts",
                "value" : 1,
                "valueConstant" : ""
            }
        ],
        "Actions" : null,
        "ForceEvents" : null,
        "TemporaryResult" : false,
        "ResultDuration" : 0
    },
    "BackgroundSection" : 0,
	"UIOrdering" : 6,
	"OptionName" : "The Taurian Concordat",
	"OptionMusicTrigger" : "concordat",
	"OptionDescription": "MechWarriors who hail from the [[DM.Factions[faction_TaurianConcordat],Taurian Concordat]] tend to be stubborn and aggressive. They can be quick to anger, but they are nonetheless skilled and perceptive combatants. \r\n\r\nFounded as a constitutional monarchy under the leadership of [[DM.BaseDescriptionDefs[LoreHouseCalderon],House Calderon]], the Taurian Concordat is the strongest military power of the [[DM.BaseDescriptionDefs[LoreRimwardPeriphery],Rimward Periphery]]. It is also one of the oldest surviving realms of human civilization, having been formed long before the creation of the [[DM.BaseDescriptionDefs[LoreStarLeague],Star League]]. Taurian citizens enjoy extensive freedoms guaranteed by the Concordat Charter, and take pride in defending those freedoms through compulsory service. The Taurian Concordat has long had an antagonistic relationship with the [[DM.BaseDescriptionDefs[LoreInnerSphere],Inner Sphere]], particularly with the [[DM.Factions[faction_Davion],Federated Suns]].",
	"BioDescription" : "Decades ago, your family came to the Aurigan Reach from the Taurian Concordat. MechWarriors who hail from the Taurian Concordat tend to be stubborn and aggressive but are nonetheless skilled and perceptive combatants. Founded as a constitutional monarchy under the leadership of House Calderon, the Taurian Concordat is the strongest military power of the Rimward Periphery.\r\n"
}