{
    "Description" : {
        "Id" : "background_ancestry_Kurita",
        "Name" : "Kurita",
        "Details" : "Decades ago, your family came to the [[DM.BaseDescriptionDefs[LoreAuriganReach],Aurigan Reach]] from the [[DM.Factions[faction_Kurita],Draconis Combine]].",
        "Icon" : "uixTxrLogo_Kurita",
        "Cost" : 0,
        "Rarity" : 0,
        "Purchasable" : false
    },
    "Results" : {
        "Scope" : "Commander",
        "Requirements" : null,
        "AddedTags" : {
            "items" : [
                "commander_ancestry_kurita"
            ],
            "tagSetSourceFile" : ""
        },
        "RemovedTags" : null,
        "Stats" : [
            {
                "typeString" : "System.Int32",
                "name" : "Piloting",
                "value" : 1,
                "valueConstant" : ""
            },
            {
                "typeString" : "System.Int32",
                "name" : "Gunnery",
                "value" : 1,
                "valueConstant" : ""
            },
            {
                "typeString" : "System.Int32",
                "name" : "Tactics",
                "value" : 1,
                "valueConstant" : ""
            },
            {
                "typeString" : "System.Int32",
                "name" : "Guts",
                "value" : 1,
                "valueConstant" : ""
            }
        ],
        "Actions" : null,
        "ForceEvents" : null,
        "TemporaryResult" : false,
        "ResultDuration" : 0
    },
    "BackgroundSection" : 0,
	"UIOrdering" : 0,
	"OptionName" : "The Draconis Combine (Kurita)",
	"OptionMusicTrigger" : "kurita",
	"OptionDescription" : "MechWarriors who hail from the [[DM.Factions[faction_Kurita],Combine]] tend to be fierce, disciplined, and relentless fighters, no matter the odds they might face on the battlefield.\r\n\r\nAlthough the Draconis Combine is as ethnically diverse as any of the vast interstellar empires, it is also one of the most culturally homogenous. Over centuries of rule, the founding [[DM.BaseDescriptionDefs[LoreHouseKurita],House Kurita]] has succeeded in uniting the people of the Combine into a single culture, one heavily molded around medieval Japanese society. While some, most notably the descendants of the conquered [[DM.BaseDescriptionDefs[LoreRasalhague],Principality of Rasalhague]], continue to chafe at the uniformity of Draconis society, overall this has created a more cohesive populace and military than seen in the other Great Houses of the [[DM.BaseDescriptionDefs[LoreInnerSphere],Inner Sphere]].",
	"BioDescription" : "Decades ago, your family came to the Aurigan Reach from the Draconis Combine. MechWarriors who hail from the Combine tend to be fierce, disciplined, and relentless fighters. Over centuries of rule, House Kurita has united the Combine into a single culture, heavily molded around medieval Japanese society.\r\n"
}