{
    "ID" : "Story_2_ThreeYearsLater_Template",
    "contractName" : "Three Years Later",
    "contractDisplayStyle" : "BaseCampaignStory",
    "difficulty" : 2,
    "difficultyUIModifier" : 0,
    "weight" : 1,
    "scope" : "STANDARD",
    "finalDifficulty" : 0,
    "shortDescription" : "The Independent Prospectors' League needs your help, Commander. Two months ago, a fleet of corporate DropShips from Majesty Metals & Manufacturing touched down on Ur Cruinne. They jumped our claim, pushed us off of our own mining platforms, and killed our people. We need your help to make things right.",
    "longDescription" : "The IPL may not be a high-profile client, but pickings are slim in this part of the Frontier, and... well, let's face it. We're overdue on our loans, and we need the money.",
    "salvagePotential" : 0,
    "requirementList" : [
        
    ],
    "OnContractSuccessResults" : [
        {
            "Scope" : "Company",
            "Requirements" : null,
            "AddedTags" : {
                "items" : [
                    
                ],
                "tagSetSourceFile" : ""
            },
            "RemovedTags" : {
                "items" : [
                    
                ],
                "tagSetSourceFile" : ""
            },
            "Stats" : [
                {
                    "typeString" : "System.Int32",
                    "name" : "NextStoryMilestone",
                    "value" : "1",
                    "set" : false,
                    "valueConstant" : ""
                }
            ],
            "Actions" : [
                
            ],
            "ForceEvents" : [
                
            ],
            "TemporaryResult" : false,
            "ResultDuration" : 0
        }
    ],
    "OnContractFailureResults" : [
        
    ],
    "contractType" : "Story_2_ThreeYearsLater",
    "encounterPlayStyle" : "SinglePlayer",
    "maxNumberOfPlayerUnits" : 4,
    "mapMood" : "Mission2",
    "startingFogOfWarVisibility" : "Surveyed",
    "contractObjectiveList" : [
        {
            "contractObjective" : {
                "EncounterObjectGuid" : "6898d554-89ee-4950-97e2-977bcc2f80c8"
            },
            "title" : "Recapture Employer's Mining Platforms",
            "description" : "Recapture Employer\u2019s Mining Platforms Engage and Destroy Enemy Units Survive ",
            "isPrimary" : true,
            "forPlayer" : "Player1",
            "objectiveGuids" : [
                "3797916d-dd95-4c69-ba72-c11e3a5648b3",
                "8131c77b-5395-4453-a2e2-8a0114f7b276",
                "3a4192be-2a53-4383-94ac-19c08883ea5f",
                "bb71de8a-f383-4ae6-9926-86cf6b79772a",
                "c02cca7e-6e2c-4a3d-beb0-f9af713a466f"
            ]
        },
        {
            "contractObjective" : {
                "EncounterObjectGuid" : "cba37132-22bb-4002-b2b1-e192d1094a3b"
            },
            "title" : "Engage and Destroy Enemy Units",
            "description" : "Engage and Destroy Enemy Units Description",
            "isPrimary" : true,
            "forPlayer" : "Player1",
            "objectiveGuids" : [
                "8131c77b-5395-4453-a2e2-8a0114f7b276"
            ]
        },
        {
            "contractObjective" : {
                "EncounterObjectGuid" : "4f85a623-dc8f-4d6f-aa90-20740f211215"
            },
            "title" : "Survive",
            "description" : "Survive Description",
            "isPrimary" : true,
            "forPlayer" : "Player1",
            "objectiveGuids" : [
                "8131c77b-5395-4453-a2e2-8a0114f7b276"
            ]
        }
    ],
    "objectiveList" : [
        {
            "objective" : {
                "EncounterObjectGuid" : "3797916d-dd95-4c69-ba72-c11e3a5648b3"
            },
            "title" : "Destroy the Generator to Eliminate the Turrets",
            "description" : "",
            "isPrimary" : false,
            "OnSuccessResults" : [
                
            ],
            "OnFailureResults" : [
                
            ]
        },
        {
            "objective" : {
                "EncounterObjectGuid" : "3a4192be-2a53-4383-94ac-19c08883ea5f"
            },
            "title" : "Return to your Employers' Platform",
            "description" : "",
            "isPrimary" : false,
            "OnSuccessResults" : [
                
            ],
            "OnFailureResults" : [
                
            ]
        },
        {
            "objective" : {
                "EncounterObjectGuid" : "c02cca7e-6e2c-4a3d-beb0-f9af713a466f"
            },
            "title" : "Destroy Hostile Forces",
            "description" : "",
            "isPrimary" : false,
            "OnSuccessResults" : [
                
            ],
            "OnFailureResults" : [
                
            ]
        },
        {
            "objective" : {
                "EncounterObjectGuid" : "8131c77b-5395-4453-a2e2-8a0114f7b276"
            },
            "title" : "Destroy the Shadow Hawk",
            "description" : "",
            "isPrimary" : false,
            "OnSuccessResults" : [
                
            ],
            "OnFailureResults" : [
                
            ]
        },
        {
            "objective" : {
                "EncounterObjectGuid" : "bb71de8a-f383-4ae6-9926-86cf6b79772a"
            },
            "title" : "Destroy the Corpsec Tower",
            "description" : "",
            "isPrimary" : false,
            "OnSuccessResults" : [
                
            ],
            "OnFailureResults" : [
                
            ]
        },
        {
            "objective" : {
                "EncounterObjectGuid" : "b6325d3e-3a23-43ba-b22b-1ebc343e91c3"
            },
            "title" : "HIDDEN Reinforcement Driver",
            "description" : "",
            "isPrimary" : false,
            "OnSuccessResults" : [
                
            ],
            "OnFailureResults" : [
                
            ]
        }
    ],
    "buildingList" : [
        
    ],
    "chunkList" : [
        
    ],
    "cameraFocusHelperList" : [
        {
            "name" : "LanceSpawner_Turrets_Alpha",
            "encounterObject" : {
                "EncounterObjectGuid" : "c98318df-5521-4b17-9fb2-bca4a8294f0f"
            }
        },
        {
            "name" : "LanceSpawner_Turrets_Bravo",
            "encounterObject" : {
                "EncounterObjectGuid" : "10876dfb-8541-471f-be83-6e54025fa7b2"
            }
        },
        {
            "name" : "LanceSpawner_Turrets_Neutral",
            "encounterObject" : {
                "EncounterObjectGuid" : "2171847f-33f7-4937-b48e-c6bbe4649f9c"
            }
        },
        {
            "name" : "LanceSpawner_Urbies",
            "encounterObject" : {
                "EncounterObjectGuid" : "bfa9e561-166b-4f4d-9c87-d44be4c680c5"
            }
        },
        {
            "name" : "PlayerLanceSpawner",
            "encounterObject" : {
                "EncounterObjectGuid" : "eb440f61-efce-4d2b-91b5-97a0800e74c6"
            }
        },
        {
            "name" : "LanceSpawner_EmployerTurrets_Friendly",
            "encounterObject" : {
                "EncounterObjectGuid" : "4068390d-21fe-4857-8692-879685f8dc33"
            }
        },
        {
            "name" : "LanceSpawner_EmployerTurrets_Hostile",
            "encounterObject" : {
                "EncounterObjectGuid" : "14500e60-ca4a-40f8-bdd5-54c0f866cce3"
            }
        },
        {
            "name" : "LanceSpawner_EmployerTurrets_Neutral",
            "encounterObject" : {
                "EncounterObjectGuid" : "5530818e-122a-493a-a19e-f73b9fd146af"
            }
        },
        {
            "name" : "DestroyLanceSpawner_Urbies",
            "encounterObject" : {
                "EncounterObjectGuid" : "fddf5e8b-07c6-492b-861e-2d9c2bde80ee"
            }
        },
        {
            "name" : "TargetLance",
            "encounterObject" : {
                "EncounterObjectGuid" : "6a480c0d-9da2-45ae-acc4-a3f25777fa2a"
            }
        },
        {
            "name" : "Region_Occupy",
            "encounterObject" : {
                "EncounterObjectGuid" : "a85da736-7a2e-4cc6-aff3-feb9d73fc7e1"
            }
        },
        {
            "name" : "Region_PlatformAlpha",
            "encounterObject" : {
                "EncounterObjectGuid" : "17ad88d1-b086-4d57-a797-1ddeab3c31aa"
            }
        },
        {
            "name" : "CameraFocus_PlatformBravo",
            "encounterObject" : {
                "EncounterObjectGuid" : "e15d94da-5de4-43df-9955-29d206c5076b"
            }
        },
        {
            "name" : "CameraFocus_PlatformAlpha",
            "encounterObject" : {
                "EncounterObjectGuid" : "4a4fd778-4d76-4284-a45b-716910c63671"
            }
        },
        {
            "name" : "CameraFocus_IPCPlatform",
            "encounterObject" : {
                "EncounterObjectGuid" : "6901e993-9edb-4f6e-9c99-82846438be82"
            }
        }
    ],
    "dialogueList" : [
        {
            "dialogue" : {
                "EncounterObjectGuid" : "bf6bf190-249c-4181-9f33-bc5f9e69dcf4"
            },
            "name" : "Async_ComeBackHome",
            "overrideDialogueBucketId" : "",
            "dialogueContent" : [
                {
                    "words" : "Great job, Commander. Double back to our client's platform. The sooner we can collect our pay and break orbit, the better.",
                    "wordsColor" : {
                        "r" : 1,
                        "g" : 1,
                        "b" : 1,
                        "a" : 1
                    },
                    "selectedCastDefId" : "castDef_DariusDefault",
                    "emote" : "Default",
                    "audioName" : "m020_060_darius",
                    "cameraFocusGuid" : "",
                    "cameraDistance" : "Far",
                    "cameraHeight" : "Default",
                    "revealRadius" : 0
                }
            ]
        },
        {
            "dialogue" : {
                "EncounterObjectGuid" : "26127c90-1c42-4cb4-b27b-0b1b225e9233"
            },
            "name" : "Inter_Betrayal",
            "overrideDialogueBucketId" : "",
            "dialogueContent" : [
                {
                    "words" : "Brilliant work, Commander. We should have no trouble mopping up at the other platforms now that their defenses are down.",
                    "wordsColor" : {
                        "r" : 1,
                        "g" : 1,
                        "b" : 1,
                        "a" : 1
                    },
                    "selectedCastDefId" : "castDef_SE02_EmployerDefault",
                    "emote" : "Default",
                    "audioName" : "NONE",
                    "cameraFocusGuid" : "",
                    "cameraDistance" : "Far",
                    "cameraHeight" : "Default",
                    "revealRadius" : 0
                },
                {
                    "words" : "We get the job done. Speaking of which\u2014",
                    "wordsColor" : {
                        "r" : 1,
                        "g" : 1,
                        "b" : 1,
                        "a" : 1
                    },
                    "selectedCastDefId" : "castDef_DariusDefault",
                    "emote" : "Default",
                    "audioName" : "NONE",
                    "cameraFocusGuid" : "",
                    "cameraDistance" : "Far",
                    "cameraHeight" : "Default",
                    "revealRadius" : 0
                },
                {
                    "words" : "I wasn't finished. These platforms won't do us much good if we can't hold them\u2014Majesty Metals taught us that. So we're going to need your BattleMechs.",
                    "wordsColor" : {
                        "r" : 1,
                        "g" : 1,
                        "b" : 1,
                        "a" : 1
                    },
                    "selectedCastDefId" : "castDef_SE02_EmployerDefault",
                    "emote" : "Default",
                    "audioName" : "NONE",
                    "cameraFocusGuid" : "",
                    "cameraDistance" : "Far",
                    "cameraHeight" : "Default",
                    "revealRadius" : 0
                },
                {
                    "words" : "You're going to want to reconsider that.",
                    "wordsColor" : {
                        "r" : 1,
                        "g" : 1,
                        "b" : 1,
                        "a" : 1
                    },
                    "selectedCastDefId" : "castDef_DariusDefault",
                    "emote" : "Default",
                    "audioName" : "NONE",
                    "cameraFocusGuid" : "",
                    "cameraDistance" : "Far",
                    "cameraHeight" : "Default",
                    "revealRadius" : 0
                },
                {
                    "words" : "Why? Your lance has already been target locked by our turrets. Now, power down and surrender, and we'll let you walk. Or try to fight, and we'll tear you to shreds. Your call.",
                    "wordsColor" : {
                        "r" : 1,
                        "g" : 1,
                        "b" : 1,
                        "a" : 1
                    },
                    "selectedCastDefId" : "castDef_SE02_EmployerDefault",
                    "emote" : "Default",
                    "audioName" : "NONE",
                    "cameraFocusGuid" : "",
                    "cameraDistance" : "Far",
                    "cameraHeight" : "Default",
                    "revealRadius" : 0
                },
                {
                    "words" : "[sigh] Well, there goes our goddamned payday. Hold tight, Commander\u2014we're on our way.",
                    "wordsColor" : {
                        "r" : 1,
                        "g" : 1,
                        "b" : 1,
                        "a" : 1
                    },
                    "selectedCastDefId" : "castDef_DariusDefault",
                    "emote" : "Default",
                    "audioName" : "NONE",
                    "cameraFocusGuid" : "",
                    "cameraDistance" : "Far",
                    "cameraHeight" : "Default",
                    "revealRadius" : 0
                }
            ]
        },
        {
            "dialogue" : {
                "EncounterObjectGuid" : "b7027bf0-8395-40cb-9ccd-83fe15de3700"
            },
            "name" : "Async_Stop",
            "overrideDialogueBucketId" : "",
            "dialogueContent" : [
                {
                    "words" : "You are trespassing on Majesty Metals and Manufacturing property, and acting in collusion with a domestic terrorist organization. Cease your advance immediately or you <i>will</i> be fired upon!",
                    "wordsColor" : {
                        "r" : 1,
                        "g" : 1,
                        "b" : 1,
                        "a" : 1
                    },
                    "selectedCastDefId" : "castDef_SE02_OpForDefault",
                    "emote" : "Default",
                    "audioName" : "m020_050_miningcom",
                    "cameraFocusGuid" : "",
                    "cameraDistance" : "Far",
                    "cameraHeight" : "Default",
                    "revealRadius" : 0
                }
            ]
        },
        {
            "dialogue" : {
                "EncounterObjectGuid" : "4af7829b-f342-4cf8-ab40-5cc21b04dd18"
            },
            "name" : "Inter_ShadowHawk",
            "overrideDialogueBucketId" : "",
            "dialogueContent" : [
                {
                    "words" : "There's our target, Commander. Proceed with caution\u2014Shadow Hawks can be dangerous at any range.",
                    "wordsColor" : {
                        "r" : 1,
                        "g" : 1,
                        "b" : 1,
                        "a" : 1
                    },
                    "selectedCastDefId" : "castDef_DariusDefault",
                    "emote" : "Default",
                    "audioName" : "m020_180_darius",
                    "cameraFocusGuid" : "",
                    "cameraDistance" : "Far",
                    "cameraHeight" : "Default",
                    "revealRadius" : -1
                }
            ]
        },
        {
            "dialogue" : {
                "EncounterObjectGuid" : "73df8d9c-a274-48fd-98c9-2bd0d7860e83"
            },
            "name" : "MissionStartDialogue",
            "overrideDialogueBucketId" : "",
            "dialogueContent" : [
                {
                    "words" : "The Independent Prospectors' League thanks you for your assistance, Commander. We're miners, not soldiers\u2014we can't fight these bastards off on our own.",
                    "wordsColor" : {
                        "r" : 1,
                        "g" : 1,
                        "b" : 1,
                        "a" : 1
                    },
                    "selectedCastDefId" : "castDef_SE02_EmployerDefault",
                    "emote" : "Default",
                    "audioName" : "NONE",
                    "cameraFocusGuid" : "",
                    "cameraDistance" : "Far",
                    "cameraHeight" : "Default",
                    "revealRadius" : -1
                },
                {
                    "words" : "That's what you're paying us for. Don't worry, we'll get your platforms back.",
                    "wordsColor" : {
                        "r" : 1,
                        "g" : 1,
                        "b" : 1,
                        "a" : 1
                    },
                    "selectedCastDefId" : "castDef_DariusDefault",
                    "emote" : "Default",
                    "audioName" : "NONE",
                    "cameraFocusGuid" : "",
                    "cameraDistance" : "Far",
                    "cameraHeight" : "Default",
                    "revealRadius" : 0
                },
                {
                    "words" : "This isn't just about reclaiming what's ours. Majesty Metals killed hundreds of us when they tried to jump our claim. We want you to make them bleed for what they've done here.",
                    "wordsColor" : {
                        "r" : 1,
                        "g" : 1,
                        "b" : 1,
                        "a" : 1
                    },
                    "selectedCastDefId" : "castDef_SE02_EmployerDefault",
                    "emote" : "Default",
                    "audioName" : "NONE",
                    "cameraFocusGuid" : "",
                    "cameraDistance" : "Far",
                    "cameraHeight" : "Default",
                    "revealRadius" : 0
                },
                {
                    "words" : "Commander, the OpFor is holding two of the IPL's mining platforms. The first, designated Alpha, is where they're keeping their turret generator. Move in fast and take it out\u2014those turrets hit hard, so you'll want to neutralize them ASAP.",
                    "wordsColor" : {
                        "r" : 1,
                        "g" : 1,
                        "b" : 1,
                        "a" : 1
                    },
                    "selectedCastDefId" : "castDef_DariusDefault",
                    "emote" : "Default",
                    "audioName" : "NONE",
                    "cameraFocusGuid" : "e15d94da-5de4-43df-9955-29d206c5076b",
                    "cameraDistance" : "Far",
                    "cameraHeight" : "Default",
                    "revealRadius" : 0
                },
                {
                    "words" : "Platform Bravo is the site of the OpFor's corporate security tower. Engage and destroy it. If they bring in a 'Mech to protect it, take that out, too. Then circle on back and we'll collect our pay.",
                    "wordsColor" : {
                        "r" : 1,
                        "g" : 1,
                        "b" : 1,
                        "a" : 1
                    },
                    "selectedCastDefId" : "castDef_DariusDefault",
                    "emote" : "Default",
                    "audioName" : "NONE",
                    "cameraFocusGuid" : "4a4fd778-4d76-4284-a45b-716910c63671",
                    "cameraDistance" : "Far",
                    "cameraHeight" : "Default",
                    "revealRadius" : 0
                },
                {
                    "words" : "That's right\u2014I'm ready and waiting to authorize the transfer. Now go on, Commander\u2026 hit those corporate pigs where it hurts. We'll be watching the action from here.",
                    "wordsColor" : {
                        "r" : 1,
                        "g" : 1,
                        "b" : 1,
                        "a" : 1
                    },
                    "selectedCastDefId" : "castDef_SE02_EmployerDefault",
                    "emote" : "Default",
                    "audioName" : "NONE",
                    "cameraFocusGuid" : "6901e993-9edb-4f6e-9c99-82846438be82",
                    "cameraDistance" : "Far",
                    "cameraHeight" : "Default",
                    "revealRadius" : 0
                }
            ]
        },
        {
            "dialogue" : {
                "EncounterObjectGuid" : "4011a4c3-cba2-4d22-b2b3-3b19a3297ab9"
            },
            "name" : "MissionSuccessDialogue",
            "overrideDialogueBucketId" : "",
            "dialogueContent" : [
                {
                    "words" : "Stand by for extraction, Commander\u2014let's get the hell out of here. Oh, and Darius?",
                    "wordsColor" : {
                        "r" : 1,
                        "g" : 1,
                        "b" : 1,
                        "a" : 1
                    },
                    "selectedCastDefId" : "castDef_SumireDefault",
                    "emote" : "Default",
                    "audioName" : "NONE",
                    "cameraFocusGuid" : "",
                    "cameraDistance" : "Far",
                    "cameraHeight" : "Default",
                    "revealRadius" : -1
                },
                {
                    "words" : "I know, Meyer, I know. You want another team meeting.",
                    "wordsColor" : {
                        "r" : 1,
                        "g" : 1,
                        "b" : 1,
                        "a" : 1
                    },
                    "selectedCastDefId" : "castDef_DariusDefault",
                    "emote" : "Default",
                    "audioName" : "NONE",
                    "cameraFocusGuid" : "",
                    "cameraDistance" : "Far",
                    "cameraHeight" : "Default",
                    "revealRadius" : 0
                },
                {
                    "words" : "Give the man a prize.",
                    "wordsColor" : {
                        "r" : 1,
                        "g" : 1,
                        "b" : 1,
                        "a" : 1
                    },
                    "selectedCastDefId" : "castDef_SumireDefault",
                    "emote" : "Default",
                    "audioName" : "NONE",
                    "cameraFocusGuid" : "",
                    "cameraDistance" : "Far",
                    "cameraHeight" : "Default",
                    "revealRadius" : 0
                }
            ]
        },
        {
            "dialogue" : {
                "EncounterObjectGuid" : "d3d33d95-9ed7-4686-b9eb-954ebe51cc02"
            },
            "name" : "MissionFailureDialogue",
            "overrideDialogueBucketId" : "",
            "dialogueContent" : [
                {
                    "words" : "Commander? Commander, are you reading me? Come in!",
                    "wordsColor" : {
                        "r" : 1,
                        "g" : 1,
                        "b" : 1,
                        "a" : 1
                    },
                    "selectedCastDefId" : "castDef_DariusDefault",
                    "emote" : "Default",
                    "audioName" : "NONE",
                    "cameraFocusGuid" : "",
                    "cameraDistance" : "Far",
                    "cameraHeight" : "Default",
                    "revealRadius" : -1
                }
            ]
        }
    ],
    "disableNegotations" : true,
    "disableLanceConfiguration" : true,
    "disableCancelButton" : true,
    "disableAfterAction" : false,
    "contractRewardOverride" : 0,
    "travelOnly" : false,
    "useTravelCostPenalty" : false,
    "usesExpiration" : false,
    "expirationTimeOverride" : -1,
    "negotiatedSalary" : 0.5,
    "negotiatedSalvage" : 0.5,
    "player1Team" : {
        "encounterLayerData" : {
            "EncounterObjectGuid" : "7e93efda-3634-433a-bd54-e82a05ff532b"
        },
        "teamGuid" : "bf40fd39-ccf9-47c4-94a6-061809681140",
        "teamName" : "Player 1",
        "faction" : "Player1sMercUnit",
        "teamLeaderCastDefId" : "castDef_TeamLeader_Current",
        "lanceOverrideList" : [
            {
                "lanceSpawner" : {
                    "EncounterObjectGuid" : "eb440f61-efce-4d2b-91b5-97a0800e74c6"
                },
                "name" : "PlayerLanceSpawner",
                "lanceDefId" : "Manual",
                "lanceTagSet" : {
                    "items" : [
                        
                    ],
                    "tagSetSourceFile" : ""
                },
                "lanceExcludedTagSet" : {
                    "items" : [
                        
                    ],
                    "tagSetSourceFile" : "Tags/LanceTags"
                },
                "spawnEffectTags" : {
                    "items" : [
                        
                    ],
                    "tagSetSourceFile" : "Tags/SpawnEffectTags"
                },
                "lanceDifficultyAdjustment" : 0,
                "selectedLanceDefId" : null,
                "selectedLanceDifficulty" : 0,
                "unitSpawnPointOverrideList" : [
                    {
                        "unitSpawnPoint" : {
                            "EncounterObjectGuid" : "3a12170f-4398-4ab3-b731-71740f5becae"
                        },
                        "customUnitName" : "",
                        "customHeraldryDefId" : "",
                        "unitType" : "Mech",
                        "unitDefId" : "mechDef_None",
                        "unitTagSet" : {
                            "items" : [
                                
                            ],
                            "tagSetSourceFile" : ""
                        },
                        "unitExcludedTagSet" : {
                            "items" : [
                                
                            ],
                            "tagSetSourceFile" : "Tags/UnitTags"
                        },
                        "spawnEffectTags" : {
                            "items" : [
                                
                            ],
                            "tagSetSourceFile" : "Tags/SpawnEffectTags"
                        },
                        "pilotDefId" : "pilot_default",
                        "pilotTagSet" : {
                            "items" : [
                                
                            ],
                            "tagSetSourceFile" : ""
                        },
                        "pilotExcludedTagSet" : {
                            "items" : [
                                
                            ],
                            "tagSetSourceFile" : "Tags/PilotTags"
                        },
                        "selectedUnitType" : "UNDEFINED",
                        "selectedUnitDefId" : null,
                        "selectedPilotDefId" : null
                    },
                    {
                        "unitSpawnPoint" : {
                            "EncounterObjectGuid" : "3e0d80ab-77d3-4c83-8241-7021703a30e6"
                        },
                        "customUnitName" : "",
                        "customHeraldryDefId" : "",
                        "unitType" : "Mech",
                        "unitDefId" : "mechDef_None",
                        "unitTagSet" : {
                            "items" : [
                                
                            ],
                            "tagSetSourceFile" : ""
                        },
                        "unitExcludedTagSet" : {
                            "items" : [
                                
                            ],
                            "tagSetSourceFile" : "Tags/UnitTags"
                        },
                        "spawnEffectTags" : {
                            "items" : [
                                
                            ],
                            "tagSetSourceFile" : "Tags/SpawnEffectTags"
                        },
                        "pilotDefId" : "pilot_default",
                        "pilotTagSet" : {
                            "items" : [
                                
                            ],
                            "tagSetSourceFile" : ""
                        },
                        "pilotExcludedTagSet" : {
                            "items" : [
                                
                            ],
                            "tagSetSourceFile" : "Tags/PilotTags"
                        },
                        "selectedUnitType" : "UNDEFINED",
                        "selectedUnitDefId" : null,
                        "selectedPilotDefId" : null
                    },
                    {
                        "unitSpawnPoint" : {
                            "EncounterObjectGuid" : "8a68a85d-09b4-41ba-8608-68df0cc45a66"
                        },
                        "customUnitName" : "",
                        "customHeraldryDefId" : "",
                        "unitType" : "Mech",
                        "unitDefId" : "mechDef_None",
                        "unitTagSet" : {
                            "items" : [
                                
                            ],
                            "tagSetSourceFile" : ""
                        },
                        "unitExcludedTagSet" : {
                            "items" : [
                                
                            ],
                            "tagSetSourceFile" : "Tags/UnitTags"
                        },
                        "spawnEffectTags" : {
                            "items" : [
                                
                            ],
                            "tagSetSourceFile" : "Tags/SpawnEffectTags"
                        },
                        "pilotDefId" : "pilot_default",
                        "pilotTagSet" : {
                            "items" : [
                                
                            ],
                            "tagSetSourceFile" : ""
                        },
                        "pilotExcludedTagSet" : {
                            "items" : [
                                
                            ],
                            "tagSetSourceFile" : "Tags/PilotTags"
                        },
                        "selectedUnitType" : "UNDEFINED",
                        "selectedUnitDefId" : null,
                        "selectedPilotDefId" : null
                    },
                    {
                        "unitSpawnPoint" : {
                            "EncounterObjectGuid" : "706341d4-1b6d-4e3c-978c-e0ef92433064"
                        },
                        "customUnitName" : "",
                        "customHeraldryDefId" : "",
                        "unitType" : "Mech",
                        "unitDefId" : "mechDef_None",
                        "unitTagSet" : {
                            "items" : [
                                
                            ],
                            "tagSetSourceFile" : ""
                        },
                        "unitExcludedTagSet" : {
                            "items" : [
                                
                            ],
                            "tagSetSourceFile" : "Tags/UnitTags"
                        },
                        "spawnEffectTags" : {
                            "items" : [
                                
                            ],
                            "tagSetSourceFile" : "Tags/SpawnEffectTags"
                        },
                        "pilotDefId" : "pilot_default",
                        "pilotTagSet" : {
                            "items" : [
                                
                            ],
                            "tagSetSourceFile" : ""
                        },
                        "pilotExcludedTagSet" : {
                            "items" : [
                                
                            ],
                            "tagSetSourceFile" : "Tags/PilotTags"
                        },
                        "selectedUnitType" : "UNDEFINED",
                        "selectedUnitDefId" : null,
                        "selectedPilotDefId" : null
                    }
                ]
            }
        ]
    },
    "player2Team" : {
        "encounterLayerData" : {
            "EncounterObjectGuid" : "7e93efda-3634-433a-bd54-e82a05ff532b"
        },
        "teamGuid" : "757173dd-b4e1-4bb5-9bee-d78e623cc867",
        "teamName" : "Player 2",
        "faction" : "Player2sMercUnit",
        "teamLeaderCastDefId" : "castDef_TeamLeader_Current",
        "lanceOverrideList" : [
            
        ]
    },
    "employerTeam" : {
        "encounterLayerData" : {
            "EncounterObjectGuid" : "7e93efda-3634-433a-bd54-e82a05ff532b"
        },
        "teamGuid" : "ecc8d4f2-74b4-465d-adf6-84445e5dfc230",
        "teamName" : "Employer",
        "faction" : "AuriganMercenaries",
        "teamLeaderCastDefId" : "castDef_TeamLeader_Current",
        "lanceOverrideList" : [
            {
                "lanceSpawner" : {
                    "EncounterObjectGuid" : "4068390d-21fe-4857-8692-879685f8dc33"
                },
                "name" : "LanceSpawner_EmployerTurrets_Friendly",
                "lanceDefId" : "Manual",
                "lanceTagSet" : {
                    "items" : [
                        
                    ],
                    "tagSetSourceFile" : "Tags/LanceTags"
                },
                "lanceExcludedTagSet" : {
                    "items" : [
                        
                    ],
                    "tagSetSourceFile" : "Tags/LanceTags"
                },
                "spawnEffectTags" : {
                    "items" : [
                        "spawn_poorly_maintained_50"
                    ],
                    "tagSetSourceFile" : "Tags/SpawnEffectTags"
                },
                "lanceDifficultyAdjustment" : 0,
                "selectedLanceDefId" : null,
                "selectedLanceDifficulty" : 0,
                "unitSpawnPointOverrideList" : [
                    {
                        "unitSpawnPoint" : {
                            "EncounterObjectGuid" : "b0b38333-b74a-459c-8765-a7078d65f5d5"
                        },
                        "customUnitName" : "",
                        "customHeraldryDefId" : "",
                        "unitType" : "Turret",
                        "unitDefId" : "turretdef_Light_Shredder",
                        "unitTagSet" : {
                            "items" : [
                                
                            ],
                            "tagSetSourceFile" : ""
                        },
                        "unitExcludedTagSet" : {
                            "items" : [
                                
                            ],
                            "tagSetSourceFile" : "Tags/UnitTags"
                        },
                        "spawnEffectTags" : {
                            "items" : [
                                
                            ],
                            "tagSetSourceFile" : "Tags/SpawnEffectTags"
                        },
                        "pilotDefId" : "pilot_d3_turret",
                        "pilotTagSet" : {
                            "items" : [
                                
                            ],
                            "tagSetSourceFile" : ""
                        },
                        "pilotExcludedTagSet" : {
                            "items" : [
                                
                            ],
                            "tagSetSourceFile" : "Tags/PilotTags"
                        },
                        "selectedUnitType" : "UNDEFINED",
                        "selectedUnitDefId" : null,
                        "selectedPilotDefId" : null
                    },
                    {
                        "unitSpawnPoint" : {
                            "EncounterObjectGuid" : "cf7d391e-0671-4fd7-b5ba-43da4b7e47cc"
                        },
                        "customUnitName" : "",
                        "customHeraldryDefId" : "",
                        "unitType" : "Turret",
                        "unitDefId" : "turretdef_Light_Shredder",
                        "unitTagSet" : {
                            "items" : [
                                
                            ],
                            "tagSetSourceFile" : ""
                        },
                        "unitExcludedTagSet" : {
                            "items" : [
                                
                            ],
                            "tagSetSourceFile" : "Tags/UnitTags"
                        },
                        "spawnEffectTags" : {
                            "items" : [
                                
                            ],
                            "tagSetSourceFile" : "Tags/SpawnEffectTags"
                        },
                        "pilotDefId" : "pilot_d3_turret",
                        "pilotTagSet" : {
                            "items" : [
                                
                            ],
                            "tagSetSourceFile" : ""
                        },
                        "pilotExcludedTagSet" : {
                            "items" : [
                                
                            ],
                            "tagSetSourceFile" : "Tags/PilotTags"
                        },
                        "selectedUnitType" : "UNDEFINED",
                        "selectedUnitDefId" : null,
                        "selectedPilotDefId" : null
                    },
                    {
                        "unitSpawnPoint" : {
                            "EncounterObjectGuid" : "ac6e93aa-00ae-4f35-a8b9-b06bc44cd032"
                        },
                        "customUnitName" : "",
                        "customHeraldryDefId" : "",
                        "unitType" : "Turret",
                        "unitDefId" : "turretdef_Light_Shredder",
                        "unitTagSet" : {
                            "items" : [
                                
                            ],
                            "tagSetSourceFile" : ""
                        },
                        "unitExcludedTagSet" : {
                            "items" : [
                                
                            ],
                            "tagSetSourceFile" : "Tags/UnitTags"
                        },
                        "spawnEffectTags" : {
                            "items" : [
                                
                            ],
                            "tagSetSourceFile" : "Tags/SpawnEffectTags"
                        },
                        "pilotDefId" : "pilot_d3_turret",
                        "pilotTagSet" : {
                            "items" : [
                                
                            ],
                            "tagSetSourceFile" : ""
                        },
                        "pilotExcludedTagSet" : {
                            "items" : [
                                
                            ],
                            "tagSetSourceFile" : "Tags/PilotTags"
                        },
                        "selectedUnitType" : "UNDEFINED",
                        "selectedUnitDefId" : null,
                        "selectedPilotDefId" : null
                    },
                    {
                        "unitSpawnPoint" : {
                            "EncounterObjectGuid" : "eef52987-8424-4bec-97b1-b8cac2de5f47"
                        },
                        "customUnitName" : "",
                        "customHeraldryDefId" : "",
                        "unitType" : "Turret",
                        "unitDefId" : "turretdef_Light_Shredder",
                        "unitTagSet" : {
                            "items" : [
                                
                            ],
                            "tagSetSourceFile" : ""
                        },
                        "unitExcludedTagSet" : {
                            "items" : [
                                
                            ],
                            "tagSetSourceFile" : "Tags/UnitTags"
                        },
                        "spawnEffectTags" : {
                            "items" : [
                                
                            ],
                            "tagSetSourceFile" : "Tags/SpawnEffectTags"
                        },
                        "pilotDefId" : "pilot_d3_turret",
                        "pilotTagSet" : {
                            "items" : [
                                
                            ],
                            "tagSetSourceFile" : ""
                        },
                        "pilotExcludedTagSet" : {
                            "items" : [
                                
                            ],
                            "tagSetSourceFile" : "Tags/PilotTags"
                        },
                        "selectedUnitType" : "UNDEFINED",
                        "selectedUnitDefId" : null,
                        "selectedPilotDefId" : null
                    }
                ]
            }
        ]
    },
    "targetTeam" : {
        "encounterLayerData" : {
            "EncounterObjectGuid" : "7e93efda-3634-433a-bd54-e82a05ff532b"
        },
        "teamGuid" : "be77cadd-e245-4240-a93e-b99cc98902a5",
        "teamName" : "Target",
        "faction" : "MajestyMetals",
        "teamLeaderCastDefId" : "castDef_TeamLeader_Current",
        "lanceOverrideList" : [
            {
                "lanceSpawner" : {
                    "EncounterObjectGuid" : "c98318df-5521-4b17-9fb2-bca4a8294f0f"
                },
                "name" : "LanceSpawner_Turrets_Alpha",
                "lanceDefId" : "Manual",
                "lanceTagSet" : {
                    "items" : [
                        
                    ],
                    "tagSetSourceFile" : "Tags/LanceTags"
                },
                "lanceExcludedTagSet" : {
                    "items" : [
                        
                    ],
                    "tagSetSourceFile" : "Tags/LanceTags"
                },
                "spawnEffectTags" : {
                    "items" : [
                        
                    ],
                    "tagSetSourceFile" : "Tags/SpawnEffectTags"
                },
                "lanceDifficultyAdjustment" : 0,
                "selectedLanceDefId" : null,
                "selectedLanceDifficulty" : 0,
                "unitSpawnPointOverrideList" : [
                    {
                        "unitSpawnPoint" : {
                            "EncounterObjectGuid" : "4a160ddb-67d1-4f1d-9433-c6edee23ba34"
                        },
                        "customUnitName" : "",
                        "customHeraldryDefId" : "",
                        "unitType" : "Turret",
                        "unitDefId" : "turretdef_Light_Laser",
                        "unitTagSet" : {
                            "items" : [
                                
                            ],
                            "tagSetSourceFile" : ""
                        },
                        "unitExcludedTagSet" : {
                            "items" : [
                                
                            ],
                            "tagSetSourceFile" : "Tags/UnitTags"
                        },
                        "spawnEffectTags" : {
                            "items" : [
                                
                            ],
                            "tagSetSourceFile" : "Tags/SpawnEffectTags"
                        },
                        "pilotDefId" : "pilot_d3_turret",
                        "pilotTagSet" : {
                            "items" : [
                                
                            ],
                            "tagSetSourceFile" : ""
                        },
                        "pilotExcludedTagSet" : {
                            "items" : [
                                
                            ],
                            "tagSetSourceFile" : "Tags/PilotTags"
                        },
                        "selectedUnitType" : "UNDEFINED",
                        "selectedUnitDefId" : null,
                        "selectedPilotDefId" : null
                    },
                    {
                        "unitSpawnPoint" : {
                            "EncounterObjectGuid" : "1c69d45b-6c27-4a15-b8ab-94a58d0db9d8"
                        },
                        "customUnitName" : "",
                        "customHeraldryDefId" : "",
                        "unitType" : "Turret",
                        "unitDefId" : "turretdef_Light_Laser",
                        "unitTagSet" : {
                            "items" : [
                                
                            ],
                            "tagSetSourceFile" : ""
                        },
                        "unitExcludedTagSet" : {
                            "items" : [
                                
                            ],
                            "tagSetSourceFile" : "Tags/UnitTags"
                        },
                        "spawnEffectTags" : {
                            "items" : [
                                
                            ],
                            "tagSetSourceFile" : "Tags/SpawnEffectTags"
                        },
                        "pilotDefId" : "pilot_d3_turret",
                        "pilotTagSet" : {
                            "items" : [
                                
                            ],
                            "tagSetSourceFile" : ""
                        },
                        "pilotExcludedTagSet" : {
                            "items" : [
                                
                            ],
                            "tagSetSourceFile" : "Tags/PilotTags"
                        },
                        "selectedUnitType" : "UNDEFINED",
                        "selectedUnitDefId" : null,
                        "selectedPilotDefId" : null
                    }
                ]
            },
            {
                "lanceSpawner" : {
                    "EncounterObjectGuid" : "10876dfb-8541-471f-be83-6e54025fa7b2"
                },
                "name" : "LanceSpawner_Turrets_Bravo",
                "lanceDefId" : "Manual",
                "lanceTagSet" : {
                    "items" : [
                        
                    ],
                    "tagSetSourceFile" : "Tags/LanceTags"
                },
                "lanceExcludedTagSet" : {
                    "items" : [
                        
                    ],
                    "tagSetSourceFile" : "Tags/LanceTags"
                },
                "spawnEffectTags" : {
                    "items" : [
                        
                    ],
                    "tagSetSourceFile" : "Tags/SpawnEffectTags"
                },
                "lanceDifficultyAdjustment" : 0,
                "selectedLanceDefId" : null,
                "selectedLanceDifficulty" : 0,
                "unitSpawnPointOverrideList" : [
                    {
                        "unitSpawnPoint" : {
                            "EncounterObjectGuid" : "8bbb23b8-2b83-4861-9d34-700fee9369af"
                        },
                        "customUnitName" : "",
                        "customHeraldryDefId" : "",
                        "unitType" : "Turret",
                        "unitDefId" : "turretdef_Light_Sniper",
                        "unitTagSet" : {
                            "items" : [
                                
                            ],
                            "tagSetSourceFile" : ""
                        },
                        "unitExcludedTagSet" : {
                            "items" : [
                                
                            ],
                            "tagSetSourceFile" : "Tags/UnitTags"
                        },
                        "spawnEffectTags" : {
                            "items" : [
                                
                            ],
                            "tagSetSourceFile" : "Tags/SpawnEffectTags"
                        },
                        "pilotDefId" : "pilot_d3_turret",
                        "pilotTagSet" : {
                            "items" : [
                                
                            ],
                            "tagSetSourceFile" : ""
                        },
                        "pilotExcludedTagSet" : {
                            "items" : [
                                
                            ],
                            "tagSetSourceFile" : "Tags/PilotTags"
                        },
                        "selectedUnitType" : "UNDEFINED",
                        "selectedUnitDefId" : null,
                        "selectedPilotDefId" : null
                    },
                    {
                        "unitSpawnPoint" : {
                            "EncounterObjectGuid" : "18255f26-60f1-4c75-afe8-c5e9b3b7c7b6"
                        },
                        "customUnitName" : "",
                        "customHeraldryDefId" : "",
                        "unitType" : "Turret",
                        "unitDefId" : "turretdef_Light_Sniper",
                        "unitTagSet" : {
                            "items" : [
                                
                            ],
                            "tagSetSourceFile" : ""
                        },
                        "unitExcludedTagSet" : {
                            "items" : [
                                
                            ],
                            "tagSetSourceFile" : "Tags/UnitTags"
                        },
                        "spawnEffectTags" : {
                            "items" : [
                                
                            ],
                            "tagSetSourceFile" : "Tags/SpawnEffectTags"
                        },
                        "pilotDefId" : "pilot_d3_turret",
                        "pilotTagSet" : {
                            "items" : [
                                
                            ],
                            "tagSetSourceFile" : ""
                        },
                        "pilotExcludedTagSet" : {
                            "items" : [
                                
                            ],
                            "tagSetSourceFile" : "Tags/PilotTags"
                        },
                        "selectedUnitType" : "UNDEFINED",
                        "selectedUnitDefId" : null,
                        "selectedPilotDefId" : null
                    },
                    {
                        "unitSpawnPoint" : {
                            "EncounterObjectGuid" : "8927a918-9c5e-452b-b871-b5c29812ae32"
                        },
                        "customUnitName" : "",
                        "customHeraldryDefId" : "",
                        "unitType" : "Turret",
                        "unitDefId" : "turretdef_Light_LRM",
                        "unitTagSet" : {
                            "items" : [
                                
                            ],
                            "tagSetSourceFile" : ""
                        },
                        "unitExcludedTagSet" : {
                            "items" : [
                                
                            ],
                            "tagSetSourceFile" : "Tags/UnitTags"
                        },
                        "spawnEffectTags" : {
                            "items" : [
                                
                            ],
                            "tagSetSourceFile" : "Tags/SpawnEffectTags"
                        },
                        "pilotDefId" : "pilot_d3_turret",
                        "pilotTagSet" : {
                            "items" : [
                                
                            ],
                            "tagSetSourceFile" : ""
                        },
                        "pilotExcludedTagSet" : {
                            "items" : [
                                
                            ],
                            "tagSetSourceFile" : "Tags/PilotTags"
                        },
                        "selectedUnitType" : "UNDEFINED",
                        "selectedUnitDefId" : null,
                        "selectedPilotDefId" : null
                    },
                    {
                        "unitSpawnPoint" : {
                            "EncounterObjectGuid" : "6f10033e-b730-4291-bc94-f8e9499fa61f"
                        },
                        "customUnitName" : "",
                        "customHeraldryDefId" : "",
                        "unitType" : "Turret",
                        "unitDefId" : "turretdef_Light_LRM",
                        "unitTagSet" : {
                            "items" : [
                                
                            ],
                            "tagSetSourceFile" : ""
                        },
                        "unitExcludedTagSet" : {
                            "items" : [
                                
                            ],
                            "tagSetSourceFile" : "Tags/UnitTags"
                        },
                        "spawnEffectTags" : {
                            "items" : [
                                
                            ],
                            "tagSetSourceFile" : "Tags/SpawnEffectTags"
                        },
                        "pilotDefId" : "pilot_d3_turret",
                        "pilotTagSet" : {
                            "items" : [
                                
                            ],
                            "tagSetSourceFile" : ""
                        },
                        "pilotExcludedTagSet" : {
                            "items" : [
                                
                            ],
                            "tagSetSourceFile" : "Tags/PilotTags"
                        },
                        "selectedUnitType" : "UNDEFINED",
                        "selectedUnitDefId" : null,
                        "selectedPilotDefId" : null
                    }
                ]
            },
            {
                "lanceSpawner" : {
                    "EncounterObjectGuid" : "bfa9e561-166b-4f4d-9c87-d44be4c680c5"
                },
                "name" : "LanceSpawner_Urbies",
                "lanceDefId" : "Manual",
                "lanceTagSet" : {
                    "items" : [
                        
                    ],
                    "tagSetSourceFile" : "Tags/LanceTags"
                },
                "lanceExcludedTagSet" : {
                    "items" : [
                        
                    ],
                    "tagSetSourceFile" : "Tags/LanceTags"
                },
                "spawnEffectTags" : {
                    "items" : [
                        "spawn_poorly_maintained_50"
                    ],
                    "tagSetSourceFile" : "Tags/SpawnEffectTags"
                },
                "lanceDifficultyAdjustment" : 0,
                "selectedLanceDefId" : null,
                "selectedLanceDifficulty" : 0,
                "unitSpawnPointOverrideList" : [
                    {
                        "unitSpawnPoint" : {
                            "EncounterObjectGuid" : "6f6fe9c5-e252-4c1b-8343-44d461efe327"
                        },
                        "customUnitName" : "",
                        "customHeraldryDefId" : "",
                        "unitType" : "Mech",
                        "unitDefId" : "mechdef_commando_COM-2D",
                        "unitTagSet" : {
                            "items" : [
                                
                            ],
                            "tagSetSourceFile" : ""
                        },
                        "unitExcludedTagSet" : {
                            "items" : [
                                
                            ],
                            "tagSetSourceFile" : "Tags/UnitTags"
                        },
                        "spawnEffectTags" : {
                            "items" : [
                                
                            ],
                            "tagSetSourceFile" : "Tags/SpawnEffectTags"
                        },
                        "pilotDefId" : "pilot_d3_gunner",
                        "pilotTagSet" : {
                            "items" : [
                                
                            ],
                            "tagSetSourceFile" : ""
                        },
                        "pilotExcludedTagSet" : {
                            "items" : [
                                
                            ],
                            "tagSetSourceFile" : "Tags/PilotTags"
                        },
                        "selectedUnitType" : "UNDEFINED",
                        "selectedUnitDefId" : null,
                        "selectedPilotDefId" : null
                    },
                    {
                        "unitSpawnPoint" : {
                            "EncounterObjectGuid" : "8524f358-3fa7-4533-ba28-5da80727ccbb"
                        },
                        "customUnitName" : "",
                        "customHeraldryDefId" : "",
                        "unitType" : "Mech",
                        "unitDefId" : "mechdef_spider_SDR-5V",
                        "unitTagSet" : {
                            "items" : [
                                
                            ],
                            "tagSetSourceFile" : ""
                        },
                        "unitExcludedTagSet" : {
                            "items" : [
                                
                            ],
                            "tagSetSourceFile" : "Tags/UnitTags"
                        },
                        "spawnEffectTags" : {
                            "items" : [
                                
                            ],
                            "tagSetSourceFile" : "Tags/SpawnEffectTags"
                        },
                        "pilotDefId" : "pilot_d3_tactician",
                        "pilotTagSet" : {
                            "items" : [
                                
                            ],
                            "tagSetSourceFile" : ""
                        },
                        "pilotExcludedTagSet" : {
                            "items" : [
                                
                            ],
                            "tagSetSourceFile" : "Tags/PilotTags"
                        },
                        "selectedUnitType" : "UNDEFINED",
                        "selectedUnitDefId" : null,
                        "selectedPilotDefId" : null
                    }
                ]
            },
            {
                "lanceSpawner" : {
                    "EncounterObjectGuid" : "6a480c0d-9da2-45ae-acc4-a3f25777fa2a"
                },
                "name" : "TargetLance",
                "lanceDefId" : "Manual",
                "lanceTagSet" : {
                    "items" : [
                        
                    ],
                    "tagSetSourceFile" : ""
                },
                "lanceExcludedTagSet" : {
                    "items" : [
                        
                    ],
                    "tagSetSourceFile" : "Tags/LanceTags"
                },
                "spawnEffectTags" : {
                    "items" : [
                        
                    ],
                    "tagSetSourceFile" : "Tags/SpawnEffectTags"
                },
                "lanceDifficultyAdjustment" : 0,
                "selectedLanceDefId" : null,
                "selectedLanceDifficulty" : 0,
                "unitSpawnPointOverrideList" : [
                    {
                        "unitSpawnPoint" : {
                            "EncounterObjectGuid" : "4b8dbb47-d328-40c0-89f7-6e235618269c"
                        },
                        "customUnitName" : "",
                        "customHeraldryDefId" : "",
                        "unitType" : "Mech",
                        "unitDefId" : "mechdef_shadowhawk_SHD-2H",
                        "unitTagSet" : {
                            "items" : [
                                
                            ],
                            "tagSetSourceFile" : ""
                        },
                        "unitExcludedTagSet" : {
                            "items" : [
                                
                            ],
                            "tagSetSourceFile" : "Tags/UnitTags"
                        },
                        "spawnEffectTags" : {
                            "items" : [
                                "spawn_poorly_maintained_50"
                            ],
                            "tagSetSourceFile" : "Tags/SpawnEffectTags"
                        },
                        "pilotDefId" : "pilot_d3_pilot",
                        "pilotTagSet" : {
                            "items" : [
                                
                            ],
                            "tagSetSourceFile" : ""
                        },
                        "pilotExcludedTagSet" : {
                            "items" : [
                                
                            ],
                            "tagSetSourceFile" : "Tags/PilotTags"
                        },
                        "selectedUnitType" : "UNDEFINED",
                        "selectedUnitDefId" : null,
                        "selectedPilotDefId" : null
                    },
                    {
                        "unitSpawnPoint" : {
                            "EncounterObjectGuid" : "86865967-d11a-4baf-afb8-b8e26603f8cb"
                        },
                        "customUnitName" : "",
                        "customHeraldryDefId" : "",
                        "unitType" : "Vehicle",
                        "unitDefId" : "vehicledef_SCORPION",
                        "unitTagSet" : {
                            "items" : [
                                
                            ],
                            "tagSetSourceFile" : ""
                        },
                        "unitExcludedTagSet" : {
                            "items" : [
                                
                            ],
                            "tagSetSourceFile" : "Tags/UnitTags"
                        },
                        "spawnEffectTags" : {
                            "items" : [
                                "spawn_poorly_maintained_25"
                            ],
                            "tagSetSourceFile" : "Tags/SpawnEffectTags"
                        },
                        "pilotDefId" : "pilot_d3_gunner",
                        "pilotTagSet" : {
                            "items" : [
                                
                            ],
                            "tagSetSourceFile" : ""
                        },
                        "pilotExcludedTagSet" : {
                            "items" : [
                                
                            ],
                            "tagSetSourceFile" : "Tags/PilotTags"
                        },
                        "selectedUnitType" : "UNDEFINED",
                        "selectedUnitDefId" : null,
                        "selectedPilotDefId" : null
                    },
                    {
                        "unitSpawnPoint" : {
                            "EncounterObjectGuid" : "a503479e-0a8b-4e71-9012-1a80709e9197"
                        },
                        "customUnitName" : "",
                        "customHeraldryDefId" : "",
                        "unitType" : "Vehicle",
                        "unitDefId" : "vehicledef_SCORPION",
                        "unitTagSet" : {
                            "items" : [
                                
                            ],
                            "tagSetSourceFile" : ""
                        },
                        "unitExcludedTagSet" : {
                            "items" : [
                                
                            ],
                            "tagSetSourceFile" : "Tags/UnitTags"
                        },
                        "spawnEffectTags" : {
                            "items" : [
                                "spawn_poorly_maintained_50"
                            ],
                            "tagSetSourceFile" : "Tags/SpawnEffectTags"
                        },
                        "pilotDefId" : "pilot_d3_gunner",
                        "pilotTagSet" : {
                            "items" : [
                                
                            ],
                            "tagSetSourceFile" : ""
                        },
                        "pilotExcludedTagSet" : {
                            "items" : [
                                
                            ],
                            "tagSetSourceFile" : "Tags/PilotTags"
                        },
                        "selectedUnitType" : "UNDEFINED",
                        "selectedUnitDefId" : null,
                        "selectedPilotDefId" : null
                    }
                ]
            }
        ]
    },
    "targetsAllyTeam" : {
        "encounterLayerData" : {
            "EncounterObjectGuid" : "7e93efda-3634-433a-bd54-e82a05ff532b"
        },
        "teamGuid" : "31151ed6-cfc2-467e-98c4-9ae5bea784cf",
        "teamName" : "Target's Ally",
        "faction" : "Locals",
        "teamLeaderCastDefId" : "castDef_TeamLeader_Current",
        "lanceOverrideList" : [
            
        ]
    },
    "neutralToAllTeam" : {
        "encounterLayerData" : {
            "EncounterObjectGuid" : "7e93efda-3634-433a-bd54-e82a05ff532b"
        },
        "teamGuid" : "61612bb3-abf9-4586-952a-0559fa9dcd75",
        "teamName" : "Neutral to All",
        "faction" : "Locals",
        "teamLeaderCastDefId" : "castDef_TeamLeader_Current",
        "lanceOverrideList" : [
            {
                "lanceSpawner" : {
                    "EncounterObjectGuid" : "2171847f-33f7-4937-b48e-c6bbe4649f9c"
                },
                "name" : "LanceSpawner_Turrets_Neutral",
                "lanceDefId" : "Manual",
                "lanceTagSet" : {
                    "items" : [
                        
                    ],
                    "tagSetSourceFile" : "Tags/LanceTags"
                },
                "lanceExcludedTagSet" : {
                    "items" : [
                        
                    ],
                    "tagSetSourceFile" : "Tags/LanceTags"
                },
                "spawnEffectTags" : {
                    "items" : [
                        
                    ],
                    "tagSetSourceFile" : "Tags/SpawnEffectTags"
                },
                "lanceDifficultyAdjustment" : 0,
                "selectedLanceDefId" : null,
                "selectedLanceDifficulty" : 0,
                "unitSpawnPointOverrideList" : [
                    
                ]
            },
            {
                "lanceSpawner" : {
                    "EncounterObjectGuid" : "5530818e-122a-493a-a19e-f73b9fd146af"
                },
                "name" : "LanceSpawner_EmployerTurrets_Neutral",
                "lanceDefId" : "Manual",
                "lanceTagSet" : {
                    "items" : [
                        
                    ],
                    "tagSetSourceFile" : "Tags/LanceTags"
                },
                "lanceExcludedTagSet" : {
                    "items" : [
                        
                    ],
                    "tagSetSourceFile" : "Tags/LanceTags"
                },
                "spawnEffectTags" : {
                    "items" : [
                        
                    ],
                    "tagSetSourceFile" : "Tags/SpawnEffectTags"
                },
                "lanceDifficultyAdjustment" : 0,
                "selectedLanceDefId" : null,
                "selectedLanceDifficulty" : 0,
                "unitSpawnPointOverrideList" : [
                    
                ]
            }
        ]
    },
    "hostileToAllTeam" : {
        "encounterLayerData" : {
            "EncounterObjectGuid" : "7e93efda-3634-433a-bd54-e82a05ff532b"
        },
        "teamGuid" : "3c9f3a20-ab03-4bcb-8ab6-b1ef0442bbf0",
        "teamName" : "Hostile to All",
        "faction" : "Locals",
        "teamLeaderCastDefId" : "castDef_TeamLeader_Current",
        "lanceOverrideList" : [
            {
                "lanceSpawner" : {
                    "EncounterObjectGuid" : "14500e60-ca4a-40f8-bdd5-54c0f866cce3"
                },
                "name" : "LanceSpawner_EmployerTurrets_Hostile",
                "lanceDefId" : "Manual",
                "lanceTagSet" : {
                    "items" : [
                        
                    ],
                    "tagSetSourceFile" : "Tags/LanceTags"
                },
                "lanceExcludedTagSet" : {
                    "items" : [
                        
                    ],
                    "tagSetSourceFile" : "Tags/LanceTags"
                },
                "spawnEffectTags" : {
                    "items" : [
                        
                    ],
                    "tagSetSourceFile" : "Tags/SpawnEffectTags"
                },
                "lanceDifficultyAdjustment" : 0,
                "selectedLanceDefId" : null,
                "selectedLanceDifficulty" : 0,
                "unitSpawnPointOverrideList" : [
                    
                ]
            },
            {
                "lanceSpawner" : {
                    "EncounterObjectGuid" : "fddf5e8b-07c6-492b-861e-2d9c2bde80ee"
                },
                "name" : "DestroyLanceSpawner_Urbies",
                "lanceDefId" : "Manual",
                "lanceTagSet" : {
                    "items" : [
                        
                    ],
                    "tagSetSourceFile" : ""
                },
                "lanceExcludedTagSet" : {
                    "items" : [
                        
                    ],
                    "tagSetSourceFile" : "Tags/LanceTags"
                },
                "spawnEffectTags" : {
                    "items" : [
                        "spawn_poorly_maintained_50"
                    ],
                    "tagSetSourceFile" : "Tags/SpawnEffectTags"
                },
                "lanceDifficultyAdjustment" : 0,
                "selectedLanceDefId" : null,
                "selectedLanceDifficulty" : 0,
                "unitSpawnPointOverrideList" : [
                    {
                        "unitSpawnPoint" : {
                            "EncounterObjectGuid" : "37634f3f-6855-4572-b526-1fa66e770831"
                        },
                        "customUnitName" : "",
                        "customHeraldryDefId" : "",
                        "unitType" : "Vehicle",
                        "unitDefId" : "vehicledef_GALLEON",
                        "unitTagSet" : {
                            "items" : [
                                
                            ],
                            "tagSetSourceFile" : ""
                        },
                        "unitExcludedTagSet" : {
                            "items" : [
                                
                            ],
                            "tagSetSourceFile" : "Tags/UnitTags"
                        },
                        "spawnEffectTags" : {
                            "items" : [
                                
                            ],
                            "tagSetSourceFile" : "Tags/SpawnEffectTags"
                        },
                        "pilotDefId" : "pilot_d3_gunner",
                        "pilotTagSet" : {
                            "items" : [
                                
                            ],
                            "tagSetSourceFile" : ""
                        },
                        "pilotExcludedTagSet" : {
                            "items" : [
                                
                            ],
                            "tagSetSourceFile" : "Tags/PilotTags"
                        },
                        "selectedUnitType" : "UNDEFINED",
                        "selectedUnitDefId" : null,
                        "selectedPilotDefId" : null
                    },
                    {
                        "unitSpawnPoint" : {
                            "EncounterObjectGuid" : "c2f52419-e1ba-43db-bb53-f2d21eba4f8c"
                        },
                        "customUnitName" : "",
                        "customHeraldryDefId" : "",
                        "unitType" : "Vehicle",
                        "unitDefId" : "vehicledef_STRIKER",
                        "unitTagSet" : {
                            "items" : [
                                
                            ],
                            "tagSetSourceFile" : ""
                        },
                        "unitExcludedTagSet" : {
                            "items" : [
                                
                            ],
                            "tagSetSourceFile" : "Tags/UnitTags"
                        },
                        "spawnEffectTags" : {
                            "items" : [
                                
                            ],
                            "tagSetSourceFile" : "Tags/SpawnEffectTags"
                        },
                        "pilotDefId" : "pilot_d3_gunner",
                        "pilotTagSet" : {
                            "items" : [
                                
                            ],
                            "tagSetSourceFile" : ""
                        },
                        "pilotExcludedTagSet" : {
                            "items" : [
                                
                            ],
                            "tagSetSourceFile" : "Tags/PilotTags"
                        },
                        "selectedUnitType" : "UNDEFINED",
                        "selectedUnitDefId" : null,
                        "selectedPilotDefId" : null
                    },
                    {
                        "unitSpawnPoint" : {
                            "EncounterObjectGuid" : "3ae6c2d2-470c-4c61-866a-1e2ff3cfb918"
                        },
                        "customUnitName" : "",
                        "customHeraldryDefId" : "",
                        "unitType" : "Vehicle",
                        "unitDefId" : "vehicledef_SCORPION",
                        "unitTagSet" : {
                            "items" : [
                                
                            ],
                            "tagSetSourceFile" : ""
                        },
                        "unitExcludedTagSet" : {
                            "items" : [
                                
                            ],
                            "tagSetSourceFile" : "Tags/UnitTags"
                        },
                        "spawnEffectTags" : {
                            "items" : [
                                
                            ],
                            "tagSetSourceFile" : "Tags/SpawnEffectTags"
                        },
                        "pilotDefId" : "pilot_d3_gunner",
                        "pilotTagSet" : {
                            "items" : [
                                
                            ],
                            "tagSetSourceFile" : ""
                        },
                        "pilotExcludedTagSet" : {
                            "items" : [
                                
                            ],
                            "tagSetSourceFile" : "Tags/PilotTags"
                        },
                        "selectedUnitType" : "UNDEFINED",
                        "selectedUnitDefId" : null,
                        "selectedPilotDefId" : null
                    }
                ]
            }
        ]
    }
}