{
    "id" : "audioeventdef_dialog_m005",
    "soundbankList" : [
        "dialog_m005"
    ],
    "audioEvents" : [
        {
            "k" : "m005_010_mechtech",
            "v" : {
                "name" : "m005_010_mechtech",
                "comment" : "",
                "isMusicEvent" : true,
                "eventData" : [
                    {
                        "eventType" : "Event",
                        "key" : "AudioEventList_vo",
                        "value" : "vo_stop_missions"
                    },
                    {
                        "eventType" : "Switch",
                        "key" : "dialog_missions",
                        "value" : "m005"
                    },
                    {
                        "eventType" : "Switch",
                        "key" : "dialog_lines_m005",
                        "value" : "m005_010_mechtech"
                    },
                    {
                        "eventType" : "Switch",
                        "key" : "dialog_origin_type",
                        "value" : "pilot"
                    },
                    {
                        "eventType" : "Event",
                        "key" : "AudioEventList_vo",
                        "value" : "vo_play_missions"
                    }
                ]
            }
        },
        {
            "k" : "m005_020_raju",
            "v" : {
                "name" : "m005_020_raju",
                "comment" : "",
                "isMusicEvent" : false,
                "eventData" : [
                    {
                        "eventType" : "Event",
                        "key" : "AudioEventList_vo",
                        "value" : "vo_stop_missions"
                    },
                    {
                        "eventType" : "Switch",
                        "key" : "dialog_missions",
                        "value" : "m005"
                    },
                    {
                        "eventType" : "Switch",
                        "key" : "dialog_lines_m005",
                        "value" : "m005_020_raju"
                    },
                    {
                        "eventType" : "Switch",
                        "key" : "dialog_origin_type",
                        "value" : "pilot"
                    },
                    {
                        "eventType" : "Event",
                        "key" : "AudioEventList_vo",
                        "value" : "vo_play_missions"
                    }
                ]
            }
        },
        {
            "k" : "m005_030_kamea",
            "v" : {
                "name" : "m005_030_kamea",
                "comment" : "",
                "isMusicEvent" : false,
                "eventData" : [
                    {
                        "eventType" : "Event",
                        "key" : "AudioEventList_vo",
                        "value" : "vo_stop_missions"
                    },
                    {
                        "eventType" : "Switch",
                        "key" : "dialog_missions",
                        "value" : "m005"
                    },
                    {
                        "eventType" : "Switch",
                        "key" : "dialog_lines_m005",
                        "value" : "m005_030_kamea"
                    },
                    {
                        "eventType" : "Switch",
                        "key" : "dialog_origin_type",
                        "value" : "pilot"
                    },
                    {
                        "eventType" : "Event",
                        "key" : "AudioEventList_vo",
                        "value" : "vo_play_missions"
                    }
                ]
            }
        },
        {
            "k" : "m005_040_raju",
            "v" : {
                "name" : "m005_040_raju",
                "comment" : "",
                "isMusicEvent" : false,
                "eventData" : [
                    {
                        "eventType" : "Event",
                        "key" : "AudioEventList_vo",
                        "value" : "vo_stop_missions"
                    },
                    {
                        "eventType" : "Switch",
                        "key" : "dialog_missions",
                        "value" : "m005"
                    },
                    {
                        "eventType" : "Switch",
                        "key" : "dialog_lines_m005",
                        "value" : "m005_040_raju"
                    },
                    {
                        "eventType" : "Switch",
                        "key" : "dialog_origin_type",
                        "value" : "pilot"
                    },
                    {
                        "eventType" : "Event",
                        "key" : "AudioEventList_vo",
                        "value" : "vo_play_missions"
                    }
                ]
            }
        },
        {
            "k" : "m005_050_victoria",
            "v" : {
                "name" : "m005_050_victoria",
                "comment" : "",
                "isMusicEvent" : false,
                "eventData" : [
                    {
                        "eventType" : "Event",
                        "key" : "AudioEventList_vo",
                        "value" : "vo_stop_missions"
                    },
                    {
                        "eventType" : "Switch",
                        "key" : "dialog_missions",
                        "value" : "m005"
                    },
                    {
                        "eventType" : "Switch",
                        "key" : "dialog_lines_m005",
                        "value" : "m005_050_victoria"
                    },
                    {
                        "eventType" : "Switch",
                        "key" : "dialog_origin_type",
                        "value" : "pilot"
                    },
                    {
                        "eventType" : "Event",
                        "key" : "AudioEventList_vo",
                        "value" : "vo_play_missions"
                    }
                ]
            }
        },
        {
            "k" : "m005_060_raju",
            "v" : {
                "name" : "m005_060_raju",
                "comment" : "",
                "isMusicEvent" : false,
                "eventData" : [
                    {
                        "eventType" : "Event",
                        "key" : "AudioEventList_vo",
                        "value" : "vo_stop_missions"
                    },
                    {
                        "eventType" : "Switch",
                        "key" : "dialog_missions",
                        "value" : "m005"
                    },
                    {
                        "eventType" : "Switch",
                        "key" : "dialog_lines_m005",
                        "value" : "m005_060_raju"
                    },
                    {
                        "eventType" : "Switch",
                        "key" : "dialog_origin_type",
                        "value" : "pilot"
                    },
                    {
                        "eventType" : "Event",
                        "key" : "AudioEventList_vo",
                        "value" : "vo_play_missions"
                    }
                ]
            }
        },
        {
            "k" : "m005_070_raju",
            "v" : {
                "name" : "m005_070_raju",
                "comment" : "",
                "isMusicEvent" : false,
                "eventData" : [
                    {
                        "eventType" : "Event",
                        "key" : "AudioEventList_vo",
                        "value" : "vo_stop_missions"
                    },
                    {
                        "eventType" : "Switch",
                        "key" : "dialog_missions",
                        "value" : "m005"
                    },
                    {
                        "eventType" : "Switch",
                        "key" : "dialog_lines_m005",
                        "value" : "m005_070_raju"
                    },
                    {
                        "eventType" : "Switch",
                        "key" : "dialog_origin_type",
                        "value" : "pilot"
                    },
                    {
                        "eventType" : "Event",
                        "key" : "AudioEventList_vo",
                        "value" : "vo_play_missions"
                    }
                ]
            }
        },
        {
            "k" : "m005_080_victoria",
            "v" : {
                "name" : "m005_080_victoria",
                "comment" : "",
                "isMusicEvent" : false,
                "eventData" : [
                    {
                        "eventType" : "Event",
                        "key" : "AudioEventList_vo",
                        "value" : "vo_stop_missions"
                    },
                    {
                        "eventType" : "Switch",
                        "key" : "dialog_missions",
                        "value" : "m005"
                    },
                    {
                        "eventType" : "Switch",
                        "key" : "dialog_lines_m005",
                        "value" : "m005_080_victoria"
                    },
                    {
                        "eventType" : "Switch",
                        "key" : "dialog_origin_type",
                        "value" : "pilot"
                    },
                    {
                        "eventType" : "Event",
                        "key" : "AudioEventList_vo",
                        "value" : "vo_play_missions"
                    }
                ]
            }
        },
        {
            "k" : "m005_090_kamea",
            "v" : {
                "name" : "m005_090_kamea",
                "comment" : "",
                "isMusicEvent" : false,
                "eventData" : [
                    {
                        "eventType" : "Event",
                        "key" : "AudioEventList_vo",
                        "value" : "vo_stop_missions"
                    },
                    {
                        "eventType" : "Switch",
                        "key" : "dialog_missions",
                        "value" : "m005"
                    },
                    {
                        "eventType" : "Switch",
                        "key" : "dialog_lines_m005",
                        "value" : "m005_090_kamea"
                    },
                    {
                        "eventType" : "Switch",
                        "key" : "dialog_origin_type",
                        "value" : "pilot"
                    },
                    {
                        "eventType" : "Event",
                        "key" : "AudioEventList_vo",
                        "value" : "vo_play_missions"
                    }
                ]
            }
        },
        {
            "k" : "m005_100_victoria",
            "v" : {
                "name" : "m005_100_victoria",
                "comment" : "",
                "isMusicEvent" : false,
                "eventData" : [
                    {
                        "eventType" : "Event",
                        "key" : "AudioEventList_vo",
                        "value" : "vo_stop_missions"
                    },
                    {
                        "eventType" : "Switch",
                        "key" : "dialog_missions",
                        "value" : "m005"
                    },
                    {
                        "eventType" : "Switch",
                        "key" : "dialog_lines_m005",
                        "value" : "m005_100_victoria"
                    },
                    {
                        "eventType" : "Switch",
                        "key" : "dialog_origin_type",
                        "value" : "pilot"
                    },
                    {
                        "eventType" : "Event",
                        "key" : "AudioEventList_vo",
                        "value" : "vo_play_missions"
                    }
                ]
            }
        },
        {
            "k" : "m005_110_raju",
            "v" : {
                "name" : "m005_110_raju",
                "comment" : "",
                "isMusicEvent" : false,
                "eventData" : [
                    {
                        "eventType" : "Event",
                        "key" : "AudioEventList_vo",
                        "value" : "vo_stop_missions"
                    },
                    {
                        "eventType" : "Switch",
                        "key" : "dialog_missions",
                        "value" : "m005"
                    },
                    {
                        "eventType" : "Switch",
                        "key" : "dialog_lines_m005",
                        "value" : "m005_110_raju"
                    },
                    {
                        "eventType" : "Switch",
                        "key" : "dialog_origin_type",
                        "value" : "pilot"
                    },
                    {
                        "eventType" : "Event",
                        "key" : "AudioEventList_vo",
                        "value" : "vo_play_missions"
                    }
                ]
            }
        },
        {
            "k" : "m005_120_raju",
            "v" : {
                "name" : "m005_120_raju",
                "comment" : "",
                "isMusicEvent" : false,
                "eventData" : [
                    {
                        "eventType" : "Event",
                        "key" : "AudioEventList_vo",
                        "value" : "vo_stop_missions"
                    },
                    {
                        "eventType" : "Switch",
                        "key" : "dialog_missions",
                        "value" : "m005"
                    },
                    {
                        "eventType" : "Switch",
                        "key" : "dialog_lines_m005",
                        "value" : "m005_120_raju"
                    },
                    {
                        "eventType" : "Switch",
                        "key" : "dialog_origin_type",
                        "value" : "pilot"
                    },
                    {
                        "eventType" : "Event",
                        "key" : "AudioEventList_vo",
                        "value" : "vo_play_missions"
                    }
                ]
            }
        },
        {
            "k" : "m005_130_victoria",
            "v" : {
                "name" : "m005_130_victoria",
                "comment" : "",
                "isMusicEvent" : false,
                "eventData" : [
                    {
                        "eventType" : "Event",
                        "key" : "AudioEventList_vo",
                        "value" : "vo_stop_missions"
                    },
                    {
                        "eventType" : "Switch",
                        "key" : "dialog_missions",
                        "value" : "m005"
                    },
                    {
                        "eventType" : "Switch",
                        "key" : "dialog_lines_m005",
                        "value" : "m005_130_victoria"
                    },
                    {
                        "eventType" : "Switch",
                        "key" : "dialog_origin_type",
                        "value" : "pilot"
                    },
                    {
                        "eventType" : "Event",
                        "key" : "AudioEventList_vo",
                        "value" : "vo_play_missions"
                    }
                ]
            }
        },
        {
            "k" : "m005_140_raju",
            "v" : {
                "name" : "m005_140_raju",
                "comment" : "",
                "isMusicEvent" : false,
                "eventData" : [
                    {
                        "eventType" : "Event",
                        "key" : "AudioEventList_vo",
                        "value" : "vo_stop_missions"
                    },
                    {
                        "eventType" : "Switch",
                        "key" : "dialog_missions",
                        "value" : "m005"
                    },
                    {
                        "eventType" : "Switch",
                        "key" : "dialog_lines_m005",
                        "value" : "m005_140_raju"
                    },
                    {
                        "eventType" : "Switch",
                        "key" : "dialog_origin_type",
                        "value" : "pilot"
                    },
                    {
                        "eventType" : "Event",
                        "key" : "AudioEventList_vo",
                        "value" : "vo_play_missions"
                    }
                ]
            }
        },
        {
            "k" : "m005_150_raju",
            "v" : {
                "name" : "m005_150_raju",
                "comment" : "",
                "isMusicEvent" : false,
                "eventData" : [
                    {
                        "eventType" : "Event",
                        "key" : "AudioEventList_vo",
                        "value" : "vo_stop_missions"
                    },
                    {
                        "eventType" : "Switch",
                        "key" : "dialog_missions",
                        "value" : "m005"
                    },
                    {
                        "eventType" : "Switch",
                        "key" : "dialog_lines_m005",
                        "value" : "m005_150_raju"
                    },
                    {
                        "eventType" : "Switch",
                        "key" : "dialog_origin_type",
                        "value" : "pilot"
                    },
                    {
                        "eventType" : "Event",
                        "key" : "AudioEventList_vo",
                        "value" : "vo_play_missions"
                    }
                ]
            }
        },
        {
            "k" : "m005_160_com",
            "v" : {
                "name" : "m005_160_com",
                "comment" : "",
                "isMusicEvent" : false,
                "eventData" : [
                    {
                        "eventType" : "Event",
                        "key" : "AudioEventList_vo",
                        "value" : "vo_stop_missions"
                    },
                    {
                        "eventType" : "Switch",
                        "key" : "dialog_missions",
                        "value" : "m005"
                    },
                    {
                        "eventType" : "Switch",
                        "key" : "dialog_lines_m005",
                        "value" : "m005_160_com"
                    },
                    {
                        "eventType" : "Switch",
                        "key" : "dialog_origin_type",
                        "value" : "computer"
                    },
                    {
                        "eventType" : "Event",
                        "key" : "AudioEventList_vo",
                        "value" : "vo_play_missions"
                    }
                ]
            }
        },
        {
            "k" : "m005_170_raju",
            "v" : {
                "name" : "m005_170_raju",
                "comment" : "",
                "isMusicEvent" : false,
                "eventData" : [
                    {
                        "eventType" : "Event",
                        "key" : "AudioEventList_vo",
                        "value" : "vo_stop_missions"
                    },
                    {
                        "eventType" : "Switch",
                        "key" : "dialog_missions",
                        "value" : "m005"
                    },
                    {
                        "eventType" : "Switch",
                        "key" : "dialog_lines_m005",
                        "value" : "m005_170_raju"
                    },
                    {
                        "eventType" : "Switch",
                        "key" : "dialog_origin_type",
                        "value" : "pilot"
                    },
                    {
                        "eventType" : "Event",
                        "key" : "AudioEventList_vo",
                        "value" : "vo_play_missions"
                    }
                ]
            }
        },
        {
            "k" : "m005_180_mechtech",
            "v" : {
                "name" : "m005_180_mechtech",
                "comment" : "",
                "isMusicEvent" : false,
                "eventData" : [
                    {
                        "eventType" : "Event",
                        "key" : "AudioEventList_vo",
                        "value" : "vo_stop_missions"
                    },
                    {
                        "eventType" : "Switch",
                        "key" : "dialog_missions",
                        "value" : "m005"
                    },
                    {
                        "eventType" : "Switch",
                        "key" : "dialog_lines_m005",
                        "value" : "m005_180_mechtech"
                    },
                    {
                        "eventType" : "Switch",
                        "key" : "dialog_origin_type",
                        "value" : "pilot"
                    },
                    {
                        "eventType" : "Event",
                        "key" : "AudioEventList_vo",
                        "value" : "vo_play_missions"
                    }
                ]
            }
        },
        {
            "k" : "m005_190_kamea",
            "v" : {
                "name" : "m005_190_kamea",
                "comment" : "",
                "isMusicEvent" : false,
                "eventData" : [
                    {
                        "eventType" : "Event",
                        "key" : "AudioEventList_vo",
                        "value" : "vo_stop_missions"
                    },
                    {
                        "eventType" : "Switch",
                        "key" : "dialog_missions",
                        "value" : "m005"
                    },
                    {
                        "eventType" : "Switch",
                        "key" : "dialog_lines_m005",
                        "value" : "m005_190_kamea"
                    },
                    {
                        "eventType" : "Switch",
                        "key" : "dialog_origin_type",
                        "value" : "pilot"
                    },
                    {
                        "eventType" : "Event",
                        "key" : "AudioEventList_vo",
                        "value" : "vo_play_missions"
                    }
                ]
            }
        },
        {
            "k" : "m005_200_raju",
            "v" : {
                "name" : "m005_200_raju",
                "comment" : "",
                "isMusicEvent" : false,
                "eventData" : [
                    {
                        "eventType" : "Event",
                        "key" : "AudioEventList_vo",
                        "value" : "vo_stop_missions"
                    },
                    {
                        "eventType" : "Switch",
                        "key" : "dialog_missions",
                        "value" : "m005"
                    },
                    {
                        "eventType" : "Switch",
                        "key" : "dialog_lines_m005",
                        "value" : "m005_200_raju"
                    },
                    {
                        "eventType" : "Switch",
                        "key" : "dialog_origin_type",
                        "value" : "pilot"
                    },
                    {
                        "eventType" : "Event",
                        "key" : "AudioEventList_vo",
                        "value" : "vo_play_missions"
                    }
                ]
            }
        },
        {
            "k" : "m005_210_raju",
            "v" : {
                "name" : "m005_210_raju",
                "comment" : "",
                "isMusicEvent" : false,
                "eventData" : [
                    {
                        "eventType" : "Event",
                        "key" : "AudioEventList_vo",
                        "value" : "vo_stop_missions"
                    },
                    {
                        "eventType" : "Switch",
                        "key" : "dialog_missions",
                        "value" : "m005"
                    },
                    {
                        "eventType" : "Switch",
                        "key" : "dialog_lines_m005",
                        "value" : "m005_210_raju"
                    },
                    {
                        "eventType" : "Switch",
                        "key" : "dialog_origin_type",
                        "value" : "pilot"
                    },
                    {
                        "eventType" : "Event",
                        "key" : "AudioEventList_vo",
                        "value" : "vo_play_missions"
                    }
                ]
            }
        },
        {
            "k" : "m005_220_raju",
            "v" : {
                "name" : "m005_220_raju",
                "comment" : "",
                "isMusicEvent" : false,
                "eventData" : [
                    {
                        "eventType" : "Event",
                        "key" : "AudioEventList_vo",
                        "value" : "vo_stop_missions"
                    },
                    {
                        "eventType" : "Switch",
                        "key" : "dialog_missions",
                        "value" : "m005"
                    },
                    {
                        "eventType" : "Switch",
                        "key" : "dialog_lines_m005",
                        "value" : "m005_220_raju"
                    },
                    {
                        "eventType" : "Switch",
                        "key" : "dialog_origin_type",
                        "value" : "pilot"
                    },
                    {
                        "eventType" : "Event",
                        "key" : "AudioEventList_vo",
                        "value" : "vo_play_missions"
                    }
                ]
            }
        },
        {
            "k" : "m005_230_raju",
            "v" : {
                "name" : "m005_230_raju",
                "comment" : "",
                "isMusicEvent" : false,
                "eventData" : [
                    {
                        "eventType" : "Event",
                        "key" : "AudioEventList_vo",
                        "value" : "vo_stop_missions"
                    },
                    {
                        "eventType" : "Switch",
                        "key" : "dialog_missions",
                        "value" : "m005"
                    },
                    {
                        "eventType" : "Switch",
                        "key" : "dialog_lines_m005",
                        "value" : "m005_230_raju"
                    },
                    {
                        "eventType" : "Switch",
                        "key" : "dialog_origin_type",
                        "value" : "pilot"
                    },
                    {
                        "eventType" : "Event",
                        "key" : "AudioEventList_vo",
                        "value" : "vo_play_missions"
                    }
                ]
            }
        },
        {
            "k" : "m005_240_raju",
            "v" : {
                "name" : "m005_240_raju",
                "comment" : "",
                "isMusicEvent" : false,
                "eventData" : [
                    {
                        "eventType" : "Event",
                        "key" : "AudioEventList_vo",
                        "value" : "vo_stop_missions"
                    },
                    {
                        "eventType" : "Switch",
                        "key" : "dialog_missions",
                        "value" : "m005"
                    },
                    {
                        "eventType" : "Switch",
                        "key" : "dialog_lines_m005",
                        "value" : "m005_240_raju"
                    },
                    {
                        "eventType" : "Switch",
                        "key" : "dialog_origin_type",
                        "value" : "pilot"
                    },
                    {
                        "eventType" : "Event",
                        "key" : "AudioEventList_vo",
                        "value" : "vo_play_missions"
                    }
                ]
            }
        },
        {
            "k" : "m005_250_kamea",
            "v" : {
                "name" : "m005_250_kamea",
                "comment" : "",
                "isMusicEvent" : false,
                "eventData" : [
                    {
                        "eventType" : "Event",
                        "key" : "AudioEventList_vo",
                        "value" : "vo_stop_missions"
                    },
                    {
                        "eventType" : "Switch",
                        "key" : "dialog_missions",
                        "value" : "m005"
                    },
                    {
                        "eventType" : "Switch",
                        "key" : "dialog_lines_m005",
                        "value" : "m005_250_kamea"
                    },
                    {
                        "eventType" : "Switch",
                        "key" : "dialog_origin_type",
                        "value" : "pilot"
                    },
                    {
                        "eventType" : "Event",
                        "key" : "AudioEventList_vo",
                        "value" : "vo_play_missions"
                    }
                ]
            }
        },
        {
            "k" : "m005_260_alexander",
            "v" : {
                "name" : "m005_260_alexander",
                "comment" : "",
                "isMusicEvent" : false,
                "eventData" : [
                    {
                        "eventType" : "Event",
                        "key" : "AudioEventList_vo",
                        "value" : "vo_stop_missions"
                    },
                    {
                        "eventType" : "Switch",
                        "key" : "dialog_missions",
                        "value" : "m005"
                    },
                    {
                        "eventType" : "Switch",
                        "key" : "dialog_lines_m005",
                        "value" : "m005_260_alexander"
                    },
                    {
                        "eventType" : "Switch",
                        "key" : "dialog_origin_type",
                        "value" : "pilot"
                    },
                    {
                        "eventType" : "Event",
                        "key" : "AudioEventList_vo",
                        "value" : "vo_play_missions"
                    }
                ]
            }
        },
        {
            "k" : "m005_270_kamea",
            "v" : {
                "name" : "m005_270_kamea",
                "comment" : "",
                "isMusicEvent" : false,
                "eventData" : [
                    {
                        "eventType" : "Event",
                        "key" : "AudioEventList_vo",
                        "value" : "vo_stop_missions"
                    },
                    {
                        "eventType" : "Switch",
                        "key" : "dialog_missions",
                        "value" : "m005"
                    },
                    {
                        "eventType" : "Switch",
                        "key" : "dialog_lines_m005",
                        "value" : "m005_270_kamea"
                    },
                    {
                        "eventType" : "Switch",
                        "key" : "dialog_origin_type",
                        "value" : "pilot"
                    },
                    {
                        "eventType" : "Event",
                        "key" : "AudioEventList_vo",
                        "value" : "vo_play_missions"
                    }
                ]
            }
        },
        {
            "k" : "m005_280_alexander",
            "v" : {
                "name" : "m005_280_alexander",
                "comment" : "",
                "isMusicEvent" : false,
                "eventData" : [
                    {
                        "eventType" : "Event",
                        "key" : "AudioEventList_vo",
                        "value" : "vo_stop_missions"
                    },
                    {
                        "eventType" : "Switch",
                        "key" : "dialog_missions",
                        "value" : "m005"
                    },
                    {
                        "eventType" : "Switch",
                        "key" : "dialog_lines_m005",
                        "value" : "m005_280_alexander"
                    },
                    {
                        "eventType" : "Switch",
                        "key" : "dialog_origin_type",
                        "value" : "pilot"
                    },
                    {
                        "eventType" : "Event",
                        "key" : "AudioEventList_vo",
                        "value" : "vo_play_missions"
                    }
                ]
            }
        },
        {
            "k" : "m005_290_victoria",
            "v" : {
                "name" : "m005_290_victoria",
                "comment" : "",
                "isMusicEvent" : false,
                "eventData" : [
                    {
                        "eventType" : "Event",
                        "key" : "AudioEventList_vo",
                        "value" : "vo_stop_missions"
                    },
                    {
                        "eventType" : "Switch",
                        "key" : "dialog_missions",
                        "value" : "m005"
                    },
                    {
                        "eventType" : "Switch",
                        "key" : "dialog_lines_m005",
                        "value" : "m005_290_victoria"
                    },
                    {
                        "eventType" : "Switch",
                        "key" : "dialog_origin_type",
                        "value" : "pilot"
                    },
                    {
                        "eventType" : "Event",
                        "key" : "AudioEventList_vo",
                        "value" : "vo_play_missions"
                    }
                ]
            }
        },
        {
            "k" : "m005_300_kamea",
            "v" : {
                "name" : "m005_300_kamea",
                "comment" : "",
                "isMusicEvent" : false,
                "eventData" : [
                    {
                        "eventType" : "Event",
                        "key" : "AudioEventList_vo",
                        "value" : "vo_stop_missions"
                    },
                    {
                        "eventType" : "Switch",
                        "key" : "dialog_missions",
                        "value" : "m005"
                    },
                    {
                        "eventType" : "Switch",
                        "key" : "dialog_lines_m005",
                        "value" : "m005_300_kamea"
                    },
                    {
                        "eventType" : "Event",
                        "key" : "AudioEventList_vo",
                        "value" : "vo_play_missions"
                    },
                    {
                        "eventType" : "Switch",
                        "key" : "dialog_origin_type",
                        "value" : "pilot"
                    }
                ]
            }
        },
        {
            "k" : "m005_310_victoria",
            "v" : {
                "name" : "m005_310_victoria",
                "comment" : "",
                "isMusicEvent" : false,
                "eventData" : [
                    {
                        "eventType" : "Event",
                        "key" : "AudioEventList_vo",
                        "value" : "vo_stop_missions"
                    },
                    {
                        "eventType" : "Switch",
                        "key" : "dialog_missions",
                        "value" : "m005"
                    },
                    {
                        "eventType" : "Switch",
                        "key" : "dialog_lines_m005",
                        "value" : "m005_310_victoria"
                    },
                    {
                        "eventType" : "Switch",
                        "key" : "dialog_origin_type",
                        "value" : "pilot"
                    },
                    {
                        "eventType" : "Event",
                        "key" : "AudioEventList_vo",
                        "value" : "vo_play_missions"
                    }
                ]
            }
        },
        {
            "k" : "m005_142_raju",
            "v" : {
                "name" : "m005_142_raju",
                "comment" : "",
                "isMusicEvent" : false,
                "eventData" : [
                    {
                        "eventType" : "Event",
                        "key" : "AudioEventList_vo",
                        "value" : "vo_stop_missions"
                    },
                    {
                        "eventType" : "Switch",
                        "key" : "dialog_missions",
                        "value" : "m005"
                    },
                    {
                        "eventType" : "Switch",
                        "key" : "dialog_lines_m005",
                        "value" : "m005_142_raju"
                    },
                    {
                        "eventType" : "Switch",
                        "key" : "dialog_origin_type",
                        "value" : "pilot"
                    },
                    {
                        "eventType" : "Event",
                        "key" : "AudioEventList_vo",
                        "value" : "vo_play_missions"
                    }
                ]
            }
        },
        {
            "k" : "m005_144_raju",
            "v" : {
                "name" : "m005_144_raju",
                "comment" : "",
                "isMusicEvent" : false,
                "eventData" : [
                    {
                        "eventType" : "Event",
                        "key" : "AudioEventList_vo",
                        "value" : "vo_stop_missions"
                    },
                    {
                        "eventType" : "Switch",
                        "key" : "dialog_missions",
                        "value" : "m005"
                    },
                    {
                        "eventType" : "Switch",
                        "key" : "dialog_lines_m005",
                        "value" : "m005_144_raju"
                    },
                    {
                        "eventType" : "Switch",
                        "key" : "dialog_origin_type",
                        "value" : "pilot"
                    },
                    {
                        "eventType" : "Event",
                        "key" : "AudioEventList_vo",
                        "value" : "vo_play_missions"
                    }
                ]
            }
        },
        {
            "k" : "m005_146_raju",
            "v" : {
                "name" : "m005_146_raju",
                "comment" : "",
                "isMusicEvent" : false,
                "eventData" : [
                    {
                        "eventType" : "Event",
                        "key" : "AudioEventList_vo",
                        "value" : "vo_stop_missions"
                    },
                    {
                        "eventType" : "Switch",
                        "key" : "dialog_missions",
                        "value" : "m005"
                    },
                    {
                        "eventType" : "Switch",
                        "key" : "dialog_lines_m005",
                        "value" : "m005_146_raju"
                    },
                    {
                        "eventType" : "Switch",
                        "key" : "dialog_origin_type",
                        "value" : "pilot"
                    },
                    {
                        "eventType" : "Event",
                        "key" : "AudioEventList_vo",
                        "value" : "vo_play_missions"
                    }
                ]
            }
        },
        {
            "k" : "m005_148_raju",
            "v" : {
                "name" : "m005_148_raju",
                "comment" : "",
                "isMusicEvent" : false,
                "eventData" : [
                    {
                        "eventType" : "Event",
                        "key" : "AudioEventList_vo",
                        "value" : "vo_stop_missions"
                    },
                    {
                        "eventType" : "Switch",
                        "key" : "dialog_missions",
                        "value" : "m005"
                    },
                    {
                        "eventType" : "Switch",
                        "key" : "dialog_lines_m005",
                        "value" : "m005_148_raju"
                    },
                    {
                        "eventType" : "Switch",
                        "key" : "dialog_origin_type",
                        "value" : "pilot"
                    },
                    {
                        "eventType" : "Event",
                        "key" : "AudioEventList_vo",
                        "value" : "vo_play_missions"
                    }
                ]
            }
        },
        {
            "k" : "m005_165_raju",
            "v" : {
                "name" : "m005_165_raju",
                "comment" : "",
                "isMusicEvent" : false,
                "eventData" : [
                    {
                        "eventType" : "Event",
                        "key" : "AudioEventList_vo",
                        "value" : "vo_stop_missions"
                    },
                    {
                        "eventType" : "Switch",
                        "key" : "dialog_missions",
                        "value" : "m005"
                    },
                    {
                        "eventType" : "Switch",
                        "key" : "dialog_lines_m005",
                        "value" : "m005_165_raju"
                    },
                    {
                        "eventType" : "Switch",
                        "key" : "dialog_origin_type",
                        "value" : "pilot"
                    },
                    {
                        "eventType" : "Event",
                        "key" : "AudioEventList_vo",
                        "value" : "vo_play_missions"
                    }
                ]
            }
        },
        {
            "k" : "m005_175_kamea",
            "v" : {
                "name" : "m005_175_kamea",
                "comment" : "",
                "isMusicEvent" : false,
                "eventData" : [
                    {
                        "eventType" : "Event",
                        "key" : "AudioEventList_vo",
                        "value" : "vo_stop_missions"
                    },
                    {
                        "eventType" : "Switch",
                        "key" : "dialog_missions",
                        "value" : "m005"
                    },
                    {
                        "eventType" : "Switch",
                        "key" : "dialog_lines_m005",
                        "value" : "m005_175_kamea"
                    },
                    {
                        "eventType" : "Switch",
                        "key" : "dialog_origin_type",
                        "value" : "pilot"
                    },
                    {
                        "eventType" : "Event",
                        "key" : "AudioEventList_vo",
                        "value" : "vo_play_missions"
                    }
                ]
            }
        },
        {
            "k" : "m005_185_raju",
            "v" : {
                "name" : "m005_185_raju",
                "comment" : "",
                "isMusicEvent" : false,
                "eventData" : [
                    {
                        "eventType" : "Event",
                        "key" : "AudioEventList_vo",
                        "value" : "vo_stop_missions"
                    },
                    {
                        "eventType" : "Switch",
                        "key" : "dialog_missions",
                        "value" : "m005"
                    },
                    {
                        "eventType" : "Switch",
                        "key" : "dialog_lines_m005",
                        "value" : "m005_185_raju"
                    },
                    {
                        "eventType" : "Switch",
                        "key" : "dialog_origin_type",
                        "value" : "pilot"
                    },
                    {
                        "eventType" : "Event",
                        "key" : "AudioEventList_vo",
                        "value" : "vo_play_missions"
                    }
                ]
            }
        },
        {
            "k" : "m005_195_raju",
            "v" : {
                "name" : "m005_195_raju",
                "comment" : "",
                "isMusicEvent" : false,
                "eventData" : [
                    {
                        "eventType" : "Event",
                        "key" : "AudioEventList_vo",
                        "value" : "vo_stop_missions"
                    },
                    {
                        "eventType" : "Switch",
                        "key" : "dialog_missions",
                        "value" : "m005"
                    },
                    {
                        "eventType" : "Switch",
                        "key" : "dialog_lines_m005",
                        "value" : "m005_195_kamea"
                    },
                    {
                        "eventType" : "Switch",
                        "key" : "dialog_origin_type",
                        "value" : "pilot"
                    },
                    {
                        "eventType" : "Event",
                        "key" : "AudioEventList_vo",
                        "value" : "vo_play_missions"
                    }
                ]
            }
        }
    ]
}
