{
    "id" : "audioeventdef_dialog_m080",
    "soundbankList" : [
        "dialog_m080"
    ],
    "audioEvents" : [
        {
            "k" : "m080_010_sumire",
            "v" : {
                "name" : "m080_010_sumire",
                "comment" : "",
                "isMusicEvent" : false,
                "eventData" : [
                    {
                        "eventType" : "Event",
                        "key" : "AudioEventList_vo",
                        "value" : "vo_stop_missions"
                    },
                    {
                        "eventType" : "Switch",
                        "key" : "dialog_missions",
                        "value" : "m080"
                    },
                    {
                        "eventType" : "Switch",
                        "key" : "dialog_lines_m080",
                        "value" : "m080_010_sumire"
                    },
                    {
                        "eventType" : "Switch",
                        "key" : "dialog_origin_type",
                        "value" : "dropship"
                    },
                    {
                        "eventType" : "Event",
                        "key" : "AudioEventList_vo",
                        "value" : "vo_play_missions"
                    }
                ]
            }
        },
        {
            "k" : "m080_020_farah",
            "v" : {
                "name" : "m080_020_farah",
                "comment" : "",
                "isMusicEvent" : false,
                "eventData" : [
                    {
                        "eventType" : "Event",
                        "key" : "AudioEventList_vo",
                        "value" : "vo_stop_missions"
                    },
                    {
                        "eventType" : "Switch",
                        "key" : "dialog_missions",
                        "value" : "m080"
                    },
                    {
                        "eventType" : "Switch",
                        "key" : "dialog_lines_m080",
                        "value" : "m080_020_farah"
                    },
                    {
                        "eventType" : "Switch",
                        "key" : "dialog_origin_type",
                        "value" : "pilot"
                    },
                    {
                        "eventType" : "Event",
                        "key" : "AudioEventList_vo",
                        "value" : "vo_play_missions"
                    }
                ]
            }
        },
        {
            "k" : "m080_030_yang",
            "v" : {
                "name" : "m080_030_yang",
                "comment" : "",
                "isMusicEvent" : false,
                "eventData" : [
                    {
                        "eventType" : "Event",
                        "key" : "AudioEventList_vo",
                        "value" : "vo_stop_missions"
                    },
                    {
                        "eventType" : "Switch",
                        "key" : "dialog_missions",
                        "value" : "m080"
                    },
                    {
                        "eventType" : "Switch",
                        "key" : "dialog_lines_m080",
                        "value" : "m080_030_yang"
                    },
                    {
                        "eventType" : "Switch",
                        "key" : "dialog_origin_type",
                        "value" : "dropship"
                    },
                    {
                        "eventType" : "Event",
                        "key" : "AudioEventList_vo",
                        "value" : "vo_play_missions"
                    }
                ]
            }
        },
        {
            "k" : "m080_040_farah",
            "v" : {
                "name" : "m080_040_farah",
                "comment" : "",
                "isMusicEvent" : false,
                "eventData" : [
                    {
                        "eventType" : "Event",
                        "key" : "AudioEventList_vo",
                        "value" : "vo_stop_missions"
                    },
                    {
                        "eventType" : "Switch",
                        "key" : "dialog_missions",
                        "value" : "m080"
                    },
                    {
                        "eventType" : "Switch",
                        "key" : "dialog_lines_m080",
                        "value" : "m080_040_farah"
                    },
                    {
                        "eventType" : "Switch",
                        "key" : "dialog_origin_type",
                        "value" : "pilot"
                    },
                    {
                        "eventType" : "Event",
                        "key" : "AudioEventList_vo",
                        "value" : "vo_play_missions"
                    }
                ]
            }
        },
        {
            "k" : "m080_050_farah",
            "v" : {
                "name" : "m080_050_farah",
                "comment" : "",
                "isMusicEvent" : false,
                "eventData" : [
                    {
                        "eventType" : "Event",
                        "key" : "AudioEventList_vo",
                        "value" : "vo_stop_missions"
                    },
                    {
                        "eventType" : "Switch",
                        "key" : "dialog_missions",
                        "value" : "m080"
                    },
                    {
                        "eventType" : "Switch",
                        "key" : "dialog_lines_m080",
                        "value" : "m080_050_farah"
                    },
                    {
                        "eventType" : "Switch",
                        "key" : "dialog_origin_type",
                        "value" : "pilot"
                    },
                    {
                        "eventType" : "Event",
                        "key" : "AudioEventList_vo",
                        "value" : "vo_play_missions"
                    }
                ]
            }
        },
        {
            "k" : "m080_060_sumire",
            "v" : {
                "name" : "m080_060_sumire",
                "comment" : "",
                "isMusicEvent" : false,
                "eventData" : [
                    {
                        "eventType" : "Event",
                        "key" : "AudioEventList_vo",
                        "value" : "vo_stop_missions"
                    },
                    {
                        "eventType" : "Switch",
                        "key" : "dialog_missions",
                        "value" : "m080"
                    },
                    {
                        "eventType" : "Switch",
                        "key" : "dialog_lines_m080",
                        "value" : "m080_060_sumire"
                    },
                    {
                        "eventType" : "Switch",
                        "key" : "dialog_origin_type",
                        "value" : "dropship"
                    },
                    {
                        "eventType" : "Event",
                        "key" : "AudioEventList_vo",
                        "value" : "vo_play_missions"
                    }
                ]
            }
        },
        {
            "k" : "m080_070_farah",
            "v" : {
                "name" : "m080_070_farah",
                "comment" : "",
                "isMusicEvent" : false,
                "eventData" : [
                    {
                        "eventType" : "Event",
                        "key" : "AudioEventList_vo",
                        "value" : "vo_stop_missions"
                    },
                    {
                        "eventType" : "Switch",
                        "key" : "dialog_missions",
                        "value" : "m080"
                    },
                    {
                        "eventType" : "Switch",
                        "key" : "dialog_lines_m080",
                        "value" : "m080_070_farah"
                    },
                    {
                        "eventType" : "Switch",
                        "key" : "dialog_origin_type",
                        "value" : "pilot"
                    },
                    {
                        "eventType" : "Event",
                        "key" : "AudioEventList_vo",
                        "value" : "vo_play_missions"
                    }
                ]
            }
        },
        {
            "k" : "m080_080_com",
            "v" : {
                "name" : "m080_080_com",
                "comment" : "",
                "isMusicEvent" : false,
                "eventData" : [
                    {
                        "eventType" : "Event",
                        "key" : "AudioEventList_vo",
                        "value" : "vo_stop_missions"
                    },
                    {
                        "eventType" : "Switch",
                        "key" : "dialog_missions",
                        "value" : "m080"
                    },
                    {
                        "eventType" : "Switch",
                        "key" : "dialog_lines_m080",
                        "value" : "m080_080_com"
                    },
                    {
                        "eventType" : "Switch",
                        "key" : "dialog_origin_type",
                        "value" : "computer"
                    },
                    {
                        "eventType" : "Event",
                        "key" : "AudioEventList_vo",
                        "value" : "vo_play_missions"
                    }
                ]
            }
        },
        {
            "k" : "m080_090_farah",
            "v" : {
                "name" : "m080_090_farah",
                "comment" : "",
                "isMusicEvent" : false,
                "eventData" : [
                    {
                        "eventType" : "Event",
                        "key" : "AudioEventList_vo",
                        "value" : "vo_stop_missions"
                    },
                    {
                        "eventType" : "Switch",
                        "key" : "dialog_missions",
                        "value" : "m080"
                    },
                    {
                        "eventType" : "Switch",
                        "key" : "dialog_lines_m080",
                        "value" : "m080_090_farah"
                    },
                    {
                        "eventType" : "Switch",
                        "key" : "dialog_origin_type",
                        "value" : "pilot"
                    },
                    {
                        "eventType" : "Event",
                        "key" : "AudioEventList_vo",
                        "value" : "vo_play_missions"
                    }
                ]
            }
        },
        {
            "k" : "m080_100_farah",
            "v" : {
                "name" : "m080_100_farah",
                "comment" : "",
                "isMusicEvent" : false,
                "eventData" : [
                    {
                        "eventType" : "Event",
                        "key" : "AudioEventList_vo",
                        "value" : "vo_stop_missions"
                    },
                    {
                        "eventType" : "Switch",
                        "key" : "dialog_missions",
                        "value" : "m080"
                    },
                    {
                        "eventType" : "Switch",
                        "key" : "dialog_lines_m080",
                        "value" : "m080_100_farah"
                    },
                    {
                        "eventType" : "Switch",
                        "key" : "dialog_origin_type",
                        "value" : "pilot"
                    },
                    {
                        "eventType" : "Event",
                        "key" : "AudioEventList_vo",
                        "value" : "vo_play_missions"
                    }
                ]
            }
        },
        {
            "k" : "m080_110_stationchief",
            "v" : {
                "name" : "m080_110_stationchief",
                "comment" : "",
                "isMusicEvent" : false,
                "eventData" : [
                    {
                        "eventType" : "Event",
                        "key" : "AudioEventList_vo",
                        "value" : "vo_stop_missions"
                    },
                    {
                        "eventType" : "Switch",
                        "key" : "dialog_missions",
                        "value" : "m080"
                    },
                    {
                        "eventType" : "Switch",
                        "key" : "dialog_lines_m080",
                        "value" : "m080_110_stationchief"
                    },
                    {
                        "eventType" : "Switch",
                        "key" : "dialog_origin_type",
                        "value" : "pilot"
                    },
                    {
                        "eventType" : "Event",
                        "key" : "AudioEventList_vo",
                        "value" : "vo_play_missions"
                    }
                ]
            }
        },
        {
            "k" : "m080_120_stationchief",
            "v" : {
                "name" : "m080_120_stationchief",
                "comment" : "",
                "isMusicEvent" : false,
                "eventData" : [
                    {
                        "eventType" : "Event",
                        "key" : "AudioEventList_vo",
                        "value" : "vo_stop_missions"
                    },
                    {
                        "eventType" : "Switch",
                        "key" : "dialog_missions",
                        "value" : "m080"
                    },
                    {
                        "eventType" : "Switch",
                        "key" : "dialog_lines_m080",
                        "value" : "m080_120_stationchief"
                    },
                    {
                        "eventType" : "Switch",
                        "key" : "dialog_origin_type",
                        "value" : "pilot"
                    },
                    {
                        "eventType" : "Event",
                        "key" : "AudioEventList_vo",
                        "value" : "vo_play_missions"
                    }
                ]
            }
        },
        {
            "k" : "m080_130_stationchief",
            "v" : {
                "name" : "m080_130_stationchief",
                "comment" : "",
                "isMusicEvent" : false,
                "eventData" : [
                    {
                        "eventType" : "Event",
                        "key" : "AudioEventList_vo",
                        "value" : "vo_stop_missions"
                    },
                    {
                        "eventType" : "Switch",
                        "key" : "dialog_missions",
                        "value" : "m080"
                    },
                    {
                        "eventType" : "Switch",
                        "key" : "dialog_lines_m080",
                        "value" : "m080_130_stationchief"
                    },
                    {
                        "eventType" : "Switch",
                        "key" : "dialog_origin_type",
                        "value" : "pilot"
                    },
                    {
                        "eventType" : "Event",
                        "key" : "AudioEventList_vo",
                        "value" : "vo_play_missions"
                    }
                ]
            }
        },
        {
            "k" : "m080_140_farah",
            "v" : {
                "name" : "m080_140_farah",
                "comment" : "",
                "isMusicEvent" : false,
                "eventData" : [
                    {
                        "eventType" : "Event",
                        "key" : "AudioEventList_vo",
                        "value" : "vo_stop_missions"
                    },
                    {
                        "eventType" : "Switch",
                        "key" : "dialog_missions",
                        "value" : "m080"
                    },
                    {
                        "eventType" : "Switch",
                        "key" : "dialog_lines_m080",
                        "value" : "m080_140_farah"
                    },
                    {
                        "eventType" : "Switch",
                        "key" : "dialog_origin_type",
                        "value" : "pilot"
                    },
                    {
                        "eventType" : "Event",
                        "key" : "AudioEventList_vo",
                        "value" : "vo_play_missions"
                    }
                ]
            }
        },
        {
            "k" : "m080_150_darius",
            "v" : {
                "name" : "m080_150_darius",
                "comment" : "",
                "isMusicEvent" : false,
                "eventData" : [
                    {
                        "eventType" : "Event",
                        "key" : "AudioEventList_vo",
                        "value" : "vo_stop_missions"
                    },
                    {
                        "eventType" : "Switch",
                        "key" : "dialog_missions",
                        "value" : "m080"
                    },
                    {
                        "eventType" : "Switch",
                        "key" : "dialog_lines_m080",
                        "value" : "m080_150_darius"
                    },
                    {
                        "eventType" : "Switch",
                        "key" : "dialog_origin_type",
                        "value" : "dropship"
                    },
                    {
                        "eventType" : "Event",
                        "key" : "AudioEventList_vo",
                        "value" : "vo_play_missions"
                    }
                ]
            }
        },
        {
            "k" : "m080_160_darius",
            "v" : {
                "name" : "m080_160_darius",
                "comment" : "",
                "isMusicEvent" : false,
                "eventData" : [
                    {
                        "eventType" : "Event",
                        "key" : "AudioEventList_vo",
                        "value" : "vo_stop_missions"
                    },
                    {
                        "eventType" : "Switch",
                        "key" : "dialog_missions",
                        "value" : "m080"
                    },
                    {
                        "eventType" : "Switch",
                        "key" : "dialog_lines_m080",
                        "value" : "m080_160_darius"
                    },
                    {
                        "eventType" : "Switch",
                        "key" : "dialog_origin_type",
                        "value" : "dropship"
                    },
                    {
                        "eventType" : "Event",
                        "key" : "AudioEventList_vo",
                        "value" : "vo_play_missions"
                    }
                ]
            }
        },
        {
            "k" : "m080_170_farah",
            "v" : {
                "name" : "m080_170_farah",
                "comment" : "",
                "isMusicEvent" : false,
                "eventData" : [
                    {
                        "eventType" : "Event",
                        "key" : "AudioEventList_vo",
                        "value" : "vo_stop_missions"
                    },
                    {
                        "eventType" : "Switch",
                        "key" : "dialog_missions",
                        "value" : "m080"
                    },
                    {
                        "eventType" : "Switch",
                        "key" : "dialog_lines_m080",
                        "value" : "m080_170_farah"
                    },
                    {
                        "eventType" : "Switch",
                        "key" : "dialog_origin_type",
                        "value" : "pilot"
                    },
                    {
                        "eventType" : "Event",
                        "key" : "AudioEventList_vo",
                        "value" : "vo_play_missions"
                    }
                ]
            }
        },
        {
            "k" : "m080_180_darius",
            "v" : {
                "name" : "m080_180_darius",
                "comment" : "",
                "isMusicEvent" : false,
                "eventData" : [
                    {
                        "eventType" : "Event",
                        "key" : "AudioEventList_vo",
                        "value" : "vo_stop_missions"
                    },
                    {
                        "eventType" : "Switch",
                        "key" : "dialog_missions",
                        "value" : "m080"
                    },
                    {
                        "eventType" : "Switch",
                        "key" : "dialog_lines_m080",
                        "value" : "m080_180_darius"
                    },
                    {
                        "eventType" : "Switch",
                        "key" : "dialog_origin_type",
                        "value" : "dropship"
                    },
                    {
                        "eventType" : "Event",
                        "key" : "AudioEventList_vo",
                        "value" : "vo_play_missions"
                    }
                ]
            }
        },
        {
            "k" : "m080_190_sumire",
            "v" : {
                "name" : "m080_190_sumire",
                "comment" : "",
                "isMusicEvent" : false,
                "eventData" : [
                    {
                        "eventType" : "Event",
                        "key" : "AudioEventList_vo",
                        "value" : "vo_stop_missions"
                    },
                    {
                        "eventType" : "Switch",
                        "key" : "dialog_missions",
                        "value" : "m080"
                    },
                    {
                        "eventType" : "Switch",
                        "key" : "dialog_lines_m080",
                        "value" : "m080_190_sumire"
                    },
                    {
                        "eventType" : "Switch",
                        "key" : "dialog_origin_type",
                        "value" : "dropship"
                    },
                    {
                        "eventType" : "Event",
                        "key" : "AudioEventList_vo",
                        "value" : "vo_play_missions"
                    }
                ]
            }
        },
        {
            "k" : "m080_200_darius",
            "v" : {
                "name" : "m080_200_darius",
                "comment" : "",
                "isMusicEvent" : false,
                "eventData" : [
                    {
                        "eventType" : "Event",
                        "key" : "AudioEventList_vo",
                        "value" : "vo_stop_missions"
                    },
                    {
                        "eventType" : "Switch",
                        "key" : "dialog_missions",
                        "value" : "m080"
                    },
                    {
                        "eventType" : "Switch",
                        "key" : "dialog_lines_m080",
                        "value" : "m080_200_darius"
                    },
                    {
                        "eventType" : "Switch",
                        "key" : "dialog_origin_type",
                        "value" : "dropship"
                    },
                    {
                        "eventType" : "Event",
                        "key" : "AudioEventList_vo",
                        "value" : "vo_play_missions"
                    }
                ]
            }
        },
        {
            "k" : "m080_210_sumire",
            "v" : {
                "name" : "m080_210_sumire",
                "comment" : "",
                "isMusicEvent" : false,
                "eventData" : [
                    {
                        "eventType" : "Event",
                        "key" : "AudioEventList_vo",
                        "value" : "vo_stop_missions"
                    },
                    {
                        "eventType" : "Switch",
                        "key" : "dialog_missions",
                        "value" : "m080"
                    },
                    {
                        "eventType" : "Switch",
                        "key" : "dialog_lines_m080",
                        "value" : "m080_210_sumire"
                    },
                    {
                        "eventType" : "Switch",
                        "key" : "dialog_origin_type",
                        "value" : "dropship"
                    },
                    {
                        "eventType" : "Event",
                        "key" : "AudioEventList_vo",
                        "value" : "vo_play_missions"
                    }
                ]
            }
        },
        {
            "k" : "m080_220_farah",
            "v" : {
                "name" : "m080_220_farah",
                "comment" : "",
                "isMusicEvent" : false,
                "eventData" : [
                    {
                        "eventType" : "Event",
                        "key" : "AudioEventList_vo",
                        "value" : "vo_stop_missions"
                    },
                    {
                        "eventType" : "Switch",
                        "key" : "dialog_missions",
                        "value" : "m080"
                    },
                    {
                        "eventType" : "Switch",
                        "key" : "dialog_lines_m080",
                        "value" : "m080_220_farah"
                    },
                    {
                        "eventType" : "Switch",
                        "key" : "dialog_origin_type",
                        "value" : "pilot"
                    },
                    {
                        "eventType" : "Event",
                        "key" : "AudioEventList_vo",
                        "value" : "vo_play_missions"
                    }
                ]
            }
        },
        {
            "k" : "m080_230_sumire",
            "v" : {
                "name" : "m080_230_sumire",
                "comment" : "",
                "isMusicEvent" : false,
                "eventData" : [
                    {
                        "eventType" : "Event",
                        "key" : "AudioEventList_vo",
                        "value" : "vo_stop_missions"
                    },
                    {
                        "eventType" : "Switch",
                        "key" : "dialog_missions",
                        "value" : "m080"
                    },
                    {
                        "eventType" : "Switch",
                        "key" : "dialog_lines_m080",
                        "value" : "m080_230_sumire"
                    },
                    {
                        "eventType" : "Switch",
                        "key" : "dialog_origin_type",
                        "value" : "dropship"
                    },
                    {
                        "eventType" : "Event",
                        "key" : "AudioEventList_vo",
                        "value" : "vo_play_missions"
                    }
                ]
            }
        },
        {
            "k" : "m080_240_farah",
            "v" : {
                "name" : "m080_240_farah",
                "comment" : "",
                "isMusicEvent" : false,
                "eventData" : [
                    {
                        "eventType" : "Event",
                        "key" : "AudioEventList_vo",
                        "value" : "vo_stop_missions"
                    },
                    {
                        "eventType" : "Switch",
                        "key" : "dialog_missions",
                        "value" : "m080"
                    },
                    {
                        "eventType" : "Switch",
                        "key" : "dialog_lines_m080",
                        "value" : "m080_240_farah"
                    },
                    {
                        "eventType" : "Switch",
                        "key" : "dialog_origin_type",
                        "value" : "pilot"
                    },
                    {
                        "eventType" : "Event",
                        "key" : "AudioEventList_vo",
                        "value" : "vo_play_missions"
                    }
                ]
            }
        },
        {
            "k" : "m080_250_sumire",
            "v" : {
                "name" : "m080_250_sumire",
                "comment" : "",
                "isMusicEvent" : false,
                "eventData" : [
                    {
                        "eventType" : "Event",
                        "key" : "AudioEventList_vo",
                        "value" : "vo_stop_missions"
                    },
                    {
                        "eventType" : "Switch",
                        "key" : "dialog_missions",
                        "value" : "m080"
                    },
                    {
                        "eventType" : "Switch",
                        "key" : "dialog_lines_m080",
                        "value" : "m080_250_sumire"
                    },
                    {
                        "eventType" : "Switch",
                        "key" : "dialog_origin_type",
                        "value" : "dropship"
                    },
                    {
                        "eventType" : "Event",
                        "key" : "AudioEventList_vo",
                        "value" : "vo_play_missions"
                    }
                ]
            }
        },
        {
            "k" : "m080_260_farah",
            "v" : {
                "name" : "m080_260_farah",
                "comment" : "",
                "isMusicEvent" : false,
                "eventData" : [
                    {
                        "eventType" : "Event",
                        "key" : "AudioEventList_vo",
                        "value" : "vo_stop_missions"
                    },
                    {
                        "eventType" : "Switch",
                        "key" : "dialog_missions",
                        "value" : "m080"
                    },
                    {
                        "eventType" : "Switch",
                        "key" : "dialog_lines_m080",
                        "value" : "m080_260_farah"
                    },
                    {
                        "eventType" : "Switch",
                        "key" : "dialog_origin_type",
                        "value" : "pilot"
                    },
                    {
                        "eventType" : "Event",
                        "key" : "AudioEventList_vo",
                        "value" : "vo_play_missions"
                    }
                ]
            }
        },
        {
            "k" : "OnArriveAtBase",
            "v" : {
                "name" : "OnArriveAtBase",
                "comment" : "To be played when the player gets the mech with Farah in it to the base, so she can upload the locura.",
                "isMusicEvent" : true,
                "eventData" : [
                    {
                        "eventType" : "Trigger",
                        "key" : "base_captured",
                        "value" : ""
                    }
                ]
            }
        },
        {
            "k" : "OnReinforcements1Land",
            "v" : {
                "name" : "OnReinforcements1Land",
                "comment" : "One round after the player gets Farah to the base, directorate reinforcements - medium mechs and vehicles - land.",
                "isMusicEvent" : true,
                "eventData" : [
                    {
                        "eventType" : "Switch",
                        "key" : "Mission_Status",
                        "value" : "enemy_reinforcements"
                    }
                ]
            }
        },
        {
            "k" : "OnReinforcements2Land",
            "v" : {
                "name" : "OnReinforcements2Land",
                "comment" : "This is a lance of heavy and assault mechs, and your last hurrah before you can escape. The goal is to hold the line. Occurs 4 rounds after the first lance lands.",
                "isMusicEvent" : true,
                "eventData" : [
                    {
                        "eventType" : "Trigger",
                        "key" : "enemy_wave_incoming",
                        "value" : ""
                    }
                ]
            }
        },
        {
            "k" : "m080_310_farah",
            "v" : {
                "name" : "m080_310_farah",
                "comment" : "",
                "isMusicEvent" : false,
                "eventData" : [
                    {
                        "eventType" : "Event",
                        "key" : "AudioEventList_vo",
                        "value" : "vo_stop_missions"
                    },
                    {
                        "eventType" : "Switch",
                        "key" : "dialog_missions",
                        "value" : "m080"
                    },
                    {
                        "eventType" : "Switch",
                        "key" : "dialog_lines_m080",
                        "value" : "m080_310_farah"
                    },
                    {
                        "eventType" : "Switch",
                        "key" : "dialog_origin_type",
                        "value" : "pilot"
                    },
                    {
                        "eventType" : "Event",
                        "key" : "AudioEventList_vo",
                        "value" : "vo_play_missions"
                    }
                ]
            }
        },
        {
            "k" : "m080_320_farah",
            "v" : {
                "name" : "m080_320_farah",
                "comment" : "",
                "isMusicEvent" : false,
                "eventData" : [
                    {
                        "eventType" : "Event",
                        "key" : "AudioEventList_vo",
                        "value" : "vo_stop_missions"
                    },
                    {
                        "eventType" : "Switch",
                        "key" : "dialog_missions",
                        "value" : "m080"
                    },
                    {
                        "eventType" : "Switch",
                        "key" : "dialog_lines_m080",
                        "value" : "m080_320_farah"
                    },
                    {
                        "eventType" : "Switch",
                        "key" : "dialog_origin_type",
                        "value" : "pilot"
                    },
                    {
                        "eventType" : "Event",
                        "key" : "AudioEventList_vo",
                        "value" : "vo_play_missions"
                    }
                ]
            }
        },
        {
            "k" : "m080_330_farah",
            "v" : {
                "name" : "m080_330_farah",
                "comment" : "",
                "isMusicEvent" : false,
                "eventData" : [
                    {
                        "eventType" : "Event",
                        "key" : "AudioEventList_vo",
                        "value" : "vo_stop_missions"
                    },
                    {
                        "eventType" : "Switch",
                        "key" : "dialog_missions",
                        "value" : "m080"
                    },
                    {
                        "eventType" : "Switch",
                        "key" : "dialog_lines_m080",
                        "value" : "m080_330_farah"
                    },
                    {
                        "eventType" : "Switch",
                        "key" : "dialog_origin_type",
                        "value" : "pilot"
                    },
                    {
                        "eventType" : "Event",
                        "key" : "AudioEventList_vo",
                        "value" : "vo_play_missions"
                    }
                ]
            }
        },
        {
            "k" : "m080_350_engineer01",
            "v" : {
                "name" : "m080_350_engineer01",
                "comment" : "",
                "isMusicEvent" : false,
                "eventData" : [
                    {
                        "eventType" : "Event",
                        "key" : "AudioEventList_vo",
                        "value" : "vo_stop_missions"
                    },
                    {
                        "eventType" : "Switch",
                        "key" : "dialog_missions",
                        "value" : "m080"
                    },
                    {
                        "eventType" : "Switch",
                        "key" : "dialog_lines_m080",
                        "value" : "m080_350_engineer01"
                    },
                    {
                        "eventType" : "Switch",
                        "key" : "dialog_origin_type",
                        "value" : "pilot"
                    },
                    {
                        "eventType" : "Event",
                        "key" : "AudioEventList_vo",
                        "value" : "vo_play_missions"
                    }
                ]
            }
        },
        {
            "k" : "m080_340_farah",
            "v" : {
                "name" : "m080_340_farah",
                "comment" : "",
                "isMusicEvent" : false,
                "eventData" : [
                    {
                        "eventType" : "Event",
                        "key" : "AudioEventList_vo",
                        "value" : "vo_stop_missions"
                    },
                    {
                        "eventType" : "Switch",
                        "key" : "dialog_missions",
                        "value" : "m080"
                    },
                    {
                        "eventType" : "Switch",
                        "key" : "dialog_lines_m080",
                        "value" : "m080_340_farah"
                    },
                    {
                        "eventType" : "Switch",
                        "key" : "dialog_origin_type",
                        "value" : "pilot"
                    },
                    {
                        "eventType" : "Event",
                        "key" : "AudioEventList_vo",
                        "value" : "vo_play_missions"
                    }
                ]
            }
        },
        {
            "k" : "m080_360_farah",
            "v" : {
                "name" : "m080_360_farah",
                "comment" : "",
                "isMusicEvent" : false,
                "eventData" : [
                    {
                        "eventType" : "Event",
                        "key" : "AudioEventList_vo",
                        "value" : "vo_stop_missions"
                    },
                    {
                        "eventType" : "Switch",
                        "key" : "dialog_missions",
                        "value" : "m080"
                    },
                    {
                        "eventType" : "Switch",
                        "key" : "dialog_lines_m080",
                        "value" : "m080_360_farah"
                    },
                    {
                        "eventType" : "Switch",
                        "key" : "dialog_origin_type",
                        "value" : "pilot"
                    },
                    {
                        "eventType" : "Event",
                        "key" : "AudioEventList_vo",
                        "value" : "vo_play_missions"
                    }
                ]
            }
        },
        {
            "k" : "m080_370_darius",
            "v" : {
                "name" : "m080_370_darius",
                "comment" : "",
                "isMusicEvent" : false,
                "eventData" : [
                    {
                        "eventType" : "Event",
                        "key" : "AudioEventList_vo",
                        "value" : "vo_stop_missions"
                    },
                    {
                        "eventType" : "Switch",
                        "key" : "dialog_missions",
                        "value" : "m080"
                    },
                    {
                        "eventType" : "Switch",
                        "key" : "dialog_lines_m080",
                        "value" : "m080_370_darius"
                    },
                    {
                        "eventType" : "Switch",
                        "key" : "dialog_origin_type",
                        "value" : "dropship"
                    },
                    {
                        "eventType" : "Event",
                        "key" : "AudioEventList_vo",
                        "value" : "vo_play_missions"
                    }
                ]
            }
        },
        {
            "k" : "m080_380_farah",
            "v" : {
                "name" : "m080_380_farah",
                "comment" : "",
                "isMusicEvent" : false,
                "eventData" : [
                    {
                        "eventType" : "Event",
                        "key" : "AudioEventList_vo",
                        "value" : "vo_stop_missions"
                    },
                    {
                        "eventType" : "Switch",
                        "key" : "dialog_missions",
                        "value" : "m080"
                    },
                    {
                        "eventType" : "Switch",
                        "key" : "dialog_lines_m080",
                        "value" : "m080_380_farah"
                    },
                    {
                        "eventType" : "Switch",
                        "key" : "dialog_origin_type",
                        "value" : "pilot"
                    },
                    {
                        "eventType" : "Event",
                        "key" : "AudioEventList_vo",
                        "value" : "vo_play_missions"
                    }
                ]
            }
        },
        {
            "k" : "m080_390_ostergaard",
            "v" : {
                "name" : "m080_390_ostergaard",
                "comment" : "",
                "isMusicEvent" : false,
                "eventData" : [
                    {
                        "eventType" : "Event",
                        "key" : "AudioEventList_vo",
                        "value" : "vo_stop_missions"
                    },
                    {
                        "eventType" : "Switch",
                        "key" : "dialog_missions",
                        "value" : "m080"
                    },
                    {
                        "eventType" : "Switch",
                        "key" : "dialog_lines_m080",
                        "value" : "m080_390_ostergaard"
                    },
                    {
                        "eventType" : "Switch",
                        "key" : "dialog_origin_type",
                        "value" : "pirate_prison"
                    },
                    {
                        "eventType" : "Event",
                        "key" : "AudioEventList_vo",
                        "value" : "vo_play_missions"
                    }
                ]
            }
        },
        {
            "k" : "m080_400_ostergaard",
            "v" : {
                "name" : "m080_400_ostergaard",
                "comment" : "",
                "isMusicEvent" : false,
                "eventData" : [
                    {
                        "eventType" : "Event",
                        "key" : "AudioEventList_vo",
                        "value" : "vo_stop_missions"
                    },
                    {
                        "eventType" : "Switch",
                        "key" : "dialog_missions",
                        "value" : "m080"
                    },
                    {
                        "eventType" : "Switch",
                        "key" : "dialog_lines_m080",
                        "value" : "m080_400_ostergaard"
                    },
                    {
                        "eventType" : "Switch",
                        "key" : "dialog_origin_type",
                        "value" : "pirate_prison"
                    },
                    {
                        "eventType" : "Event",
                        "key" : "AudioEventList_vo",
                        "value" : "vo_play_missions"
                    }
                ]
            }
        }
    ]
}
