{
	"Description" : {
		"Id" : "TraitDefEvasiveChargeAddTwo",
		"Name" : "Increased Evasion Cap",
		"Details" : "PASSIVE: 'Mechs piloted by this MechWarrior have their EVASIVE charge cap increased by 1.",
		"Icon" : "uixSvgIcon_ability_mastertactician"
	},
	"Type" : "EvasionCap",
	"ShortDesc" : "+ 2 Max Evasion",
    "DisplayParams" : "ShowInPilotToolTip",
	"ActivationTime" : "Passive",
	"EffectData" :
	[
		{
			"durationData" :
			{
				"duration" : -1
			},
			"targetingData" : 
			{
				"effectTriggerType" : "OnActivation",
				"effectTargetType" : "Creator"
			},
			"effectType" : "StatisticEffect",
			"Description" :
			{
				"Id" : "TraitDefEvasiveChargeAddOne",
				"Name" : "Increased Evasion Cap",
				"Details" : "EVASIVE charge cap increased by 1",
				"Icon" : "uixSvgIcon_ability_mastertactician"
			},
			"statisticData" : 
			{
				"statName" : "MaxEvasivePips",
				"operation" : "Int_Add",
				"modValue" : "1",
				"modType" : "System.Int32"
			},
			"nature" : "Buff"
		}
	]
}
