{
	"Description" : {
		"Id" : "TraitDefSprintIncrease10",
		"Name" : "Increased Sprint",
		"Details" : "PASSIVE: 'Mechs piloted by this MechWarrior gain 10% Sprint distance.",
		"Icon" : "uixSvgIcon_action_evasivemove"
	},
	"Type" : "SprintDistance",
	"ShortDesc" : "+ 10% Max Sprint",
    "DisplayParams" : "ShowInPilotToolTip",
	"ActivationTime" : "Passive",
	"EffectData" :
	[
		{
			"durationData" :
			{
				"duration" : -1
			},
			"targetingData" : 
			{
				"effectTriggerType" : "OnActivation",
				"effectTargetType" : "Creator",
                "showInTargetPreview" : false,
                "showInStatusPanel" : false
			},
			"effectType" : "StatisticEffect",
			"Description" :
			{
				"Id" : "TraitDefSprintIncrease10",
				"Name" : "Increased Sprint",
				"Details" : "Gain 10% Sprint distance",
				"Icon" : "uixSvgIcon_action_evasivemove"
			},
			"statisticData" : 
			{
				"statName" : "RunSpeed",
				"operation" : "Float_Multiply",
				"modValue" : "1.1",
				"modType" : "System.Single"
			},
			"nature" : "Buff"
		}
	]
}
