{
	"Description" : {
		"Id" : "TraitDefRefireReduceOne",
		"Name" : "Reduced Recoil",
		"Details" : "PASSIVE: 'Mechs piloted by this MechWarrior have their Ballistic recoil penalties reduced by 1.",
		"Icon" : "uixSvgIcon_ability_mastertactician"
	},
	"Type" : "RefireReduction",
	"ShortDesc" : "-1 Recoil Penalty",
    "DisplayParams" : "ShowInPilotToolTip",
	"ActivationTime" : "Passive",
	"EffectData" :
	[
		{
			"durationData" :
			{
				"duration" : -1
			},
			"targetingData" : 
			{
				"effectTriggerType" : "OnActivation",
				"effectTargetType" : "Creator"
			},
			"effectType" : "StatisticEffect",
			"Description" :
			{
				"Id" : "TraitDefIndirectReduceOne",
				"Name" : "Reduced Recoil",
				"Details" : "Ballistic recoil penalties reduced by 1",
				"Icon" : "uixSvgIcon_ability_mastertactician"
			},
			"statisticData" : 
			{
				"targetCollection" : "Weapon",
				"statName" : "RefireModifier",
				"operation" : "Int_Add",
				"modValue" : "-1",
				"modType" : "System.Int32"
			}
		}
	]
}
