{
	"Description" : {
		"Id" : "TraitDefOverheatAddThirty",
		"Name" : "Increased Overheat Level",
		"Details" : "PASSIVE: 'Mechs piloted by this MechWarrior can gain 10 more points of heat before Overheating.",
		"Icon" : "uixSvgIcon_ability_mastertactician"
	},
	"Type" : "OverheatThreshold",
	"ShortDesc" : "+ 30 Overheat Threshold",
    "DisplayParams" : "ShowInPilotToolTip",
	"ActivationTime" : "Passive",
	"EffectData" :
	[
		{
			"durationData" :
			{
				"duration" : -1
			},
			"targetingData" : 
			{
				"effectTriggerType" : "OnActivation",
				"effectTargetType" : "Creator"
			},
			"effectType" : "StatisticEffect",
			"Description" :
			{
				"Id" : "TraitDefOverheatAddTen",
				"Name" : "Increased Overheat Level",
				"Details" : "Overheat threshold increased by 15",
				"Icon" : "uixSvgIcon_ability_mastertactician"
			},
			"statisticData" : 
			{
				"statName" : "OverheatLevel",
				"operation" : "Int_Add",
				"modValue" : "15",
				"modType" : "System.Int32"
			},
			"nature" : "Buff"
		}
	]
}
