{
	"Description" : {
		"Id" : "TraitDefHealthAddTwo",
		"Name" : "Increased Health",
		"Details" : "PASSIVE: This MechWarrior gains an extra point of Health.",
		"Icon" : "uixSvgIcon_ability_mastertactician"
	},
	"Type" : "MaxHealth",
	"ShortDesc" : "+ 2 Health",
    "DisplayParams" : "ShowInPilotToolTip",
	"ActivationTime" : "Passive",
	"EffectData" :
	[
		{
			"durationData" :
			{
				"duration" : -1
			},
			"targetingData" : 
			{
				"effectTriggerType" : "OnActivation",
				"effectTargetType" : "Creator"
			},
			"effectType" : "StatisticEffect",
			"Description" :
			{
				"Id" : "TraitDefHealthAddOne",
				"Name" : "Increased Health",
				"Details" : "Gain an extra point of Health",
				"Icon" : "uixSvgIcon_ability_mastertactician"
			},
			"statisticData" : 
			{
                "targetCollection" : "Pilot",
				"statName" : "Health",
				"operation" : "Int_Add",
				"modValue" : "1",
				"modType" : "System.Int32"
			},
			"nature" : "Buff"
		}
	]
}
