{
    "ID" : "Story_4_LiberationOfWeldry_Default",
    "contractName" : "Liberation of Weldry",
    "contractDisplayStyle" : "BaseCampaignStory",
    "difficulty" : 3,
    "difficultyUIModifier" : 0,
    "weight" : 1,
    "scope" : "STANDARD",
    "finalDifficulty" : 0,
    "shortDescription" : "This is it\u2026 our first strike against my uncle's Directorate. Our first step toward justice. While I lead the Restoration Army against Weldry's primary spaceport, you will launch a sneak attack against the Icebox and liberate it. I know that you can do this, {COMMANDER.Callsign}.\n\n<i>We</i> can do this. Together.",
    "longDescription" : "Hard to believe we're going to war against the Directorate. I don't know about you, but from my perspective, it's long overdue. Make 'em pay for what they took from us. Make it hurt.",
    "salvagePotential" : 28,
    "requirementList" : [
        
    ],
    "OnContractSuccessResults" : [
        {
            "Scope" : "Company",
            "Requirements" : null,
            "AddedTags" : {
                "items" : [
                    
                ],
                "tagSetSourceFile" : ""
            },
            "RemovedTags" : {
                "items" : [
                    
                ],
                "tagSetSourceFile" : ""
            },
            "Stats" : [
                {
                    "typeString" : "System.Int32",
                    "name" : "NextStoryMilestone",
                    "value" : "1",
                    "set" : false,
                    "valueConstant" : ""
                }
            ],
            "Actions" : [
                
            ],
            "ForceEvents" : [
                
            ],
            "TemporaryResult" : false,
            "ResultDuration" : 0
        }
    ],
    "OnContractFailureResults" : [
        {
            "Scope" : "Company",
            "Requirements" : null,
            "AddedTags" : {
                "items" : [
                    
                ],
                "tagSetSourceFile" : ""
            },
            "RemovedTags" : {
                "items" : [
                    
                ],
                "tagSetSourceFile" : ""
            },
            "Stats" : [
                {
                    "typeString" : "System.Int32",
                    "name" : "NextStoryMilestone",
                    "value" : "211",
                    "set" : true,
                    "valueConstant" : ""
                }
            ],
            "Actions" : [
                {
                    "Type" : "System_AddContract",
                    "value" : "trav_story_4_liberation",
                    "valueConstant" : "",
                    "additionalValues" : [
                        "AuriganDirectorate",
                        "AuriganRestoration",
                        "starsystemdef_Weldry"
                    ]
                }
            ],
            "ForceEvents" : [
                
            ],
            "TemporaryResult" : false,
            "ResultDuration" : 0
        }
    ],
    "contractType" : "Story_4_LiberationOfWeldry",
    "encounterPlayStyle" : "SinglePlayer",
    "maxNumberOfPlayerUnits" : 4,
    "mapMood" : "Mission4",
    "startingFogOfWarVisibility" : "Surveyed",
    "contractObjectiveList" : [
        {
            "contractObjective" : {
                "EncounterObjectGuid" : "dee3ebc7-d9df-4e5f-bfbb-0fb7dff587f8"
            },
            "title" : "Fight your way to the Icebox prison camp",
            "description" : "",
            "isPrimary" : true,
            "forPlayer" : "Player1",
            "objectiveGuids" : [
                "caf2acf6-f7d4-43eb-8044-826b6180e2d6",
                "47edcd05-57cb-4f73-a7fb-30560b29519f",
                "64136f83-ae64-4c0a-ba7a-bc487dba5f7a"
            ]
        },
        {
            "contractObjective" : {
                "EncounterObjectGuid" : "1202c8de-4dd7-4d15-ad2c-accf791b2486"
            },
            "title" : "Destroy all Directorate forces",
            "description" : "",
            "isPrimary" : true,
            "forPlayer" : "Player1",
            "objectiveGuids" : [
                
            ]
        },
        {
            "contractObjective" : {
                "EncounterObjectGuid" : "080b38e4-7c1b-43d7-a2a0-0d8fcdeefbe6"
            },
            "title" : "Liberate the Icebox from Directorate control",
            "description" : "",
            "isPrimary" : true,
            "forPlayer" : "Player1",
            "objectiveGuids" : [
                
            ]
        }
    ],
    "objectiveList" : [
        {
            "objective" : {
                "EncounterObjectGuid" : "3d0a8825-370b-4fee-ae2d-5adfcec557c6"
            },
            "title" : "Hidden destroy turret generator objective",
            "description" : "",
            "isPrimary" : false,
            "OnSuccessResults" : [
                
            ],
            "OnFailureResults" : [
                
            ]
        },
        {
            "objective" : {
                "EncounterObjectGuid" : "493344ed-c792-4b3f-9e42-40802b633f88"
            },
            "title" : "Destroy enemy units",
            "description" : "",
            "isPrimary" : false,
            "OnSuccessResults" : [
                
            ],
            "OnFailureResults" : [
                
            ]
        },
        {
            "objective" : {
                "EncounterObjectGuid" : "26362f14-4c8d-4d93-a51f-e9476d893914"
            },
            "title" : "HIDDEN Approaching Prison",
            "description" : "",
            "isPrimary" : false,
            "OnSuccessResults" : [
                
            ],
            "OnFailureResults" : [
                
            ]
        },
        {
            "objective" : {
                "EncounterObjectGuid" : "caf2acf6-f7d4-43eb-8044-826b6180e2d6"
            },
            "title" : "Breach the Prison Gates",
            "description" : "",
            "isPrimary" : false,
            "OnSuccessResults" : [
                
            ],
            "OnFailureResults" : [
                
            ]
        },
        {
            "objective" : {
                "EncounterObjectGuid" : "c02cca7e-6e2c-4a3d-beb0-f9af713a466f"
            },
            "title" : "Destroy Base Defense Turrets",
            "description" : "",
            "isPrimary" : false,
            "OnSuccessResults" : [
                
            ],
            "OnFailureResults" : [
                
            ]
        },
        {
            "objective" : {
                "EncounterObjectGuid" : "47edcd05-57cb-4f73-a7fb-30560b29519f"
            },
            "title" : "Eliminate the Prison Garrison",
            "description" : "",
            "isPrimary" : false,
            "OnSuccessResults" : [
                
            ],
            "OnFailureResults" : [
                
            ]
        },
        {
            "objective" : {
                "EncounterObjectGuid" : "4fa1195b-16db-412a-a0bd-bd9a6001e470"
            },
            "title" : "Time to Kamea Arrival",
            "description" : "",
            "isPrimary" : false,
            "OnSuccessResults" : [
                
            ],
            "OnFailureResults" : [
                
            ]
        },
        {
            "objective" : {
                "EncounterObjectGuid" : "7617cb28-c434-4a14-8698-a93ccfc3d750"
            },
            "title" : "Destroy the Enemy Reinforcements",
            "description" : "",
            "isPrimary" : false,
            "OnSuccessResults" : [
                
            ],
            "OnFailureResults" : [
                
            ]
        },
        {
            "objective" : {
                "EncounterObjectGuid" : "3a4192be-2a53-4383-94ac-19c08883ea5f"
            },
            "title" : "Hold the Prison until Lady Kamea Arano makes landfall.",
            "description" : "",
            "isPrimary" : false,
            "OnSuccessResults" : [
                
            ],
            "OnFailureResults" : [
                
            ]
        },
        {
            "objective" : {
                "EncounterObjectGuid" : "64136f83-ae64-4c0a-ba7a-bc487dba5f7a"
            },
            "title" : "Ensure Kamea Survives",
            "description" : "",
            "isPrimary" : false,
            "OnSuccessResults" : [
                
            ],
            "OnFailureResults" : [
                
            ]
        },
        {
            "objective" : {
                "EncounterObjectGuid" : "2e9136c3-f269-44ac-99ec-5c8b0d3004f5"
            },
            "title" : "HIIDEN Kamea Occupy Region",
            "description" : "",
            "isPrimary" : false,
            "OnSuccessResults" : [
                
            ],
            "OnFailureResults" : [
                
            ]
        },
        {
            "objective" : {
                "EncounterObjectGuid" : "0e9bd2d9-407c-4687-bc5b-147cf35248b5"
            },
            "title" : "Artillery hits in ",
            "description" : "",
            "isPrimary" : false,
            "OnSuccessResults" : [
                
            ],
            "OnFailureResults" : [
                
            ]
        }
    ],
    "buildingList" : [
        
    ],
    "chunkList" : [
        
    ],
    "cameraFocusHelperList" : [
        {
            "name" : "Spawner_PlayerLance",
            "encounterObject" : {
                "EncounterObjectGuid" : "76b654a6-4f2c-4a6f-86e6-d4cf868335fe"
            }
        },
        {
            "name" : "LanceSpawner",
            "encounterObject" : {
                "EncounterObjectGuid" : "61699a08-1ed7-4ac3-b1f3-79b6b671c4ca"
            }
        },
        {
            "name" : "LanceSpawner_Turrets_Alpha",
            "encounterObject" : {
                "EncounterObjectGuid" : "c889b2a0-f46e-443e-9436-b0cd1d286b16"
            }
        },
        {
            "name" : "LanceSpawner_Turrets_Bravo",
            "encounterObject" : {
                "EncounterObjectGuid" : "ea34f78b-b583-4f47-ae98-8349c4e9a571"
            }
        },
        {
            "name" : "LanceSpawner_Vehicles",
            "encounterObject" : {
                "EncounterObjectGuid" : "4bcca0a6-1941-4033-bfde-175234a3de7f"
            }
        },
        {
            "name" : "Spawner_InternalDefenseTurrets",
            "encounterObject" : {
                "EncounterObjectGuid" : "03098774-4d71-41cd-92ee-b466f6390110"
            }
        },
        {
            "name" : "DestroyLanceSpawner",
            "encounterObject" : {
                "EncounterObjectGuid" : "8f5cd1f7-9e39-4d37-a6cb-398b5797ab7c"
            }
        },
        {
            "name" : "Spawner_ReinforcementsLance",
            "encounterObject" : {
                "EncounterObjectGuid" : "1ed1ecd2-449b-4df9-8ab5-29846b40c1ad"
            }
        },
        {
            "name" : "LanceSpawner",
            "encounterObject" : {
                "EncounterObjectGuid" : "7e140c41-dcc0-4e6a-92c5-3b9b1c562dd6"
            }
        },
        {
            "name" : "Region_ApproachingPrison",
            "encounterObject" : {
                "EncounterObjectGuid" : "8b193467-e642-4adc-ab49-9555e3c619d9"
            }
        },
        {
            "name" : "Region_GoTo",
            "encounterObject" : {
                "EncounterObjectGuid" : "181efcdf-0e34-477b-8a06-39b0ead2d69e"
            }
        },
        {
            "name" : "Region_Occupy",
            "encounterObject" : {
                "EncounterObjectGuid" : "a85da736-7a2e-4cc6-aff3-feb9d73fc7e1"
            }
        },
        {
            "name" : "04_KameaOccupyRegion",
            "encounterObject" : {
                "EncounterObjectGuid" : "cdf833ca-699a-4c06-9b5d-f5f93f0d49e7"
            }
        },
        {
            "name" : "04_ArtilleryWallBlowRegion",
            "encounterObject" : {
                "EncounterObjectGuid" : "d491ed3a-d63d-4fa1-aaf9-3471d5b6d91a"
            }
        },
        {
            "name" : "WorldPoint_Doors",
            "encounterObject" : {
                "EncounterObjectGuid" : "7ead3d46-492e-4aeb-a331-5c6bc1dc5432"
            }
        },
        {
            "name" : "WorldPoint_Doors2",
            "encounterObject" : {
                "EncounterObjectGuid" : "8e48d373-7f31-407a-b5ec-f3821f386e8b"
            }
        }
    ],
    "dialogueList" : [
        {
            "dialogue" : {
                "EncounterObjectGuid" : "7fe51130-7759-4256-a3d4-fe78366c4c0e"
            },
            "name" : "Async_IntruderAlert",
            "overrideDialogueBucketId" : "",
            "dialogueContent" : [
                {
                    "words" : "[static] This is the warden\u2014we have an intruder alert! All combat units, prepare to repel hostiles! [static]",
                    "wordsColor" : {
                        "r" : 0.2509804,
                        "g" : 0.2509804,
                        "b" : 0.2509804,
                        "a" : 1
                    },
                    "selectedCastDefId" : "castDef_SE04_PrisonWardenDefault",
                    "emote" : "Default",
                    "audioName" : "m040_070_prisoncom",
                    "cameraFocusGuid" : "",
                    "cameraDistance" : "Far",
                    "cameraHeight" : "Default",
                    "revealRadius" : 0
                }
            ]
        },
        {
            "dialogue" : {
                "EncounterObjectGuid" : "10b4f6db-64d8-4d3b-a2c2-ae3b73c1c132"
            },
            "name" : "Inter_DestroyDoorsOrJumpWalls",
            "overrideDialogueBucketId" : "",
            "dialogueContent" : [
                {
                    "words" : "Those prison gates on either side are gonna be your best point of entry into the complex.",
                    "wordsColor" : {
                        "r" : 1,
                        "g" : 1,
                        "b" : 1,
                        "a" : 1
                    },
                    "selectedCastDefId" : "castDef_DariusDefault",
                    "emote" : "Default",
                    "audioName" : "NONE",
                    "cameraFocusGuid" : "7ead3d46-492e-4aeb-a331-5c6bc1dc5432",
                    "cameraDistance" : "Far",
                    "cameraHeight" : "High",
                    "revealRadius" : -1
                },
                {
                    "words" : "Blow them down and make your way inside... or jump the walls, if your lance is capable of it. Your call.",
                    "wordsColor" : {
                        "r" : 1,
                        "g" : 1,
                        "b" : 1,
                        "a" : 1
                    },
                    "selectedCastDefId" : "castDef_DariusDefault",
                    "emote" : "Default",
                    "audioName" : "NONE",
                    "cameraFocusGuid" : "8e48d373-7f31-407a-b5ec-f3821f386e8b",
                    "cameraDistance" : "Far",
                    "cameraHeight" : "High",
                    "revealRadius" : -1
                }
            ]
        },
        {
            "dialogue" : {
                "EncounterObjectGuid" : "9071057f-44c7-44ee-a23e-10bc7bab3e00"
            },
            "name" : "Inter_GoToComplete_EnemiesRemain",
            "overrideDialogueBucketId" : "",
            "dialogueContent" : [
                {
                    "words" : "Excellent work, Commander\u2014the prison is ours.",
                    "wordsColor" : {
                        "r" : 1,
                        "g" : 1,
                        "b" : 1,
                        "a" : 1
                    },
                    "selectedCastDefId" : "castDef_DariusDefault",
                    "emote" : "Default",
                    "audioName" : "NONE",
                    "cameraFocusGuid" : "",
                    "cameraDistance" : "Far",
                    "cameraHeight" : "Default",
                    "revealRadius" : -1
                },
                {
                    "words" : "[static] All Directorate personnel to action stations, gods damn it! This is NOT a drill! [static]",
                    "wordsColor" : {
                        "r" : 1,
                        "g" : 1,
                        "b" : 1,
                        "a" : 1
                    },
                    "selectedCastDefId" : "castDef_SE04_PrisonWardenDefault",
                    "emote" : "Default",
                    "audioName" : "NONE",
                    "cameraFocusGuid" : "",
                    "cameraDistance" : "Far",
                    "cameraHeight" : "Default",
                    "revealRadius" : -1
                },
                {
                    "words" : "Looks like you've got more company\u2014I'm seeing heat signatures coming online in the prison Mech Bay. The warden must've held a lance in reserve.",
                    "wordsColor" : {
                        "r" : 1,
                        "g" : 1,
                        "b" : 1,
                        "a" : 1
                    },
                    "selectedCastDefId" : "castDef_DariusDefault",
                    "emote" : "Default",
                    "audioName" : "NONE",
                    "cameraFocusGuid" : "",
                    "cameraDistance" : "Far",
                    "cameraHeight" : "Default",
                    "revealRadius" : -1
                }
            ]
        },
        {
            "dialogue" : {
                "EncounterObjectGuid" : "105c7821-3426-46ef-af69-175ffeab6811"
            },
            "name" : "Async_PostGoToComplete",
            "overrideDialogueBucketId" : "",
            "dialogueContent" : [
                {
                    "words" : "Sit tight, Commander\u2014Lady Arano is aware of the situation. Reinforcements are on the way.",
                    "wordsColor" : {
                        "r" : 1,
                        "g" : 1,
                        "b" : 1,
                        "a" : 1
                    },
                    "selectedCastDefId" : "castDef_MadeiraDefault",
                    "emote" : "Default",
                    "audioName" : "m040_044_alexander",
                    "cameraFocusGuid" : "",
                    "cameraDistance" : "Far",
                    "cameraHeight" : "Default",
                    "revealRadius" : -1
                }
            ]
        },
        {
            "dialogue" : {
                "EncounterObjectGuid" : "051ec0e7-2c7d-435b-bcbc-ce7715f774a3"
            },
            "name" : "Inter_KameaArrives",
            "overrideDialogueBucketId" : "",
            "dialogueContent" : [
                {
                    "words" : "FOR THE AURIGAN PEOPLE!",
                    "wordsColor" : {
                        "r" : 1,
                        "g" : 1,
                        "b" : 1,
                        "a" : 1
                    },
                    "selectedCastDefId" : "castDef_KameaPrologue",
                    "emote" : "Default",
                    "audioName" : "NONE",
                    "cameraFocusGuid" : "",
                    "cameraDistance" : "Far",
                    "cameraHeight" : "Default",
                    "revealRadius" : -1
                }
            ]
        },
        {
            "dialogue" : {
                "EncounterObjectGuid" : "d61f12a3-f820-4026-b7ca-9d263d1525fa"
            },
            "name" : "Inter_DropshipLanding",
            "overrideDialogueBucketId" : "",
            "dialogueContent" : [
                {
                    "words" : "Engines prepped and ready, Commander. I'll set her down as soon as you're finished with those hostiles.",
                    "wordsColor" : {
                        "r" : 1,
                        "g" : 1,
                        "b" : 1,
                        "a" : 1
                    },
                    "selectedCastDefId" : "castDef_SumireDefault",
                    "emote" : "Default",
                    "audioName" : "NONE",
                    "cameraFocusGuid" : "",
                    "cameraDistance" : "Far",
                    "cameraHeight" : "Default",
                    "revealRadius" : -1
                }
            ]
        },
        {
            "dialogue" : {
                "EncounterObjectGuid" : "538e52fb-f8f3-4001-b3e2-1165adfa83dc"
            },
            "name" : "Async_DefenderDown_Garrison",
            "overrideDialogueBucketId" : "",
            "dialogueContent" : [
                {
                    "words" : "[static] FIGHT HARDER, DAMN YOU! We can't let this prison fall! [static]",
                    "wordsColor" : {
                        "r" : 1,
                        "g" : 1,
                        "b" : 1,
                        "a" : 1
                    },
                    "selectedCastDefId" : "castDef_SE04_PrisonWardenDefault",
                    "emote" : "Default",
                    "audioName" : "m040_080_warden",
                    "cameraFocusGuid" : "",
                    "cameraDistance" : "Far",
                    "cameraHeight" : "Default",
                    "revealRadius" : 0
                }
            ]
        },
        {
            "dialogue" : {
                "EncounterObjectGuid" : "73df8d9c-a274-48fd-98c9-2bd0d7860e83"
            },
            "name" : "MissionStartDialogue",
            "overrideDialogueBucketId" : "",
            "dialogueContent" : [
                {
                    "words" : "There are two entrances into the complex, Commander. Intel says that each is defended by a series of elevated turrets.",
                    "wordsColor" : {
                        "r" : 1,
                        "g" : 1,
                        "b" : 1,
                        "a" : 1
                    },
                    "selectedCastDefId" : "castDef_DariusDefault",
                    "emote" : "Default",
                    "audioName" : "NONE",
                    "cameraFocusGuid" : "",
                    "cameraDistance" : "Far",
                    "cameraHeight" : "Default",
                    "revealRadius" : -1
                },
                {
                    "words" : "I'm also seeing an LRM emplacement between the two checkpoints.",
                    "wordsColor" : {
                        "r" : 1,
                        "g" : 1,
                        "b" : 1,
                        "a" : 1
                    },
                    "selectedCastDefId" : "castDef_DariusDefault",
                    "emote" : "Default",
                    "audioName" : "NONE",
                    "cameraFocusGuid" : "",
                    "cameraDistance" : "Far",
                    "cameraHeight" : "Default",
                    "revealRadius" : 50
                },
                {
                    "words" : "BattleMech defenses should be practically nil\u2014as predicted, Lady Arano's preemptive strike has already drawn the prison's standard garrison away. I'm seeing heavy vehicles and turrets on my screen\u2026 nothing that you can't handle.",
                    "wordsColor" : {
                        "r" : 1,
                        "g" : 1,
                        "b" : 1,
                        "a" : 1
                    },
                    "selectedCastDefId" : "castDef_DariusDefault",
                    "emote" : "Default",
                    "audioName" : "NONE",
                    "cameraFocusGuid" : "ec9d2280-ca9a-4d90-8a20-963d8a4c0a39",
                    "cameraDistance" : "Far",
                    "cameraHeight" : "Default",
                    "revealRadius" : 0
                },
                {
                    "words" : "Clear away the opposition and capture the prison. Lady Arano and the Restoration Army will take care of the rest. Good hunting, Commander!",
                    "wordsColor" : {
                        "r" : 1,
                        "g" : 1,
                        "b" : 1,
                        "a" : 1
                    },
                    "selectedCastDefId" : "castDef_DariusDefault",
                    "emote" : "Default",
                    "audioName" : "NONE",
                    "cameraFocusGuid" : "",
                    "cameraDistance" : "Far",
                    "cameraHeight" : "Default",
                    "revealRadius" : 0
                }
            ]
        },
        {
            "dialogue" : {
                "EncounterObjectGuid" : "4011a4c3-cba2-4d22-b2b3-3b19a3297ab9"
            },
            "name" : "MissionSuccessDialogue",
            "overrideDialogueBucketId" : "",
            "dialogueContent" : [
                {
                    "words" : "The prison is ours! Thanks for the assist, Lady Arano\u2014I'll have Sumire bring us down for the victory celebration.",
                    "wordsColor" : {
                        "r" : 1,
                        "g" : 1,
                        "b" : 1,
                        "a" : 1
                    },
                    "selectedCastDefId" : "castDef_DariusDefault",
                    "emote" : "Default",
                    "audioName" : "NONE",
                    "cameraFocusGuid" : "",
                    "cameraDistance" : "Far",
                    "cameraHeight" : "Default",
                    "revealRadius" : -1
                },
                {
                    "words" : "There will be no celebrating\u2014not after what I saw out there. Gods, Darius\u2026 the things the Directorate has done to these people\u2026",
                    "wordsColor" : {
                        "r" : 1,
                        "g" : 1,
                        "b" : 1,
                        "a" : 1
                    },
                    "selectedCastDefId" : "castDef_KameaPrologue",
                    "emote" : "Default",
                    "audioName" : "NONE",
                    "cameraFocusGuid" : "",
                    "cameraDistance" : "Far",
                    "cameraHeight" : "Default",
                    "revealRadius" : 0
                },
                {
                    "words" : "Kamea, I need you to meet me in the prison hospital. Right now.",
                    "wordsColor" : {
                        "r" : 1,
                        "g" : 1,
                        "b" : 1,
                        "a" : 1
                    },
                    "selectedCastDefId" : "castDef_MadeiraDefault",
                    "emote" : "Default",
                    "audioName" : "NONE",
                    "cameraFocusGuid" : "",
                    "cameraDistance" : "Far",
                    "cameraHeight" : "Default",
                    "revealRadius" : -1
                },
                {
                    "words" : "What is it?",
                    "wordsColor" : {
                        "r" : 1,
                        "g" : 1,
                        "b" : 1,
                        "a" : 1
                    },
                    "selectedCastDefId" : "castDef_KameaPrologue",
                    "emote" : "Default",
                    "audioName" : "NONE",
                    "cameraFocusGuid" : "",
                    "cameraDistance" : "Far",
                    "cameraHeight" : "Default",
                    "revealRadius" : -1
                },
                {
                    "words" : "Better that you see for yourself. And, Kamea\u2026 prepare yourself. This isn't going to be easy.",
                    "wordsColor" : {
                        "r" : 1,
                        "g" : 1,
                        "b" : 1,
                        "a" : 1
                    },
                    "selectedCastDefId" : "castDef_MadeiraDefault",
                    "emote" : "Default",
                    "audioName" : "NONE",
                    "cameraFocusGuid" : "",
                    "cameraDistance" : "Far",
                    "cameraHeight" : "Default",
                    "revealRadius" : -1
                }
            ]
        },
        {
            "dialogue" : {
                "EncounterObjectGuid" : "d3d33d95-9ed7-4686-b9eb-954ebe51cc02"
            },
            "name" : "MissionFailureDialogue",
            "overrideDialogueBucketId" : "",
            "dialogueContent" : [
                
            ]
        }
    ],
    "disableNegotations" : true,
    "disableLanceConfiguration" : false,
    "disableCancelButton" : false,
    "disableAfterAction" : false,
    "contractRewardOverride" : 2944000,
    "travelOnly" : false,
    "useTravelCostPenalty" : false,
    "usesExpiration" : false,
    "expirationTimeOverride" : -1,
    "negotiatedSalary" : 0.5,
    "negotiatedSalvage" : 0.5,
    "player1Team" : {
        "encounterLayerData" : {
            "EncounterObjectGuid" : "219798b5-9e35-4cbe-8a76-bd1634763e46"
        },
        "teamGuid" : "bf40fd39-ccf9-47c4-94a6-061809681140",
        "teamName" : "Player 1",
        "faction" : "Player1sMercUnit",
        "teamLeaderCastDefId" : "castDef_TeamLeader_Current",
        "lanceOverrideList" : [
            {
                "lanceSpawner" : {
                    "EncounterObjectGuid" : "76b654a6-4f2c-4a6f-86e6-d4cf868335fe"
                },
                "name" : "Spawner_PlayerLance",
                "lanceDefId" : "Manual",
                "lanceTagSet" : {
                    "items" : [
                        
                    ],
                    "tagSetSourceFile" : ""
                },
                "lanceExcludedTagSet" : {
                    "items" : [
                        
                    ],
                    "tagSetSourceFile" : "Tags/LanceTags"
                },
                "spawnEffectTags" : {
                    "items" : [
                        
                    ],
                    "tagSetSourceFile" : "Tags/SpawnEffectTags"
                },
                "lanceDifficultyAdjustment" : 0,
                "selectedLanceDefId" : "",
                "selectedLanceDifficulty" : 0,
                "unitSpawnPointOverrideList" : [
                    {
                        "unitSpawnPoint" : {
                            "EncounterObjectGuid" : "ec9d2280-ca9a-4d90-8a20-963d8a4c0a39"
                        },
                        "customUnitName" : "",
                        "customHeraldryDefId" : "",
                        "unitType" : "UNDEFINED",
                        "unitDefId" : "",
                        "unitTagSet" : {
                            "items" : [
                                
                            ],
                            "tagSetSourceFile" : ""
                        },
                        "unitExcludedTagSet" : {
                            "items" : [
                                
                            ],
                            "tagSetSourceFile" : "Tags/UnitTags"
                        },
                        "spawnEffectTags" : {
                            "items" : [
                                
                            ],
                            "tagSetSourceFile" : "Tags/SpawnEffectTags"
                        },
                        "pilotDefId" : "pilot_default",
                        "pilotTagSet" : {
                            "items" : [
                                
                            ],
                            "tagSetSourceFile" : ""
                        },
                        "pilotExcludedTagSet" : {
                            "items" : [
                                
                            ],
                            "tagSetSourceFile" : "Tags/PilotTags"
                        },
                        "selectedUnitType" : "UNDEFINED",
                        "selectedUnitDefId" : "",
                        "selectedPilotDefId" : ""
                    },
                    {
                        "unitSpawnPoint" : {
                            "EncounterObjectGuid" : "ebc06b6a-c5a8-4165-95ce-480bcf335570"
                        },
                        "customUnitName" : "",
                        "customHeraldryDefId" : "",
                        "unitType" : "UNDEFINED",
                        "unitDefId" : "",
                        "unitTagSet" : {
                            "items" : [
                                
                            ],
                            "tagSetSourceFile" : ""
                        },
                        "unitExcludedTagSet" : {
                            "items" : [
                                
                            ],
                            "tagSetSourceFile" : "Tags/UnitTags"
                        },
                        "spawnEffectTags" : {
                            "items" : [
                                
                            ],
                            "tagSetSourceFile" : "Tags/SpawnEffectTags"
                        },
                        "pilotDefId" : "pilot_default",
                        "pilotTagSet" : {
                            "items" : [
                                
                            ],
                            "tagSetSourceFile" : ""
                        },
                        "pilotExcludedTagSet" : {
                            "items" : [
                                
                            ],
                            "tagSetSourceFile" : "Tags/PilotTags"
                        },
                        "selectedUnitType" : "UNDEFINED",
                        "selectedUnitDefId" : "",
                        "selectedPilotDefId" : ""
                    },
                    {
                        "unitSpawnPoint" : {
                            "EncounterObjectGuid" : "d50f1e9d-0a0b-4dc8-9a06-a33233aaa8a1"
                        },
                        "customUnitName" : "",
                        "customHeraldryDefId" : "",
                        "unitType" : "UNDEFINED",
                        "unitDefId" : "",
                        "unitTagSet" : {
                            "items" : [
                                
                            ],
                            "tagSetSourceFile" : ""
                        },
                        "unitExcludedTagSet" : {
                            "items" : [
                                
                            ],
                            "tagSetSourceFile" : "Tags/UnitTags"
                        },
                        "spawnEffectTags" : {
                            "items" : [
                                
                            ],
                            "tagSetSourceFile" : "Tags/SpawnEffectTags"
                        },
                        "pilotDefId" : "pilot_default",
                        "pilotTagSet" : {
                            "items" : [
                                
                            ],
                            "tagSetSourceFile" : ""
                        },
                        "pilotExcludedTagSet" : {
                            "items" : [
                                
                            ],
                            "tagSetSourceFile" : "Tags/PilotTags"
                        },
                        "selectedUnitType" : "UNDEFINED",
                        "selectedUnitDefId" : "",
                        "selectedPilotDefId" : ""
                    },
                    {
                        "unitSpawnPoint" : {
                            "EncounterObjectGuid" : "461141c2-f956-49a5-b2c6-6f951b957a94"
                        },
                        "customUnitName" : "",
                        "customHeraldryDefId" : "",
                        "unitType" : "UNDEFINED",
                        "unitDefId" : "",
                        "unitTagSet" : {
                            "items" : [
                                
                            ],
                            "tagSetSourceFile" : ""
                        },
                        "unitExcludedTagSet" : {
                            "items" : [
                                
                            ],
                            "tagSetSourceFile" : "Tags/UnitTags"
                        },
                        "spawnEffectTags" : {
                            "items" : [
                                
                            ],
                            "tagSetSourceFile" : "Tags/SpawnEffectTags"
                        },
                        "pilotDefId" : "pilot_default",
                        "pilotTagSet" : {
                            "items" : [
                                
                            ],
                            "tagSetSourceFile" : ""
                        },
                        "pilotExcludedTagSet" : {
                            "items" : [
                                
                            ],
                            "tagSetSourceFile" : "Tags/PilotTags"
                        },
                        "selectedUnitType" : "UNDEFINED",
                        "selectedUnitDefId" : "",
                        "selectedPilotDefId" : ""
                    }
                ]
            }
        ]
    },
    "player2Team" : {
        "encounterLayerData" : {
            "EncounterObjectGuid" : "219798b5-9e35-4cbe-8a76-bd1634763e46"
        },
        "teamGuid" : "757173dd-b4e1-4bb5-9bee-d78e623cc867",
        "teamName" : "Player 2",
        "faction" : "Player2sMercUnit",
        "teamLeaderCastDefId" : "castDef_TeamLeader_Current",
        "lanceOverrideList" : [
            
        ]
    },
    "employerTeam" : {
        "encounterLayerData" : {
            "EncounterObjectGuid" : "219798b5-9e35-4cbe-8a76-bd1634763e46"
        },
        "teamGuid" : "ecc8d4f2-74b4-465d-adf6-84445e5dfc230",
        "teamName" : "Employer",
        "faction" : "AuriganRestoration",
        "teamLeaderCastDefId" : "castDef_TeamLeader_Current",
        "lanceOverrideList" : [
            {
                "lanceSpawner" : {
                    "EncounterObjectGuid" : "7e140c41-dcc0-4e6a-92c5-3b9b1c562dd6"
                },
                "name" : "LanceSpawner",
                "lanceDefId" : "Manual",
                "lanceTagSet" : {
                    "items" : [
                        
                    ],
                    "tagSetSourceFile" : ""
                },
                "lanceExcludedTagSet" : {
                    "items" : [
                        
                    ],
                    "tagSetSourceFile" : "Tags/LanceTags"
                },
                "spawnEffectTags" : {
                    "items" : [
                        
                    ],
                    "tagSetSourceFile" : "Tags/SpawnEffectTags"
                },
                "lanceDifficultyAdjustment" : 0,
                "selectedLanceDefId" : "",
                "selectedLanceDifficulty" : 0,
                "unitSpawnPointOverrideList" : [
                    {
                        "unitSpawnPoint" : {
                            "EncounterObjectGuid" : "f6d42e6e-ee7b-49f2-90de-55541dd1bbcf"
                        },
                        "customUnitName" : "",
                        "customHeraldryDefId" : "heraldrydef_restoration",
                        "unitType" : "Mech",
                        "unitDefId" : "mechdef_kintaro_KTO-18",
                        "unitTagSet" : {
                            "items" : [
                                
                            ],
                            "tagSetSourceFile" : ""
                        },
                        "unitExcludedTagSet" : {
                            "items" : [
                                
                            ],
                            "tagSetSourceFile" : "Tags/UnitTags"
                        },
                        "spawnEffectTags" : {
                            "items" : [
                                
                            ],
                            "tagSetSourceFile" : "Tags/SpawnEffectTags"
                        },
                        "pilotDefId" : "pilot_story_kamea",
                        "pilotTagSet" : {
                            "items" : [
                                
                            ],
                            "tagSetSourceFile" : "Tags/PilotTags"
                        },
                        "pilotExcludedTagSet" : {
                            "items" : [
                                
                            ],
                            "tagSetSourceFile" : "Tags/PilotTags"
                        },
                        "selectedUnitType" : "UNDEFINED",
                        "selectedUnitDefId" : "",
                        "selectedPilotDefId" : ""
                    }
                ]
            }
        ]
    },
    "targetTeam" : {
        "encounterLayerData" : {
            "EncounterObjectGuid" : "219798b5-9e35-4cbe-8a76-bd1634763e46"
        },
        "teamGuid" : "be77cadd-e245-4240-a93e-b99cc98902a5",
        "teamName" : "Target",
        "faction" : "AuriganDirectorate",
        "teamLeaderCastDefId" : "castDef_TeamLeader_Current",
        "lanceOverrideList" : [
            {
                "lanceSpawner" : {
                    "EncounterObjectGuid" : "61699a08-1ed7-4ac3-b1f3-79b6b671c4ca"
                },
                "name" : "LanceSpawner",
                "lanceDefId" : "Manual",
                "lanceTagSet" : {
                    "items" : [
                        
                    ],
                    "tagSetSourceFile" : ""
                },
                "lanceExcludedTagSet" : {
                    "items" : [
                        
                    ],
                    "tagSetSourceFile" : "Tags/LanceTags"
                },
                "spawnEffectTags" : {
                    "items" : [
                        
                    ],
                    "tagSetSourceFile" : "Tags/SpawnEffectTags"
                },
                "lanceDifficultyAdjustment" : 0,
                "selectedLanceDefId" : "",
                "selectedLanceDifficulty" : 0,
                "unitSpawnPointOverrideList" : [
                    {
                        "unitSpawnPoint" : {
                            "EncounterObjectGuid" : "7c30108d-c203-4240-a74f-76cc057ccae0"
                        },
                        "customUnitName" : "",
                        "customHeraldryDefId" : "",
                        "unitType" : "Turret",
                        "unitDefId" : "turretdef_Light_LRM",
                        "unitTagSet" : {
                            "items" : [
                                
                            ],
                            "tagSetSourceFile" : ""
                        },
                        "unitExcludedTagSet" : {
                            "items" : [
                                
                            ],
                            "tagSetSourceFile" : "Tags/UnitTags"
                        },
                        "spawnEffectTags" : {
                            "items" : [
                                
                            ],
                            "tagSetSourceFile" : "Tags/SpawnEffectTags"
                        },
                        "pilotDefId" : "pilot_d4_turret",
                        "pilotTagSet" : {
                            "items" : [
                                
                            ],
                            "tagSetSourceFile" : "Tags/PilotTags"
                        },
                        "pilotExcludedTagSet" : {
                            "items" : [
                                
                            ],
                            "tagSetSourceFile" : "Tags/PilotTags"
                        },
                        "selectedUnitType" : "UNDEFINED",
                        "selectedUnitDefId" : "",
                        "selectedPilotDefId" : ""
                    },
                    {
                        "unitSpawnPoint" : {
                            "EncounterObjectGuid" : "8021f2fc-1990-4f9c-9362-adc183d5fba9"
                        },
                        "customUnitName" : "",
                        "customHeraldryDefId" : "",
                        "unitType" : "Turret",
                        "unitDefId" : "turretdef_Light_LRM",
                        "unitTagSet" : {
                            "items" : [
                                
                            ],
                            "tagSetSourceFile" : ""
                        },
                        "unitExcludedTagSet" : {
                            "items" : [
                                
                            ],
                            "tagSetSourceFile" : "Tags/UnitTags"
                        },
                        "spawnEffectTags" : {
                            "items" : [
                                
                            ],
                            "tagSetSourceFile" : "Tags/SpawnEffectTags"
                        },
                        "pilotDefId" : "pilot_d4_turret",
                        "pilotTagSet" : {
                            "items" : [
                                
                            ],
                            "tagSetSourceFile" : "Tags/PilotTags"
                        },
                        "pilotExcludedTagSet" : {
                            "items" : [
                                
                            ],
                            "tagSetSourceFile" : "Tags/PilotTags"
                        },
                        "selectedUnitType" : "UNDEFINED",
                        "selectedUnitDefId" : "",
                        "selectedPilotDefId" : ""
                    }
                ]
            },
            {
                "lanceSpawner" : {
                    "EncounterObjectGuid" : "c889b2a0-f46e-443e-9436-b0cd1d286b16"
                },
                "name" : "LanceSpawner_Turrets_Alpha",
                "lanceDefId" : "Manual",
                "lanceTagSet" : {
                    "items" : [
                        
                    ],
                    "tagSetSourceFile" : "Tags/LanceTags"
                },
                "lanceExcludedTagSet" : {
                    "items" : [
                        
                    ],
                    "tagSetSourceFile" : "Tags/LanceTags"
                },
                "spawnEffectTags" : {
                    "items" : [
                        "spawn_poorly_maintained_25"
                    ],
                    "tagSetSourceFile" : "Tags/SpawnEffectTags"
                },
                "lanceDifficultyAdjustment" : 0,
                "selectedLanceDefId" : "",
                "selectedLanceDifficulty" : 0,
                "unitSpawnPointOverrideList" : [
                    {
                        "unitSpawnPoint" : {
                            "EncounterObjectGuid" : "d49a3920-b0f8-4d61-8d8d-0522c81b2544"
                        },
                        "customUnitName" : "",
                        "customHeraldryDefId" : "",
                        "unitType" : "Vehicle",
                        "unitDefId" : "vehicledef_BULLDOG",
                        "unitTagSet" : {
                            "items" : [
                                
                            ],
                            "tagSetSourceFile" : ""
                        },
                        "unitExcludedTagSet" : {
                            "items" : [
                                
                            ],
                            "tagSetSourceFile" : "Tags/UnitTags"
                        },
                        "spawnEffectTags" : {
                            "items" : [
                                "spawn_poorly_maintained_25"
                            ],
                            "tagSetSourceFile" : "Tags/SpawnEffectTags"
                        },
                        "pilotDefId" : "pilot_d4_pilot",
                        "pilotTagSet" : {
                            "items" : [
                                
                            ],
                            "tagSetSourceFile" : ""
                        },
                        "pilotExcludedTagSet" : {
                            "items" : [
                                
                            ],
                            "tagSetSourceFile" : "Tags/PilotTags"
                        },
                        "selectedUnitType" : "UNDEFINED",
                        "selectedUnitDefId" : "",
                        "selectedPilotDefId" : ""
                    },
                    {
                        "unitSpawnPoint" : {
                            "EncounterObjectGuid" : "53b22db1-42d2-4851-ac51-05b4fe82ac15"
                        },
                        "customUnitName" : "",
                        "customHeraldryDefId" : "",
                        "unitType" : "Vehicle",
                        "unitDefId" : "vehicledef_SCORPION",
                        "unitTagSet" : {
                            "items" : [
                                
                            ],
                            "tagSetSourceFile" : ""
                        },
                        "unitExcludedTagSet" : {
                            "items" : [
                                
                            ],
                            "tagSetSourceFile" : "Tags/UnitTags"
                        },
                        "spawnEffectTags" : {
                            "items" : [
                                "spawn_poorly_maintained_25"
                            ],
                            "tagSetSourceFile" : "Tags/SpawnEffectTags"
                        },
                        "pilotDefId" : "pilot_d4_pilot",
                        "pilotTagSet" : {
                            "items" : [
                                
                            ],
                            "tagSetSourceFile" : ""
                        },
                        "pilotExcludedTagSet" : {
                            "items" : [
                                
                            ],
                            "tagSetSourceFile" : "Tags/PilotTags"
                        },
                        "selectedUnitType" : "UNDEFINED",
                        "selectedUnitDefId" : "",
                        "selectedPilotDefId" : ""
                    },
                    {
                        "unitSpawnPoint" : {
                            "EncounterObjectGuid" : "cdb7f88b-e605-45e9-8c2b-d4b621f24318"
                        },
                        "customUnitName" : "",
                        "customHeraldryDefId" : "",
                        "unitType" : "Turret",
                        "unitDefId" : "turretdef_Light_Sniper",
                        "unitTagSet" : {
                            "items" : [
                                
                            ],
                            "tagSetSourceFile" : ""
                        },
                        "unitExcludedTagSet" : {
                            "items" : [
                                
                            ],
                            "tagSetSourceFile" : "Tags/UnitTags"
                        },
                        "spawnEffectTags" : {
                            "items" : [
                                
                            ],
                            "tagSetSourceFile" : "Tags/SpawnEffectTags"
                        },
                        "pilotDefId" : "pilot_d4_turret",
                        "pilotTagSet" : {
                            "items" : [
                                
                            ],
                            "tagSetSourceFile" : ""
                        },
                        "pilotExcludedTagSet" : {
                            "items" : [
                                
                            ],
                            "tagSetSourceFile" : "Tags/PilotTags"
                        },
                        "selectedUnitType" : "UNDEFINED",
                        "selectedUnitDefId" : "",
                        "selectedPilotDefId" : ""
                    },
                    {
                        "unitSpawnPoint" : {
                            "EncounterObjectGuid" : "8d88b290-3372-4df9-9b9f-a1124e6b4f29"
                        },
                        "customUnitName" : "",
                        "customHeraldryDefId" : "",
                        "unitType" : "Turret",
                        "unitDefId" : "turretdef_Standard_Laser",
                        "unitTagSet" : {
                            "items" : [
                                
                            ],
                            "tagSetSourceFile" : ""
                        },
                        "unitExcludedTagSet" : {
                            "items" : [
                                
                            ],
                            "tagSetSourceFile" : "Tags/UnitTags"
                        },
                        "spawnEffectTags" : {
                            "items" : [
                                
                            ],
                            "tagSetSourceFile" : "Tags/SpawnEffectTags"
                        },
                        "pilotDefId" : "pilot_d4_turret",
                        "pilotTagSet" : {
                            "items" : [
                                
                            ],
                            "tagSetSourceFile" : ""
                        },
                        "pilotExcludedTagSet" : {
                            "items" : [
                                
                            ],
                            "tagSetSourceFile" : "Tags/PilotTags"
                        },
                        "selectedUnitType" : "UNDEFINED",
                        "selectedUnitDefId" : "",
                        "selectedPilotDefId" : ""
                    }
                ]
            },
            {
                "lanceSpawner" : {
                    "EncounterObjectGuid" : "ea34f78b-b583-4f47-ae98-8349c4e9a571"
                },
                "name" : "LanceSpawner_Turrets_Bravo",
                "lanceDefId" : "Manual",
                "lanceTagSet" : {
                    "items" : [
                        
                    ],
                    "tagSetSourceFile" : "Tags/LanceTags"
                },
                "lanceExcludedTagSet" : {
                    "items" : [
                        
                    ],
                    "tagSetSourceFile" : "Tags/LanceTags"
                },
                "spawnEffectTags" : {
                    "items" : [
                        "spawn_poorly_maintained_25"
                    ],
                    "tagSetSourceFile" : "Tags/SpawnEffectTags"
                },
                "lanceDifficultyAdjustment" : 0,
                "selectedLanceDefId" : "",
                "selectedLanceDifficulty" : 0,
                "unitSpawnPointOverrideList" : [
                    {
                        "unitSpawnPoint" : {
                            "EncounterObjectGuid" : "af9b9b76-87be-40bc-82b1-62448177262c"
                        },
                        "customUnitName" : "",
                        "customHeraldryDefId" : "",
                        "unitType" : "Vehicle",
                        "unitDefId" : "vehicledef_SCORPION",
                        "unitTagSet" : {
                            "items" : [
                                
                            ],
                            "tagSetSourceFile" : ""
                        },
                        "unitExcludedTagSet" : {
                            "items" : [
                                
                            ],
                            "tagSetSourceFile" : "Tags/UnitTags"
                        },
                        "spawnEffectTags" : {
                            "items" : [
                                "spawn_poorly_maintained_25"
                            ],
                            "tagSetSourceFile" : "Tags/SpawnEffectTags"
                        },
                        "pilotDefId" : "pilot_d4_pilot",
                        "pilotTagSet" : {
                            "items" : [
                                
                            ],
                            "tagSetSourceFile" : ""
                        },
                        "pilotExcludedTagSet" : {
                            "items" : [
                                
                            ],
                            "tagSetSourceFile" : "Tags/PilotTags"
                        },
                        "selectedUnitType" : "UNDEFINED",
                        "selectedUnitDefId" : "",
                        "selectedPilotDefId" : ""
                    },
                    {
                        "unitSpawnPoint" : {
                            "EncounterObjectGuid" : "4236802b-483c-4a5b-86ff-c2d3fbf09f17"
                        },
                        "customUnitName" : "",
                        "customHeraldryDefId" : "",
                        "unitType" : "Vehicle",
                        "unitDefId" : "vehicledef_BULLDOG",
                        "unitTagSet" : {
                            "items" : [
                                
                            ],
                            "tagSetSourceFile" : ""
                        },
                        "unitExcludedTagSet" : {
                            "items" : [
                                
                            ],
                            "tagSetSourceFile" : "Tags/UnitTags"
                        },
                        "spawnEffectTags" : {
                            "items" : [
                                "spawn_poorly_maintained_25"
                            ],
                            "tagSetSourceFile" : "Tags/SpawnEffectTags"
                        },
                        "pilotDefId" : "pilot_d4_pilot",
                        "pilotTagSet" : {
                            "items" : [
                                
                            ],
                            "tagSetSourceFile" : ""
                        },
                        "pilotExcludedTagSet" : {
                            "items" : [
                                
                            ],
                            "tagSetSourceFile" : "Tags/PilotTags"
                        },
                        "selectedUnitType" : "UNDEFINED",
                        "selectedUnitDefId" : "",
                        "selectedPilotDefId" : ""
                    },
                    {
                        "unitSpawnPoint" : {
                            "EncounterObjectGuid" : "5f182e02-7645-482f-8e32-3edf8060f4a6"
                        },
                        "customUnitName" : "",
                        "customHeraldryDefId" : "",
                        "unitType" : "Turret",
                        "unitDefId" : "turretdef_Light_Sniper",
                        "unitTagSet" : {
                            "items" : [
                                
                            ],
                            "tagSetSourceFile" : ""
                        },
                        "unitExcludedTagSet" : {
                            "items" : [
                                
                            ],
                            "tagSetSourceFile" : "Tags/UnitTags"
                        },
                        "spawnEffectTags" : {
                            "items" : [
                                
                            ],
                            "tagSetSourceFile" : "Tags/SpawnEffectTags"
                        },
                        "pilotDefId" : "pilot_d4_turret",
                        "pilotTagSet" : {
                            "items" : [
                                
                            ],
                            "tagSetSourceFile" : ""
                        },
                        "pilotExcludedTagSet" : {
                            "items" : [
                                
                            ],
                            "tagSetSourceFile" : "Tags/PilotTags"
                        },
                        "selectedUnitType" : "UNDEFINED",
                        "selectedUnitDefId" : "",
                        "selectedPilotDefId" : ""
                    },
                    {
                        "unitSpawnPoint" : {
                            "EncounterObjectGuid" : "ae8a9959-56f7-4a3c-8c54-78539c052562"
                        },
                        "customUnitName" : "",
                        "customHeraldryDefId" : "",
                        "unitType" : "Turret",
                        "unitDefId" : "turretdef_Standard_Laser",
                        "unitTagSet" : {
                            "items" : [
                                
                            ],
                            "tagSetSourceFile" : ""
                        },
                        "unitExcludedTagSet" : {
                            "items" : [
                                
                            ],
                            "tagSetSourceFile" : "Tags/UnitTags"
                        },
                        "spawnEffectTags" : {
                            "items" : [
                                
                            ],
                            "tagSetSourceFile" : "Tags/SpawnEffectTags"
                        },
                        "pilotDefId" : "pilot_d4_turret",
                        "pilotTagSet" : {
                            "items" : [
                                
                            ],
                            "tagSetSourceFile" : ""
                        },
                        "pilotExcludedTagSet" : {
                            "items" : [
                                
                            ],
                            "tagSetSourceFile" : "Tags/PilotTags"
                        },
                        "selectedUnitType" : "UNDEFINED",
                        "selectedUnitDefId" : "",
                        "selectedPilotDefId" : ""
                    }
                ]
            },
            {
                "lanceSpawner" : {
                    "EncounterObjectGuid" : "4bcca0a6-1941-4033-bfde-175234a3de7f"
                },
                "name" : "LanceSpawner_Vehicles",
                "lanceDefId" : "Manual",
                "lanceTagSet" : {
                    "items" : [
                        
                    ],
                    "tagSetSourceFile" : ""
                },
                "lanceExcludedTagSet" : {
                    "items" : [
                        
                    ],
                    "tagSetSourceFile" : "Tags/LanceTags"
                },
                "spawnEffectTags" : {
                    "items" : [
                        "spawn_poorly_maintained_50"
                    ],
                    "tagSetSourceFile" : "Tags/SpawnEffectTags"
                },
                "lanceDifficultyAdjustment" : 0,
                "selectedLanceDefId" : "",
                "selectedLanceDifficulty" : 0,
                "unitSpawnPointOverrideList" : [
                    {
                        "unitSpawnPoint" : {
                            "EncounterObjectGuid" : "8679983b-56aa-4bb2-aea5-e37fbd07fc01"
                        },
                        "customUnitName" : "",
                        "customHeraldryDefId" : "",
                        "unitType" : "Vehicle",
                        "unitDefId" : "vehicledef_STRIKER",
                        "unitTagSet" : {
                            "items" : [
                                
                            ],
                            "tagSetSourceFile" : ""
                        },
                        "unitExcludedTagSet" : {
                            "items" : [
                                
                            ],
                            "tagSetSourceFile" : "Tags/UnitTags"
                        },
                        "spawnEffectTags" : {
                            "items" : [
                                "spawn_poorly_maintained_25"
                            ],
                            "tagSetSourceFile" : "Tags/SpawnEffectTags"
                        },
                        "pilotDefId" : "pilot_d4_pilot",
                        "pilotTagSet" : {
                            "items" : [
                                
                            ],
                            "tagSetSourceFile" : ""
                        },
                        "pilotExcludedTagSet" : {
                            "items" : [
                                
                            ],
                            "tagSetSourceFile" : "Tags/PilotTags"
                        },
                        "selectedUnitType" : "UNDEFINED",
                        "selectedUnitDefId" : "",
                        "selectedPilotDefId" : ""
                    }
                ]
            },
            {
                "lanceSpawner" : {
                    "EncounterObjectGuid" : "03098774-4d71-41cd-92ee-b466f6390110"
                },
                "name" : "Spawner_InternalDefenseTurrets",
                "lanceDefId" : "Manual",
                "lanceTagSet" : {
                    "items" : [
                        
                    ],
                    "tagSetSourceFile" : ""
                },
                "lanceExcludedTagSet" : {
                    "items" : [
                        
                    ],
                    "tagSetSourceFile" : "Tags/LanceTags"
                },
                "spawnEffectTags" : {
                    "items" : [
                        "spawn_poorly_maintained_50"
                    ],
                    "tagSetSourceFile" : "Tags/SpawnEffectTags"
                },
                "lanceDifficultyAdjustment" : 0,
                "selectedLanceDefId" : "",
                "selectedLanceDifficulty" : 0,
                "unitSpawnPointOverrideList" : [
                    {
                        "unitSpawnPoint" : {
                            "EncounterObjectGuid" : "b749f17a-a9fa-4562-9fe5-66396608cd0a"
                        },
                        "customUnitName" : "",
                        "customHeraldryDefId" : "",
                        "unitType" : "Turret",
                        "unitDefId" : "turretdef_Light_LRM",
                        "unitTagSet" : {
                            "items" : [
                                
                            ],
                            "tagSetSourceFile" : "Tags/SampleTags"
                        },
                        "unitExcludedTagSet" : {
                            "items" : [
                                
                            ],
                            "tagSetSourceFile" : "Tags/UnitTags"
                        },
                        "spawnEffectTags" : {
                            "items" : [
                                "spawn_poorly_maintained_25"
                            ],
                            "tagSetSourceFile" : "Tags/SpawnEffectTags"
                        },
                        "pilotDefId" : "pilot_default",
                        "pilotTagSet" : {
                            "items" : [
                                
                            ],
                            "tagSetSourceFile" : ""
                        },
                        "pilotExcludedTagSet" : {
                            "items" : [
                                
                            ],
                            "tagSetSourceFile" : "Tags/PilotTags"
                        },
                        "selectedUnitType" : "UNDEFINED",
                        "selectedUnitDefId" : "",
                        "selectedPilotDefId" : ""
                    },
                    {
                        "unitSpawnPoint" : {
                            "EncounterObjectGuid" : "4c7a03f7-5842-4798-88af-1d44922c9d92"
                        },
                        "customUnitName" : "",
                        "customHeraldryDefId" : "",
                        "unitType" : "Turret",
                        "unitDefId" : "turretdef_Light_Laser",
                        "unitTagSet" : {
                            "items" : [
                                
                            ],
                            "tagSetSourceFile" : ""
                        },
                        "unitExcludedTagSet" : {
                            "items" : [
                                
                            ],
                            "tagSetSourceFile" : "Tags/UnitTags"
                        },
                        "spawnEffectTags" : {
                            "items" : [
                                "spawn_poorly_maintained_25"
                            ],
                            "tagSetSourceFile" : "Tags/SpawnEffectTags"
                        },
                        "pilotDefId" : "pilot_default",
                        "pilotTagSet" : {
                            "items" : [
                                
                            ],
                            "tagSetSourceFile" : ""
                        },
                        "pilotExcludedTagSet" : {
                            "items" : [
                                
                            ],
                            "tagSetSourceFile" : "Tags/PilotTags"
                        },
                        "selectedUnitType" : "UNDEFINED",
                        "selectedUnitDefId" : "",
                        "selectedPilotDefId" : ""
                    },
                    {
                        "unitSpawnPoint" : {
                            "EncounterObjectGuid" : "2c509246-3a91-4ae0-a640-91607bd4f772"
                        },
                        "customUnitName" : "",
                        "customHeraldryDefId" : "",
                        "unitType" : "Turret",
                        "unitDefId" : "turretdef_Light_Laser",
                        "unitTagSet" : {
                            "items" : [
                                
                            ],
                            "tagSetSourceFile" : ""
                        },
                        "unitExcludedTagSet" : {
                            "items" : [
                                
                            ],
                            "tagSetSourceFile" : "Tags/UnitTags"
                        },
                        "spawnEffectTags" : {
                            "items" : [
                                "spawn_poorly_maintained_25"
                            ],
                            "tagSetSourceFile" : "Tags/SpawnEffectTags"
                        },
                        "pilotDefId" : "pilot_default",
                        "pilotTagSet" : {
                            "items" : [
                                
                            ],
                            "tagSetSourceFile" : ""
                        },
                        "pilotExcludedTagSet" : {
                            "items" : [
                                
                            ],
                            "tagSetSourceFile" : "Tags/PilotTags"
                        },
                        "selectedUnitType" : "UNDEFINED",
                        "selectedUnitDefId" : "",
                        "selectedPilotDefId" : ""
                    },
                    {
                        "unitSpawnPoint" : {
                            "EncounterObjectGuid" : "17e8879d-d6f3-4ef5-9fba-8a686fb381d3"
                        },
                        "customUnitName" : "",
                        "customHeraldryDefId" : "",
                        "unitType" : "Turret",
                        "unitDefId" : "turretdef_Light_Laser",
                        "unitTagSet" : {
                            "items" : [
                                
                            ],
                            "tagSetSourceFile" : ""
                        },
                        "unitExcludedTagSet" : {
                            "items" : [
                                
                            ],
                            "tagSetSourceFile" : "Tags/UnitTags"
                        },
                        "spawnEffectTags" : {
                            "items" : [
                                "spawn_poorly_maintained_25"
                            ],
                            "tagSetSourceFile" : "Tags/SpawnEffectTags"
                        },
                        "pilotDefId" : "pilot_default",
                        "pilotTagSet" : {
                            "items" : [
                                
                            ],
                            "tagSetSourceFile" : ""
                        },
                        "pilotExcludedTagSet" : {
                            "items" : [
                                
                            ],
                            "tagSetSourceFile" : "Tags/PilotTags"
                        },
                        "selectedUnitType" : "UNDEFINED",
                        "selectedUnitDefId" : "",
                        "selectedPilotDefId" : ""
                    },
                    {
                        "unitSpawnPoint" : {
                            "EncounterObjectGuid" : "975684d3-8fac-40a8-99a6-953a655b04bc"
                        },
                        "customUnitName" : "",
                        "customHeraldryDefId" : "",
                        "unitType" : "Turret",
                        "unitDefId" : "turretdef_Standard_LRM",
                        "unitTagSet" : {
                            "items" : [
                                
                            ],
                            "tagSetSourceFile" : ""
                        },
                        "unitExcludedTagSet" : {
                            "items" : [
                                
                            ],
                            "tagSetSourceFile" : "Tags/UnitTags"
                        },
                        "spawnEffectTags" : {
                            "items" : [
                                "spawn_poorly_maintained_25"
                            ],
                            "tagSetSourceFile" : "Tags/SpawnEffectTags"
                        },
                        "pilotDefId" : "pilot_default",
                        "pilotTagSet" : {
                            "items" : [
                                
                            ],
                            "tagSetSourceFile" : ""
                        },
                        "pilotExcludedTagSet" : {
                            "items" : [
                                
                            ],
                            "tagSetSourceFile" : "Tags/PilotTags"
                        },
                        "selectedUnitType" : "UNDEFINED",
                        "selectedUnitDefId" : "",
                        "selectedPilotDefId" : ""
                    },
                    {
                        "unitSpawnPoint" : {
                            "EncounterObjectGuid" : "2cee7ba8-d91d-4dbe-a073-15f77e0d1f2d"
                        },
                        "customUnitName" : "",
                        "customHeraldryDefId" : "",
                        "unitType" : "Turret",
                        "unitDefId" : "turretdef_Standard_LRM",
                        "unitTagSet" : {
                            "items" : [
                                
                            ],
                            "tagSetSourceFile" : ""
                        },
                        "unitExcludedTagSet" : {
                            "items" : [
                                
                            ],
                            "tagSetSourceFile" : "Tags/UnitTags"
                        },
                        "spawnEffectTags" : {
                            "items" : [
                                "spawn_poorly_maintained_25"
                            ],
                            "tagSetSourceFile" : "Tags/SpawnEffectTags"
                        },
                        "pilotDefId" : "pilot_default",
                        "pilotTagSet" : {
                            "items" : [
                                
                            ],
                            "tagSetSourceFile" : ""
                        },
                        "pilotExcludedTagSet" : {
                            "items" : [
                                
                            ],
                            "tagSetSourceFile" : "Tags/PilotTags"
                        },
                        "selectedUnitType" : "UNDEFINED",
                        "selectedUnitDefId" : "",
                        "selectedPilotDefId" : ""
                    }
                ]
            },
            {
                "lanceSpawner" : {
                    "EncounterObjectGuid" : "8f5cd1f7-9e39-4d37-a6cb-398b5797ab7c"
                },
                "name" : "DestroyLanceSpawner",
                "lanceDefId" : "Manual",
                "lanceTagSet" : {
                    "items" : [
                        
                    ],
                    "tagSetSourceFile" : ""
                },
                "lanceExcludedTagSet" : {
                    "items" : [
                        
                    ],
                    "tagSetSourceFile" : "Tags/LanceTags"
                },
                "spawnEffectTags" : {
                    "items" : [
                        
                    ],
                    "tagSetSourceFile" : "Tags/SpawnEffectTags"
                },
                "lanceDifficultyAdjustment" : 0,
                "selectedLanceDefId" : "",
                "selectedLanceDifficulty" : 0,
                "unitSpawnPointOverrideList" : [
                    {
                        "unitSpawnPoint" : {
                            "EncounterObjectGuid" : "3d549207-a653-4c23-8b9a-0b47a2e61451"
                        },
                        "customUnitName" : "",
                        "customHeraldryDefId" : "",
                        "unitType" : "Mech",
                        "unitDefId" : "mechdef_jagermech_JM6-S",
                        "unitTagSet" : {
                            "items" : [
                                "light",
                                "mech",
                                "unit_light",
                                "unit_mech",
                                "unit_release",
                                "unit_role_brawler"
                            ],
                            "tagSetSourceFile" : ""
                        },
                        "unitExcludedTagSet" : {
                            "items" : [
                                
                            ],
                            "tagSetSourceFile" : "Tags/UnitTags"
                        },
                        "spawnEffectTags" : {
                            "items" : [
                                "spawn_poorly_maintained_25"
                            ],
                            "tagSetSourceFile" : "Tags/SpawnEffectTags"
                        },
                        "pilotDefId" : "pilot_d4_gunner",
                        "pilotTagSet" : {
                            "items" : [
                                
                            ],
                            "tagSetSourceFile" : ""
                        },
                        "pilotExcludedTagSet" : {
                            "items" : [
                                
                            ],
                            "tagSetSourceFile" : "Tags/PilotTags"
                        },
                        "selectedUnitType" : "UNDEFINED",
                        "selectedUnitDefId" : "",
                        "selectedPilotDefId" : ""
                    },
                    {
                        "unitSpawnPoint" : {
                            "EncounterObjectGuid" : "e80c9758-7e66-44d6-9205-c038cbb5ccc8"
                        },
                        "customUnitName" : "",
                        "customHeraldryDefId" : "",
                        "unitType" : "Mech",
                        "unitDefId" : "mechdef_jenner_JR7-D",
                        "unitTagSet" : {
                            "items" : [
                                "unit_light",
                                "unit_mech",
                                "unit_ready",
                                "unit_release",
                                "unit_role_flanker"
                            ],
                            "tagSetSourceFile" : ""
                        },
                        "unitExcludedTagSet" : {
                            "items" : [
                                
                            ],
                            "tagSetSourceFile" : "Tags/UnitTags"
                        },
                        "spawnEffectTags" : {
                            "items" : [
                                "spawn_poorly_maintained_75"
                            ],
                            "tagSetSourceFile" : "Tags/SpawnEffectTags"
                        },
                        "pilotDefId" : "pilot_d4_tactician",
                        "pilotTagSet" : {
                            "items" : [
                                
                            ],
                            "tagSetSourceFile" : ""
                        },
                        "pilotExcludedTagSet" : {
                            "items" : [
                                
                            ],
                            "tagSetSourceFile" : "Tags/PilotTags"
                        },
                        "selectedUnitType" : "UNDEFINED",
                        "selectedUnitDefId" : "",
                        "selectedPilotDefId" : ""
                    },
                    {
                        "unitSpawnPoint" : {
                            "EncounterObjectGuid" : "2d28a934-86f5-4413-858c-3818faf3100b"
                        },
                        "customUnitName" : "",
                        "customHeraldryDefId" : "",
                        "unitType" : "Mech",
                        "unitDefId" : "mechdef_centurion_CN9-A",
                        "unitTagSet" : {
                            "items" : [
                                "unit_mech",
                                "unit_medium",
                                "unit_ready",
                                "unit_release",
                                "unit_role_brawler"
                            ],
                            "tagSetSourceFile" : ""
                        },
                        "unitExcludedTagSet" : {
                            "items" : [
                                
                            ],
                            "tagSetSourceFile" : "Tags/UnitTags"
                        },
                        "spawnEffectTags" : {
                            "items" : [
                                "spawn_poorly_maintained_50"
                            ],
                            "tagSetSourceFile" : "Tags/SpawnEffectTags"
                        },
                        "pilotDefId" : "pilot_d4_defender",
                        "pilotTagSet" : {
                            "items" : [
                                
                            ],
                            "tagSetSourceFile" : ""
                        },
                        "pilotExcludedTagSet" : {
                            "items" : [
                                
                            ],
                            "tagSetSourceFile" : "Tags/PilotTags"
                        },
                        "selectedUnitType" : "UNDEFINED",
                        "selectedUnitDefId" : "",
                        "selectedPilotDefId" : ""
                    },
                    {
                        "unitSpawnPoint" : {
                            "EncounterObjectGuid" : "de1a56b1-7916-4a69-8316-2955ec33d38d"
                        },
                        "customUnitName" : "",
                        "customHeraldryDefId" : "",
                        "unitType" : "Mech",
                        "unitDefId" : "mechdef_trebuchet_TBT-5N",
                        "unitTagSet" : {
                            "items" : [
                                "unit_mech",
                                "unit_medium",
                                "unit_ready",
                                "unit_release",
                                "unit_role_brawler"
                            ],
                            "tagSetSourceFile" : ""
                        },
                        "unitExcludedTagSet" : {
                            "items" : [
                                
                            ],
                            "tagSetSourceFile" : "Tags/UnitTags"
                        },
                        "spawnEffectTags" : {
                            "items" : [
                                "spawn_poorly_maintained_50"
                            ],
                            "tagSetSourceFile" : "Tags/SpawnEffectTags"
                        },
                        "pilotDefId" : "pilot_d4_gunner",
                        "pilotTagSet" : {
                            "items" : [
                                
                            ],
                            "tagSetSourceFile" : ""
                        },
                        "pilotExcludedTagSet" : {
                            "items" : [
                                
                            ],
                            "tagSetSourceFile" : "Tags/PilotTags"
                        },
                        "selectedUnitType" : "UNDEFINED",
                        "selectedUnitDefId" : "",
                        "selectedPilotDefId" : ""
                    }
                ]
            },
            {
                "lanceSpawner" : {
                    "EncounterObjectGuid" : "1ed1ecd2-449b-4df9-8ab5-29846b40c1ad"
                },
                "name" : "Spawner_ReinforcementsLance",
                "lanceDefId" : "Manual",
                "lanceTagSet" : {
                    "items" : [
                        
                    ],
                    "tagSetSourceFile" : ""
                },
                "lanceExcludedTagSet" : {
                    "items" : [
                        
                    ],
                    "tagSetSourceFile" : "Tags/LanceTags"
                },
                "spawnEffectTags" : {
                    "items" : [
                        
                    ],
                    "tagSetSourceFile" : "Tags/SpawnEffectTags"
                },
                "lanceDifficultyAdjustment" : 0,
                "selectedLanceDefId" : "",
                "selectedLanceDifficulty" : 0,
                "unitSpawnPointOverrideList" : [
                    {
                        "unitSpawnPoint" : {
                            "EncounterObjectGuid" : "2d8b623b-049d-4dd1-b50f-742b47844399"
                        },
                        "customUnitName" : "",
                        "customHeraldryDefId" : "",
                        "unitType" : "Mech",
                        "unitDefId" : "mechdef_grasshopper_GHR-5H",
                        "unitTagSet" : {
                            "items" : [
                                "unit_light"
                            ],
                            "tagSetSourceFile" : ""
                        },
                        "unitExcludedTagSet" : {
                            "items" : [
                                
                            ],
                            "tagSetSourceFile" : "Tags/UnitTags"
                        },
                        "spawnEffectTags" : {
                            "items" : [
                                "spawn_poorly_maintained_50"
                            ],
                            "tagSetSourceFile" : "Tags/SpawnEffectTags"
                        },
                        "pilotDefId" : "pilot_default",
                        "pilotTagSet" : {
                            "items" : [
                                
                            ],
                            "tagSetSourceFile" : ""
                        },
                        "pilotExcludedTagSet" : {
                            "items" : [
                                
                            ],
                            "tagSetSourceFile" : "Tags/PilotTags"
                        },
                        "selectedUnitType" : "UNDEFINED",
                        "selectedUnitDefId" : "",
                        "selectedPilotDefId" : ""
                    },
                    {
                        "unitSpawnPoint" : {
                            "EncounterObjectGuid" : "08f8295b-f403-498f-adad-bc52b180df92"
                        },
                        "customUnitName" : "",
                        "customHeraldryDefId" : "",
                        "unitType" : "Mech",
                        "unitDefId" : "mechdef_quickdraw_QKD-4G",
                        "unitTagSet" : {
                            "items" : [
                                "unit_light"
                            ],
                            "tagSetSourceFile" : ""
                        },
                        "unitExcludedTagSet" : {
                            "items" : [
                                
                            ],
                            "tagSetSourceFile" : "Tags/UnitTags"
                        },
                        "spawnEffectTags" : {
                            "items" : [
                                "spawn_poorly_maintained_50"
                            ],
                            "tagSetSourceFile" : "Tags/SpawnEffectTags"
                        },
                        "pilotDefId" : "pilot_default",
                        "pilotTagSet" : {
                            "items" : [
                                
                            ],
                            "tagSetSourceFile" : ""
                        },
                        "pilotExcludedTagSet" : {
                            "items" : [
                                
                            ],
                            "tagSetSourceFile" : "Tags/PilotTags"
                        },
                        "selectedUnitType" : "UNDEFINED",
                        "selectedUnitDefId" : "",
                        "selectedPilotDefId" : ""
                    }
                ]
            }
        ]
    },
    "targetsAllyTeam" : {
        "encounterLayerData" : {
            "EncounterObjectGuid" : "219798b5-9e35-4cbe-8a76-bd1634763e46"
        },
        "teamGuid" : "31151ed6-cfc2-467e-98c4-9ae5bea784cf",
        "teamName" : "Target's Ally",
        "faction" : "INVALID_UNSET",
        "teamLeaderCastDefId" : "castDef_TeamLeader_Current",
        "lanceOverrideList" : [
            
        ]
    },
    "neutralToAllTeam" : {
        "encounterLayerData" : {
            "EncounterObjectGuid" : "219798b5-9e35-4cbe-8a76-bd1634763e46"
        },
        "teamGuid" : "61612bb3-abf9-4586-952a-0559fa9dcd75",
        "teamName" : "Neutral to All",
        "faction" : "INVALID_UNSET",
        "teamLeaderCastDefId" : "castDef_TeamLeader_Current",
        "lanceOverrideList" : [
            
        ]
    },
    "hostileToAllTeam" : {
        "encounterLayerData" : {
            "EncounterObjectGuid" : "219798b5-9e35-4cbe-8a76-bd1634763e46"
        },
        "teamGuid" : "3c9f3a20-ab03-4bcb-8ab6-b1ef0442bbf0",
        "teamName" : "Hostile to All",
        "faction" : "INVALID_UNSET",
        "teamLeaderCastDefId" : "castDef_TeamLeader_Current",
        "lanceOverrideList" : [
            
        ]
    }
}