{
    "Description": {
        "Cost": 9600000,
        "Rarity": 5,
        "Purchasable": true,
        "Manufacturer": "",
        "Model": "",
        "UIName": "BattleMaster",
        "Id": "chassisdef_battlemaster_BLR-1G",
        "Name": "BattleMaster",
        "Details": "Versatile and powerful, the BattleMaster 1G is one of the best known BattleMechs in existence. Normally mounting a varied array of Energy weapons, the BattleMaster can engage enemies at any range and packs a powerful punch.",
        "Icon": "uixTxrIcon_battlemaster"
    },
    "MovementCapDefID": "movedef_battlemaster_BLR-1G",
    "PathingCapDefID": "pathingdef_assault",
    "HardpointDataDefID": "hardpointdatadef_battlemaster",
    "PrefabIdentifier": "chrPrfMech_battlemasterBase-001",
    "PrefabBase": "battlemaster",
    "Tonnage": 85,
    "InitialTonnage": 42.5,
    "weightClass": "ASSAULT",
    "BattleValue": 8742000,
    "Heatsinks": 0,
    "TopSpeed": 60,
    "TurnRadius": 90,
    "MaxJumpjets": 4,
    "Stability": 200,
    "StabilityDefenses": [
        0,
        0,
        0,
        0,
        0,
        0
    ],
    "SpotterDistanceMultiplier": 1,
    "VisibilityMultiplier": 1,
    "SensorRangeMultiplier": 1,
    "Signature": 0,
    "Radius": 8,
    "PunchesWithLeftArm": true,
    "MeleeDamage": 115,
    "MeleeInstability": 85,
    "MeleeToHitModifier": 0,
    "DFADamage": 105,
    "DFAToHitModifier": 0,
    "DFASelfDamage": 105,
    "DFAInstability": 105,
    "Locations": [
        {
            "Location": "Head",
            "Hardpoints": [],
            "Tonnage": 0,
            "InventorySlots": 1,
            "MaxArmor": 45,
            "MaxRearArmor": -1,
            "InternalStructure": 16
        },
        {
            "Location": "LeftArm",
            "Hardpoints": [
                {
                    "WeaponMount": "AntiPersonnel",
                    "Omni": false
                },
                {
                    "WeaponMount": "AntiPersonnel",
                    "Omni": false
                },
                {
                    "WeaponMount": "Ballistic",
                    "Omni": false
                },
                {
                    "WeaponMount": "Ballistic",
                    "Omni": false
                }
            ],
            "Tonnage": 0,
            "InventorySlots": 8,
            "MaxArmor": 140,
            "MaxRearArmor": -1,
            "InternalStructure": 70
        },
        {
            "Location": "LeftTorso",
            "Hardpoints": [
                {
                    "WeaponMount": "Missile",
                    "Omni": false
                },
                {
                    "WeaponMount": "Energy",
                    "Omni": false
                },
                {
                    "WeaponMount": "Energy",
                    "Omni": false
                },
                {
                    "WeaponMount": "Energy",
                    "Omni": false
                }
            ],
            "Tonnage": 0,
            "InventorySlots": 10,
            "MaxArmor": 180,
            "MaxRearArmor": 90,
            "InternalStructure": 90
        },
        {
            "Location": "CenterTorso",
            "Hardpoints": [],
            "Tonnage": 0,
            "InventorySlots": 4,
            "MaxArmor": 270,
            "MaxRearArmor": 135,
            "InternalStructure": 135
        },
        {
            "Location": "RightTorso",
            "Hardpoints": [
                {
                    "WeaponMount": "Energy",
                    "Omni": false
                },
                {
                    "WeaponMount": "Energy",
                    "Omni": false
                },
                {
                    "WeaponMount": "Energy",
                    "Omni": false
                }
            ],
            "Tonnage": 0,
            "InventorySlots": 10,
            "MaxArmor": 180,
            "MaxRearArmor": 90,
            "InternalStructure": 90
        },
        {
            "Location": "RightArm",
            "Hardpoints": [
                {
                    "WeaponMount": "Energy",
                    "Omni": false
                }
            ],
            "Tonnage": 0,
            "InventorySlots": 8,
            "MaxArmor": 140,
            "MaxRearArmor": -1,
            "InternalStructure": 70
        },
        {
            "Location": "LeftLeg",
            "Hardpoints": [],
            "Tonnage": 0,
            "InventorySlots": 4,
            "MaxArmor": 180,
            "MaxRearArmor": -1,
            "InternalStructure": 90
        },
        {
            "Location": "RightLeg",
            "Hardpoints": [],
            "Tonnage": 0,
            "InventorySlots": 4,
            "MaxArmor": 180,
            "MaxRearArmor": -1,
            "InternalStructure": 90
        }
    ],
    "LOSSourcePositions": [
        {
            "x": 0,
            "y": 16,
            "z": 0
        },
        {
            "x": 5,
            "y": 16,
            "z": -1
        },
        {
            "x": -5,
            "y": 16,
            "z": -1
        }
    ],
    "LOSTargetPositions": [
        {
            "x": 0,
            "y": 16,
            "z": 0
        },
        {
            "x": 5,
            "y": 16,
            "z": -1
        },
        {
            "x": -5,
            "y": 16,
            "z": -1
        },
        {
            "x": 3.5,
            "y": 5.5,
            "z": 1
        },
        {
            "x": -3.5,
            "y": 5.5,
            "z": 1
        }
    ],
    "VariantName": "BLR-1G",
    "ChassisTags": {
        "items": [],
        "tagSetSourceFile": ""
    },
    "StockRole": "Heavy Brawler & Close Assault",
    "YangsThoughts": "Versatile and powerful, the BattleMaster 1G is one of the best known BattleMechs in existence. Normally mounting a varied array of Energy weapons, the BattleMaster can engage enemies at any range and packs a powerful punch."
}