{
    "Description": {
        "Cost": 8400000,
        "Rarity": 4,
        "Purchasable": true,
        "Manufacturer": "",
        "Model": "",
        "UIName": "Stalker",
        "Id": "chassisdef_stalker_STK-3F",
        "Name": "Stalker",
        "Details": "The Stalker 3F mounts a ridiculous amount of weaponry\u2014even for an assault 'Mech. It is also notable for its incredibly poor heat management, which is the cost it pays for such amazing damage output. Powerful, but to be used wisely.",
        "Icon": "uixTxrIcon_stalker"
    },
    "MovementCapDefID": "movedef_stalker_STK-3F",
    "PathingCapDefID": "pathingdef_assault",
    "HardpointDataDefID": "hardpointdatadef_stalker",
    "PrefabIdentifier": "chrPrfMech_stalkerBase-001",
    "PrefabBase": "stalker",
    "Tonnage": 85,
    "InitialTonnage": 27.5,
    "weightClass": "ASSAULT",
    "BattleValue": 8821000,
    "Heatsinks": 0,
    "TopSpeed": 105,
    "TurnRadius": 90,
    "MaxJumpjets": 3,
    "Stability": 200,
    "StabilityDefenses": [
        0,
        0,
        0,
        0,
        0,
        0
    ],
    "SpotterDistanceMultiplier": 1,
    "VisibilityMultiplier": 1,
    "SensorRangeMultiplier": 1,
    "Signature": 0,
    "Radius": 8,
    "PunchesWithLeftArm": false,
    "MeleeDamage": 80,
    "MeleeInstability": 85,
    "MeleeToHitModifier": 0,
    "DFADamage": 105,
    "DFAToHitModifier": 0,
    "DFASelfDamage": 105,
    "DFAInstability": 105,
    "Locations": [
        {
            "Location": "Head",
            "Hardpoints": [],
            "Tonnage": 0,
            "InventorySlots": 1,
            "MaxArmor": 45,
            "MaxRearArmor": -1,
            "InternalStructure": 16
        },
        {
            "Location": "LeftArm",
            "Hardpoints": [
                {
                    "WeaponMount": "Energy",
                    "Omni": false
                },
                {
                    "WeaponMount": "Energy",
                    "Omni": false
                },
                {
                    "WeaponMount": "Missile",
                    "Omni": false
                }
            ],
            "Tonnage": 0,
            "InventorySlots": 8,
            "MaxArmor": 140,
            "MaxRearArmor": -1,
            "InternalStructure": 70
        },
        {
            "Location": "LeftTorso",
            "Hardpoints": [
                {
                    "WeaponMount": "Energy",
                    "Omni": false
                },
                {
                    "WeaponMount": "Missile",
                    "Omni": false
                }
            ],
            "Tonnage": 0,
            "InventorySlots": 10,
            "MaxArmor": 180,
            "MaxRearArmor": 90,
            "InternalStructure": 90
        },
        {
            "Location": "CenterTorso",
            "Hardpoints": [],
            "Tonnage": 0,
            "InventorySlots": 4,
            "MaxArmor": 270,
            "MaxRearArmor": 135,
            "InternalStructure": 135
        },
        {
            "Location": "RightTorso",
            "Hardpoints": [
                {
                    "WeaponMount": "Energy",
                    "Omni": false
                },
                {
                    "WeaponMount": "Missile",
                    "Omni": false
                }
            ],
            "Tonnage": 0,
            "InventorySlots": 10,
            "MaxArmor": 180,
            "MaxRearArmor": 90,
            "InternalStructure": 90
        },
        {
            "Location": "RightArm",
            "Hardpoints": [
                {
                    "WeaponMount": "Energy",
                    "Omni": false
                },
                {
                    "WeaponMount": "Energy",
                    "Omni": false
                },
                {
                    "WeaponMount": "Missile",
                    "Omni": false
                }
            ],
            "Tonnage": 0,
            "InventorySlots": 8,
            "MaxArmor": 140,
            "MaxRearArmor": -1,
            "InternalStructure": 70
        },
        {
            "Location": "LeftLeg",
            "Hardpoints": [],
            "Tonnage": 0,
            "InventorySlots": 4,
            "MaxArmor": 180,
            "MaxRearArmor": -1,
            "InternalStructure": 90
        },
        {
            "Location": "RightLeg",
            "Hardpoints": [],
            "Tonnage": 0,
            "InventorySlots": 4,
            "MaxArmor": 180,
            "MaxRearArmor": -1,
            "InternalStructure": 90
        }
    ],
    "LOSSourcePositions": [
        {
            "x": 0,
            "y": 15,
            "z": 0
        },
        {
            "x": 3.5,
            "y": 16,
            "z": -1
        },
        {
            "x": -3.5,
            "y": 16,
            "z": -1
        }
    ],
    "LOSTargetPositions": [
        {
            "x": 0,
            "y": 15,
            "z": 0
        },
        {
            "x": 3.5,
            "y": 16,
            "z": -1
        },
        {
            "x": -3.5,
            "y": 16,
            "z": -1
        },
        {
            "x": 3.5,
            "y": 5.5,
            "z": 1
        },
        {
            "x": -3.5,
            "y": 5.5,
            "z": 1
        }
    ],
    "VariantName": "STK-3F",
    "ChassisTags": {
        "items": [],
        "tagSetSourceFile": ""
    },
    "StockRole": "Juggernaut & Ranged Assault",
    "YangsThoughts": "The Stalker 3F mounts a ridiculous amount of weaponry\u2014even for an assault 'Mech. It is also notable for its incredibly poor heat management, which is the cost it pays for such amazing damage output. Powerful, but to be used wisely."
}