{
    "Description": {
        "Cost": 3800000,
        "Rarity": 2,
        "Purchasable": true,
        "Manufacturer": "",
        "Model": "",
        "UIName": "Vindicator",
        "Id": "chassisdef_vindicator_VND-1R",
        "Name": "Vindicator",
        "Details": "Vindicator 1Rs tend to deal their damage at range while moving in for closer attacks. Typically well armored, they're capable of some surprise attacks due to their jump capability and above-average heat efficiency.",
        "Icon": "uixTxrIcon_vindicator"
    },
    "MovementCapDefID": "movedef_vindicator_VND-1R",
    "PathingCapDefID": "pathingdef_medium",
    "HardpointDataDefID": "hardpointdatadef_vindicator",
    "PrefabIdentifier": "chrPrfMech_vindicatorBase-001",
    "PrefabBase": "vindicator",
    "Tonnage": 45,
    "InitialTonnage": 16.5,
    "weightClass": "MEDIUM",
    "BattleValue": 4252000,
    "Heatsinks": 0,
    "TopSpeed": 120,
    "TurnRadius": 90,
    "MaxJumpjets": 4,
    "Stability": 130,
    "StabilityDefenses": [
        0,
        0,
        0,
        0,
        0,
        0
    ],
    "SpotterDistanceMultiplier": 1,
    "VisibilityMultiplier": 1,
    "SensorRangeMultiplier": 1,
    "Signature": 0,
    "Radius": 5,
    "PunchesWithLeftArm": true,
    "MeleeDamage": 55,
    "MeleeInstability": 45,
    "MeleeToHitModifier": 0,
    "DFADamage": 55,
    "DFAToHitModifier": 0,
    "DFASelfDamage": 55,
    "DFAInstability": 55,
    "Locations": [
        {
            "Location": "Head",
            "Hardpoints": [
                {
                    "WeaponMount": "Energy",
                    "Omni": false
                },
                {
                    "WeaponMount": "AntiPersonnel",
                    "Omni": false
                }
            ],
            "Tonnage": 0,
            "InventorySlots": 1,
            "MaxArmor": 45,
            "MaxRearArmor": -1,
            "InternalStructure": 16
        },
        {
            "Location": "LeftArm",
            "Hardpoints": [
                {
                    "WeaponMount": "Energy",
                    "Omni": false
                },
                {
                    "WeaponMount": "Energy",
                    "Omni": false
                },
                {
                    "WeaponMount": "AntiPersonnel",
                    "Omni": false
                }
            ],
            "Tonnage": 0,
            "InventorySlots": 8,
            "MaxArmor": 70,
            "MaxRearArmor": -1,
            "InternalStructure": 35
        },
        {
            "Location": "LeftTorso",
            "Hardpoints": [
                {
                    "WeaponMount": "Missile",
                    "Omni": false
                }
            ],
            "Tonnage": 0,
            "InventorySlots": 10,
            "MaxArmor": 110,
            "MaxRearArmor": 55,
            "InternalStructure": 55
        },
        {
            "Location": "CenterTorso",
            "Hardpoints": [],
            "Tonnage": 0,
            "InventorySlots": 4,
            "MaxArmor": 140,
            "MaxRearArmor": 70,
            "InternalStructure": 70
        },
        {
            "Location": "RightTorso",
            "Hardpoints": [],
            "Tonnage": 0,
            "InventorySlots": 10,
            "MaxArmor": 110,
            "MaxRearArmor": 55,
            "InternalStructure": 55
        },
        {
            "Location": "RightArm",
            "Hardpoints": [
                {
                    "WeaponMount": "Energy",
                    "Omni": false
                },
                {
                    "WeaponMount": "Energy",
                    "Omni": false
                }
            ],
            "Tonnage": 0,
            "InventorySlots": 8,
            "MaxArmor": 70,
            "MaxRearArmor": -1,
            "InternalStructure": 35
        },
        {
            "Location": "LeftLeg",
            "Hardpoints": [],
            "Tonnage": 0,
            "InventorySlots": 4,
            "MaxArmor": 110,
            "MaxRearArmor": -1,
            "InternalStructure": 55
        },
        {
            "Location": "RightLeg",
            "Hardpoints": [],
            "Tonnage": 0,
            "InventorySlots": 4,
            "MaxArmor": 110,
            "MaxRearArmor": -1,
            "InternalStructure": 55
        }
    ],
    "LOSSourcePositions": [
        {
            "x": 0,
            "y": 14,
            "z": 0
        },
        {
            "x": 3.5,
            "y": 13,
            "z": 0
        },
        {
            "x": -3.5,
            "y": 13,
            "z": 0
        }
    ],
    "LOSTargetPositions": [
        {
            "x": 0,
            "y": 14,
            "z": 0
        },
        {
            "x": 3.5,
            "y": 13,
            "z": 0
        },
        {
            "x": -3.5,
            "y": 13,
            "z": 0
        },
        {
            "x": 3,
            "y": 5,
            "z": 0
        },
        {
            "x": -3,
            "y": 5,
            "z": 0
        }
    ],
    "VariantName": "VND-1R",
    "ChassisTags": {
        "items": [],
        "tagSetSourceFile": ""
    },
    "StockRole": "Fire Support & Brawler",
    "YangsThoughts": "Vindicator 1Rs tend to deal their damage at range while moving in for closer attacks. Typically well armored, they're capable of some surprise attacks due to their jump capability and above-average heat efficiency."
}