{
    "Description": {
        "Cost": 8100000,
        "Rarity": 5,
        "Purchasable": true,
        "Manufacturer": "",
        "Model": "",
        "UIName": "Victor",
        "Id": "chassisdef_victor_VTR-9S",
        "Name": "Victor",
        "Details": "The Victor 9S trades some of its already subpar armor to mount more weaponry. It's terrifying for enemy forces to see this 'Mech rocketing over a hill to unleash its considerable firepower, but it also needs to really worry about any return fire.",
        "Icon": "uixTxrIcon_victor"
    },
    "MovementCapDefID": "movedef_victor_VTR-9B",
    "PathingCapDefID": "pathingdef_assault",
    "HardpointDataDefID": "hardpointdatadef_victor",
    "PrefabIdentifier": "chrPrfMech_victorBase-001",
    "PrefabBase": "victor",
    "Tonnage": 80,
    "InitialTonnage": 37.5,
    "weightClass": "ASSAULT",
    "BattleValue": 8924000,
    "Heatsinks": 0,
    "TopSpeed": 120,
    "TurnRadius": 90,
    "MaxJumpjets": 4,
    "Stability": 200,
    "StabilityDefenses": [
        0,
        0,
        0,
        0,
        0,
        0
    ],
    "SpotterDistanceMultiplier": 1,
    "VisibilityMultiplier": 1,
    "SensorRangeMultiplier": 1,
    "Signature": 0,
    "Radius": 8,
    "PunchesWithLeftArm": true,
    "MeleeDamage": 100,
    "MeleeInstability": 80,
    "MeleeToHitModifier": 0,
    "DFADamage": 100,
    "DFAToHitModifier": 0,
    "DFASelfDamage": 100,
    "DFAInstability": 100,
    "Locations": [
        {
            "Location": "Head",
            "Hardpoints": [],
            "Tonnage": 0,
            "InventorySlots": 1,
            "MaxArmor": 45,
            "MaxRearArmor": -1,
            "InternalStructure": 16
        },
        {
            "Location": "LeftArm",
            "Hardpoints": [
                {
                    "WeaponMount": "Energy",
                    "Omni": false
                },
                {
                    "WeaponMount": "Energy",
                    "Omni": false
                },
                {
                    "WeaponMount": "AntiPersonnel",
                    "Omni": false
                }
            ],
            "Tonnage": 0,
            "InventorySlots": 8,
            "MaxArmor": 130,
            "MaxRearArmor": -1,
            "InternalStructure": 65
        },
        {
            "Location": "LeftTorso",
            "Hardpoints": [
                {
                    "WeaponMount": "Missile",
                    "Omni": false
                },
                {
                    "WeaponMount": "Missile",
                    "Omni": false
                },
                {
                    "WeaponMount": "Missile",
                    "Omni": false
                }
            ],
            "Tonnage": 0,
            "InventorySlots": 10,
            "MaxArmor": 170,
            "MaxRearArmor": 85,
            "InternalStructure": 85
        },
        {
            "Location": "CenterTorso",
            "Hardpoints": [],
            "Tonnage": 0,
            "InventorySlots": 4,
            "MaxArmor": 250,
            "MaxRearArmor": 125,
            "InternalStructure": 125
        },
        {
            "Location": "RightTorso",
            "Hardpoints": [],
            "Tonnage": 0,
            "InventorySlots": 10,
            "MaxArmor": 170,
            "MaxRearArmor": 85,
            "InternalStructure": 85
        },
        {
            "Location": "RightArm",
            "Hardpoints": [
                {
                    "WeaponMount": "Ballistic",
                    "Omni": false
                },
                {
                    "WeaponMount": "Ballistic",
                    "Omni": false
                }
            ],
            "Tonnage": 0,
            "InventorySlots": 8,
            "MaxArmor": 130,
            "MaxRearArmor": -1,
            "InternalStructure": 65
        },
        {
            "Location": "LeftLeg",
            "Hardpoints": [],
            "Tonnage": 0,
            "InventorySlots": 4,
            "MaxArmor": 170,
            "MaxRearArmor": -1,
            "InternalStructure": 85
        },
        {
            "Location": "RightLeg",
            "Hardpoints": [],
            "Tonnage": 0,
            "InventorySlots": 4,
            "MaxArmor": 170,
            "MaxRearArmor": -1,
            "InternalStructure": 85
        }
    ],
    "LOSSourcePositions": [
        {
            "x": 0,
            "y": 17,
            "z": 0
        },
        {
            "x": 5,
            "y": 16,
            "z": -1
        },
        {
            "x": -5,
            "y": 16,
            "z": -1
        }
    ],
    "LOSTargetPositions": [
        {
            "x": 0,
            "y": 17,
            "z": 0
        },
        {
            "x": 5,
            "y": 16,
            "z": -1
        },
        {
            "x": -5,
            "y": 16,
            "z": -1
        },
        {
            "x": 3.5,
            "y": 5.5,
            "z": 1
        },
        {
            "x": -3.5,
            "y": 5.5,
            "z": 1
        }
    ],
    "VariantName": "VTR-9S",
    "ChassisTags": {
        "items": [],
        "tagSetSourceFile": ""
    },
    "StockRole": "Heavy Cavalry & Close Assault",
    "YangsThoughts": "The Victor 9S trades some of its already subpar armor to mount more weaponry. It's terrifying for enemy forces to see this 'Mech rocketing over a hill to unleash its considerable firepower, but it also needs to really worry about any return fire."
}