{
    "Description": {
        "Cost": 18500000,
        "Rarity": 5,
        "Purchasable": false,
        "Manufacturer": "",
        "Model": "",
        "UIName": "Atlas II",
        "Id": "chassisdef_atlas_AS7-D-HT",
        "Name": "Atlas II",
        "Details": "Known as the 'Atlas II,' the D-HT model carries more Energy weaponry and usually a lighter, more flexible Autocannon. It still has unbelievable protection and the same crushing Melee ability as other Atlas models.",
        "Icon": "uixTxrIcon_atlas"
    },
    "MovementCapDefID": "movedef_atlas_AS7-D",
    "PathingCapDefID": "pathingdef_assault",
    "HardpointDataDefID": "hardpointdatadef_atlas",
    "PrefabIdentifier": "chrPrfMech_atlasBase-001",
    "PrefabBase": "atlas",
    "Tonnage": 100,
    "InitialTonnage": 22,
    "weightClass": "ASSAULT",
    "BattleValue": 10581000,
    "Heatsinks": 0,
    "TopSpeed": 60,
    "TurnRadius": 90,
    "MaxJumpjets": 3,
    "Stability": 200,
    "StabilityDefenses": [
        0,
        0,
        0,
        0,
        0,
        0
    ],
    "SpotterDistanceMultiplier": 1,
    "VisibilityMultiplier": 1,
    "SensorRangeMultiplier": 1,
    "Signature": 0,
    "Radius": 8,
    "PunchesWithLeftArm": false,
    "MeleeDamage": 140,
    "MeleeInstability": 100,
    "MeleeToHitModifier": 0,
    "DFADamage": 125,
    "DFAToHitModifier": 0,
    "DFASelfDamage": 125,
    "DFAInstability": 125,
    "Locations": [
        {
            "Location": "Head",
            "Hardpoints": [],
            "Tonnage": 0,
            "InventorySlots": 1,
            "MaxArmor": 45,
            "MaxRearArmor": -1,
            "InternalStructure": 16
        },
        {
            "Location": "LeftArm",
            "Hardpoints": [
                {
                    "WeaponMount": "Energy",
                    "Omni": false
                },
                {
                    "WeaponMount": "Energy",
                    "Omni": false
                },
                {
                    "WeaponMount": "AntiPersonnel",
                    "Omni": false
                }
            ],
            "Tonnage": 0,
            "InventorySlots": 8,
            "MaxArmor": 170,
            "MaxRearArmor": -1,
            "InternalStructure": 85
        },
        {
            "Location": "LeftTorso",
            "Hardpoints": [
                {
                    "WeaponMount": "Missile",
                    "Omni": false
                },
                {
                    "WeaponMount": "Missile",
                    "Omni": false
                }
            ],
            "Tonnage": 0,
            "InventorySlots": 10,
            "MaxArmor": 210,
            "MaxRearArmor": 105,
            "InternalStructure": 105
        },
        {
            "Location": "CenterTorso",
            "Hardpoints": [
                {
                    "WeaponMount": "Energy",
                    "Omni": false
                },
                {
                    "WeaponMount": "Energy",
                    "Omni": false
                },
                {
                    "WeaponMount": "AntiPersonnel",
                    "Omni": false
                },
                {
                    "WeaponMount": "AntiPersonnel",
                    "Omni": false
                }
            ],
            "Tonnage": 0,
            "InventorySlots": 4,
            "MaxArmor": 320,
            "MaxRearArmor": 160,
            "InternalStructure": 160
        },
        {
            "Location": "RightTorso",
            "Hardpoints": [
                {
                    "WeaponMount": "Ballistic",
                    "Omni": false
                },
                {
                    "WeaponMount": "Ballistic",
                    "Omni": false
                }
            ],
            "Tonnage": 0,
            "InventorySlots": 10,
            "MaxArmor": 210,
            "MaxRearArmor": 105,
            "InternalStructure": 105
        },
        {
            "Location": "RightArm",
            "Hardpoints": [
                {
                    "WeaponMount": "Energy",
                    "Omni": false
                },
                {
                    "WeaponMount": "Energy",
                    "Omni": false
                },
                {
                    "WeaponMount": "AntiPersonnel",
                    "Omni": false
                }
            ],
            "Tonnage": 0,
            "InventorySlots": 8,
            "MaxArmor": 170,
            "MaxRearArmor": -1,
            "InternalStructure": 85
        },
        {
            "Location": "LeftLeg",
            "Hardpoints": [],
            "Tonnage": 0,
            "InventorySlots": 4,
            "MaxArmor": 210,
            "MaxRearArmor": -1,
            "InternalStructure": 105
        },
        {
            "Location": "RightLeg",
            "Hardpoints": [],
            "Tonnage": 0,
            "InventorySlots": 4,
            "MaxArmor": 210,
            "MaxRearArmor": -1,
            "InternalStructure": 105
        }
    ],
    "LOSSourcePositions": [
        {
            "x": 0,
            "y": 17,
            "z": 0
        },
        {
            "x": 5,
            "y": 16,
            "z": -1
        },
        {
            "x": -5,
            "y": 16,
            "z": -1
        }
    ],
    "LOSTargetPositions": [
        {
            "x": 0,
            "y": 17,
            "z": 0
        },
        {
            "x": 5,
            "y": 16,
            "z": -1
        },
        {
            "x": -5,
            "y": 16,
            "z": -1
        },
        {
            "x": 3.5,
            "y": 5.5,
            "z": 1
        },
        {
            "x": -3.5,
            "y": 5.5,
            "z": 1
        }
    ],
    "VariantName": "AS7-D-HT",
    "ChassisTags": {
        "items": [],
        "tagSetSourceFile": ""
    },
    "StockRole": "Juggernaut & Close Assault",
    "YangsThoughts": "Known as the 'Atlas II,' the D-HT model carries more Energy weaponry and usually a lighter, more flexible Autocannon. It still has unbelievable protection and the same crushing Melee ability as other Atlas models."
}