{
	"Description" : {
		"Id" : "TraitDefMinRangeReduce90",
		"Name" : "Reduced Min. Range",
		"Details" : "PASSIVE: 'Mechs piloted by this MechWarrior have their minimum weapon ranges reduced by 45m.",
		"Icon" : "uixSvgIcon_ability_mastertactician"
	},
	"Type" : "MinimumRange",
	"ShortDesc" : "- 90m Minimum Range ",
    "DisplayParams" : "ShowInPilotToolTip",
	"ActivationTime" : "Passive",
	"EffectData" :
	[
		{
			"durationData" :
			{
				"duration" : -1
			},
			"targetingData" : 
			{
				"effectTriggerType" : "OnActivation",
				"effectTargetType" : "Creator"
			},
			"effectType" : "StatisticEffect",
			"Description" :
			{
				"Id" : "TraitDefIndirectReduceOne",
				"Name" : "Reduced Min. Range",
				"Details" : "Minimum weapon ranges reduced by 45m",
				"Icon" : "uixSvgIcon_ability_mastertactician"
			},
			"statisticData" : 
			{
				"targetCollection" : "Weapon",
				"statName" : "MinRange",
				"operation" : "Float_Add",
				"modValue" : "-45.0",
				"modType" : "System.Single"
			}
		}
	]
}
