{
	"Description" : {
		"Id" : "TraitDefIndirectReduceOne",
		"Name" : "Improved Indirect Fire",
		"Details" : "PASSIVE: 'Mechs piloted by this MechWarrior have their indirect fire penalties reduced by 1.",
		"Icon" : "uixSvgIcon_ability_mastertactician"
	},
	"Type" : "IndirectBonus",
	"ShortDesc" : "-1 Indirect Fire Penalty",
    "DisplayParams" : "ShowInPilotToolTip",
	"ActivationTime" : "Passive",
	"EffectData" :
	[
		{
			"durationData" :
			{
				"duration" : -1
			},
			"targetingData" : 
			{
				"effectTriggerType" : "OnActivation",
				"effectTargetType" : "Creator"
			},
			"effectType" : "StatisticEffect",
			"Description" :
			{
				"Id" : "TraitDefIndirectReduceOne",
				"Name" : "Improved Indirect Fire",
				"Details" : "Indirect fire penalties reduced by 1",
				"Icon" : "uixSvgIcon_ability_mastertactician"
			},
			"statisticData" : 
			{
				"statName" : "ToHitIndirectModifier",
				"operation" : "Float_Add",
				"modValue" : "-1.0",
				"modType" : "System.Single"
			}
		}
	]
}
